Information: Updating design information... (UID-85)
Warning: Design 'riscvsingle' contains 1 high-fanout nets. A fanout number of 1000 will be used for delay calculations involving these nets. (TIM-134)
Information: Timing loop detected. (OPT-150)
	q_reg[31]/QN q_reg[31]/Q 
Information: Timing loop detected. (OPT-150)
	q_reg[31]/QN q_reg[31]/Q 
Warning: Disabling timing arc between pins 'Q' and 'QN' on cell 'q_reg[31]'
         to break a timing loop. (OPT-314)
Warning: Disabling timing arc between pins 'Q' and 'QN' on cell 'q_reg[31]'
         to break a timing loop. (OPT-314)
Warning: Disabling timing arc between pins 'Q' and 'QN' on cell 'q_reg[30]'
         to break a timing loop. (OPT-314)
Warning: Disabling timing arc between pins 'Q' and 'QN' on cell 'q_reg[30]'
         to break a timing loop. (OPT-314)
Warning: Disabling timing arc between pins 'Q' and 'QN' on cell 'q_reg[29]'
         to break a timing loop. (OPT-314)
Warning: Disabling timing arc between pins 'Q' and 'QN' on cell 'q_reg[29]'
         to break a timing loop. (OPT-314)
Warning: Disabling timing arc between pins 'Q' and 'QN' on cell 'q_reg[28]'
         to break a timing loop. (OPT-314)
Warning: Disabling timing arc between pins 'Q' and 'QN' on cell 'q_reg[28]'
         to break a timing loop. (OPT-314)
Warning: Disabling timing arc between pins 'Q' and 'QN' on cell 'q_reg[27]'
         to break a timing loop. (OPT-314)
Warning: Disabling timing arc between pins 'Q' and 'QN' on cell 'q_reg[27]'
         to break a timing loop. (OPT-314)
Warning: Disabling timing arc between pins 'Q' and 'QN' on cell 'q_reg[26]'
         to break a timing loop. (OPT-314)
Warning: Disabling timing arc between pins 'Q' and 'QN' on cell 'q_reg[26]'
         to break a timing loop. (OPT-314)
Warning: Disabling timing arc between pins 'Q' and 'QN' on cell 'q_reg[25]'
         to break a timing loop. (OPT-314)
Warning: Disabling timing arc between pins 'Q' and 'QN' on cell 'q_reg[25]'
         to break a timing loop. (OPT-314)
Warning: Disabling timing arc between pins 'Q' and 'QN' on cell 'q_reg[24]'
         to break a timing loop. (OPT-314)
Warning: Disabling timing arc between pins 'Q' and 'QN' on cell 'q_reg[24]'
         to break a timing loop. (OPT-314)
Warning: Disabling timing arc between pins 'Q' and 'QN' on cell 'q_reg[23]'
         to break a timing loop. (OPT-314)
Warning: Disabling timing arc between pins 'Q' and 'QN' on cell 'q_reg[23]'
         to break a timing loop. (OPT-314)
Warning: Disabling timing arc between pins 'Q' and 'QN' on cell 'q_reg[22]'
         to break a timing loop. (OPT-314)
Warning: Disabling timing arc between pins 'Q' and 'QN' on cell 'q_reg[22]'
         to break a timing loop. (OPT-314)
Warning: Disabling timing arc between pins 'Q' and 'QN' on cell 'q_reg[21]'
         to break a timing loop. (OPT-314)
Warning: Disabling timing arc between pins 'Q' and 'QN' on cell 'q_reg[21]'
         to break a timing loop. (OPT-314)
Warning: Disabling timing arc between pins 'Q' and 'QN' on cell 'q_reg[20]'
         to break a timing loop. (OPT-314)
Warning: Disabling timing arc between pins 'Q' and 'QN' on cell 'q_reg[20]'
         to break a timing loop. (OPT-314)
Warning: Disabling timing arc between pins 'Q' and 'QN' on cell 'q_reg[19]'
         to break a timing loop. (OPT-314)
Warning: Disabling timing arc between pins 'Q' and 'QN' on cell 'q_reg[19]'
         to break a timing loop. (OPT-314)
Warning: Disabling timing arc between pins 'Q' and 'QN' on cell 'q_reg[18]'
         to break a timing loop. (OPT-314)
Warning: Disabling timing arc between pins 'Q' and 'QN' on cell 'q_reg[18]'
         to break a timing loop. (OPT-314)
Warning: Disabling timing arc between pins 'Q' and 'QN' on cell 'q_reg[17]'
         to break a timing loop. (OPT-314)
Warning: Disabling timing arc between pins 'Q' and 'QN' on cell 'q_reg[17]'
         to break a timing loop. (OPT-314)
Warning: Disabling timing arc between pins 'Q' and 'QN' on cell 'q_reg[16]'
         to break a timing loop. (OPT-314)
Warning: Disabling timing arc between pins 'Q' and 'QN' on cell 'q_reg[16]'
         to break a timing loop. (OPT-314)
Warning: Disabling timing arc between pins 'Q' and 'QN' on cell 'q_reg[15]'
         to break a timing loop. (OPT-314)
Warning: Disabling timing arc between pins 'Q' and 'QN' on cell 'q_reg[15]'
         to break a timing loop. (OPT-314)
Warning: Disabling timing arc between pins 'Q' and 'QN' on cell 'q_reg[14]'
         to break a timing loop. (OPT-314)
Warning: Disabling timing arc between pins 'Q' and 'QN' on cell 'q_reg[14]'
         to break a timing loop. (OPT-314)
Warning: Disabling timing arc between pins 'Q' and 'QN' on cell 'q_reg[13]'
         to break a timing loop. (OPT-314)
Warning: Disabling timing arc between pins 'Q' and 'QN' on cell 'q_reg[13]'
         to break a timing loop. (OPT-314)
Warning: Disabling timing arc between pins 'Q' and 'QN' on cell 'q_reg[12]'
         to break a timing loop. (OPT-314)
Warning: Disabling timing arc between pins 'Q' and 'QN' on cell 'q_reg[12]'
         to break a timing loop. (OPT-314)
Warning: Disabling timing arc between pins 'Q' and 'QN' on cell 'q_reg[11]'
         to break a timing loop. (OPT-314)
Warning: Disabling timing arc between pins 'Q' and 'QN' on cell 'q_reg[11]'
         to break a timing loop. (OPT-314)
Warning: Disabling timing arc between pins 'Q' and 'QN' on cell 'q_reg[10]'
         to break a timing loop. (OPT-314)
Warning: Disabling timing arc between pins 'Q' and 'QN' on cell 'q_reg[10]'
         to break a timing loop. (OPT-314)
Warning: Disabling timing arc between pins 'Q' and 'QN' on cell 'q_reg[9]'
         to break a timing loop. (OPT-314)
Warning: Disabling timing arc between pins 'Q' and 'QN' on cell 'q_reg[9]'
         to break a timing loop. (OPT-314)
Warning: Disabling timing arc between pins 'Q' and 'QN' on cell 'q_reg[8]'
         to break a timing loop. (OPT-314)
Warning: Disabling timing arc between pins 'Q' and 'QN' on cell 'q_reg[8]'
         to break a timing loop. (OPT-314)
Warning: Disabling timing arc between pins 'Q' and 'QN' on cell 'q_reg[7]'
         to break a timing loop. (OPT-314)
Warning: Disabling timing arc between pins 'Q' and 'QN' on cell 'q_reg[7]'
         to break a timing loop. (OPT-314)
Warning: Disabling timing arc between pins 'Q' and 'QN' on cell 'q_reg[6]'
         to break a timing loop. (OPT-314)
Warning: Disabling timing arc between pins 'Q' and 'QN' on cell 'q_reg[6]'
         to break a timing loop. (OPT-314)
Warning: Disabling timing arc between pins 'Q' and 'QN' on cell 'q_reg[5]'
         to break a timing loop. (OPT-314)
Warning: Disabling timing arc between pins 'Q' and 'QN' on cell 'q_reg[5]'
         to break a timing loop. (OPT-314)
Warning: Disabling timing arc between pins 'Q' and 'QN' on cell 'q_reg[4]'
         to break a timing loop. (OPT-314)
Warning: Disabling timing arc between pins 'Q' and 'QN' on cell 'q_reg[4]'
         to break a timing loop. (OPT-314)
Warning: Disabling timing arc between pins 'Q' and 'QN' on cell 'q_reg[3]'
         to break a timing loop. (OPT-314)
Warning: Disabling timing arc between pins 'Q' and 'QN' on cell 'q_reg[3]'
         to break a timing loop. (OPT-314)
Warning: Disabling timing arc between pins 'Q' and 'QN' on cell 'q_reg[2]'
         to break a timing loop. (OPT-314)
Warning: Disabling timing arc between pins 'Q' and 'QN' on cell 'q_reg[2]'
         to break a timing loop. (OPT-314)
Warning: Disabling timing arc between pins 'Q' and 'QN' on cell 'q_reg[1]'
         to break a timing loop. (OPT-314)
Warning: Disabling timing arc between pins 'Q' and 'QN' on cell 'q_reg[1]'
         to break a timing loop. (OPT-314)
Warning: Disabling timing arc between pins 'Q' and 'QN' on cell 'q_reg[0]'
         to break a timing loop. (OPT-314)
Warning: Disabling timing arc between pins 'Q' and 'QN' on cell 'q_reg[0]'
         to break a timing loop. (OPT-314)
Warning: Disabling timing arc between pins 'Q' and 'QN' on cell 'rf_reg[16][31]'
         to break a timing loop. (OPT-314)
Warning: Disabling timing arc between pins 'Q' and 'QN' on cell 'rf_reg[16][31]'
         to break a timing loop. (OPT-314)
Warning: Disabling timing arc between pins 'Q' and 'QN' on cell 'rf_reg[5][31]'
         to break a timing loop. (OPT-314)
Warning: Disabling timing arc between pins 'Q' and 'QN' on cell 'rf_reg[5][31]'
         to break a timing loop. (OPT-314)
Warning: Disabling timing arc between pins 'Q' and 'QN' on cell 'rf_reg[1][31]'
         to break a timing loop. (OPT-314)
Warning: Disabling timing arc between pins 'Q' and 'QN' on cell 'rf_reg[1][31]'
         to break a timing loop. (OPT-314)
Warning: Disabling timing arc between pins 'Q' and 'QN' on cell 'rf_reg[3][31]'
         to break a timing loop. (OPT-314)
Warning: Disabling timing arc between pins 'Q' and 'QN' on cell 'rf_reg[3][31]'
         to break a timing loop. (OPT-314)
Warning: Disabling timing arc between pins 'Q' and 'QN' on cell 'rf_reg[30][31]'
         to break a timing loop. (OPT-314)
Warning: Disabling timing arc between pins 'Q' and 'QN' on cell 'rf_reg[30][31]'
         to break a timing loop. (OPT-314)
Warning: Disabling timing arc between pins 'Q' and 'QN' on cell 'rf_reg[4][31]'
         to break a timing loop. (OPT-314)
Warning: Disabling timing arc between pins 'Q' and 'QN' on cell 'rf_reg[4][31]'
         to break a timing loop. (OPT-314)
Warning: Disabling timing arc between pins 'Q' and 'QN' on cell 'rf_reg[15][31]'
         to break a timing loop. (OPT-314)
Warning: Disabling timing arc between pins 'Q' and 'QN' on cell 'rf_reg[15][31]'
         to break a timing loop. (OPT-314)
Warning: Disabling timing arc between pins 'Q' and 'QN' on cell 'rf_reg[12][31]'
         to break a timing loop. (OPT-314)
Warning: Disabling timing arc between pins 'Q' and 'QN' on cell 'rf_reg[12][31]'
         to break a timing loop. (OPT-314)
Warning: Disabling timing arc between pins 'Q' and 'QN' on cell 'rf_reg[31][31]'
         to break a timing loop. (OPT-314)
Warning: Disabling timing arc between pins 'Q' and 'QN' on cell 'rf_reg[31][31]'
         to break a timing loop. (OPT-314)
Warning: Disabling timing arc between pins 'Q' and 'QN' on cell 'rf_reg[27][31]'
         to break a timing loop. (OPT-314)
Warning: Disabling timing arc between pins 'Q' and 'QN' on cell 'rf_reg[27][31]'
         to break a timing loop. (OPT-314)
Warning: Disabling timing arc between pins 'Q' and 'QN' on cell 'rf_reg[26][31]'
         to break a timing loop. (OPT-314)
Warning: Disabling timing arc between pins 'Q' and 'QN' on cell 'rf_reg[26][31]'
         to break a timing loop. (OPT-314)
Warning: Disabling timing arc between pins 'Q' and 'QN' on cell 'rf_reg[19][31]'
         to break a timing loop. (OPT-314)
Warning: Disabling timing arc between pins 'Q' and 'QN' on cell 'rf_reg[19][31]'
         to break a timing loop. (OPT-314)
Warning: Disabling timing arc between pins 'Q' and 'QN' on cell 'rf_reg[25][31]'
         to break a timing loop. (OPT-314)
Warning: Disabling timing arc between pins 'Q' and 'QN' on cell 'rf_reg[25][31]'
         to break a timing loop. (OPT-314)
Warning: Disabling timing arc between pins 'Q' and 'QN' on cell 'rf_reg[23][31]'
         to break a timing loop. (OPT-314)
Warning: Disabling timing arc between pins 'Q' and 'QN' on cell 'rf_reg[23][31]'
         to break a timing loop. (OPT-314)
Warning: Disabling timing arc between pins 'Q' and 'QN' on cell 'rf_reg[21][31]'
         to break a timing loop. (OPT-314)
Warning: Disabling timing arc between pins 'Q' and 'QN' on cell 'rf_reg[21][31]'
         to break a timing loop. (OPT-314)
Warning: Disabling timing arc between pins 'Q' and 'QN' on cell 'rf_reg[2][31]'
         to break a timing loop. (OPT-314)
Warning: Disabling timing arc between pins 'Q' and 'QN' on cell 'rf_reg[2][31]'
         to break a timing loop. (OPT-314)
Warning: Disabling timing arc between pins 'Q' and 'QN' on cell 'rf_reg[8][31]'
         to break a timing loop. (OPT-314)
Warning: Disabling timing arc between pins 'Q' and 'QN' on cell 'rf_reg[8][31]'
         to break a timing loop. (OPT-314)
Warning: Disabling timing arc between pins 'Q' and 'QN' on cell 'rf_reg[11][31]'
         to break a timing loop. (OPT-314)
Warning: Disabling timing arc between pins 'Q' and 'QN' on cell 'rf_reg[11][31]'
         to break a timing loop. (OPT-314)
Warning: Disabling timing arc between pins 'Q' and 'QN' on cell 'rf_reg[24][31]'
         to break a timing loop. (OPT-314)
Warning: Disabling timing arc between pins 'Q' and 'QN' on cell 'rf_reg[24][31]'
         to break a timing loop. (OPT-314)
Warning: Disabling timing arc between pins 'Q' and 'QN' on cell 'rf_reg[22][31]'
         to break a timing loop. (OPT-314)
Warning: Disabling timing arc between pins 'Q' and 'QN' on cell 'rf_reg[22][31]'
         to break a timing loop. (OPT-314)
Warning: Disabling timing arc between pins 'Q' and 'QN' on cell 'rf_reg[6][31]'
         to break a timing loop. (OPT-314)
Warning: Disabling timing arc between pins 'Q' and 'QN' on cell 'rf_reg[6][31]'
         to break a timing loop. (OPT-314)
Warning: Disabling timing arc between pins 'Q' and 'QN' on cell 'rf_reg[13][31]'
         to break a timing loop. (OPT-314)
Warning: Disabling timing arc between pins 'Q' and 'QN' on cell 'rf_reg[13][31]'
         to break a timing loop. (OPT-314)
Warning: Disabling timing arc between pins 'Q' and 'QN' on cell 'rf_reg[9][31]'
         to break a timing loop. (OPT-314)
Warning: Disabling timing arc between pins 'Q' and 'QN' on cell 'rf_reg[9][31]'
         to break a timing loop. (OPT-314)
Warning: Disabling timing arc between pins 'Q' and 'QN' on cell 'rf_reg[10][31]'
         to break a timing loop. (OPT-314)
Warning: Disabling timing arc between pins 'Q' and 'QN' on cell 'rf_reg[10][31]'
         to break a timing loop. (OPT-314)
Warning: Disabling timing arc between pins 'Q' and 'QN' on cell 'rf_reg[17][31]'
         to break a timing loop. (OPT-314)
Warning: Disabling timing arc between pins 'Q' and 'QN' on cell 'rf_reg[17][31]'
         to break a timing loop. (OPT-314)
Warning: Disabling timing arc between pins 'Q' and 'QN' on cell 'rf_reg[28][31]'
         to break a timing loop. (OPT-314)
Warning: Disabling timing arc between pins 'Q' and 'QN' on cell 'rf_reg[28][31]'
         to break a timing loop. (OPT-314)
Warning: Disabling timing arc between pins 'Q' and 'QN' on cell 'rf_reg[20][31]'
         to break a timing loop. (OPT-314)
Warning: Disabling timing arc between pins 'Q' and 'QN' on cell 'rf_reg[20][31]'
         to break a timing loop. (OPT-314)
Warning: Disabling timing arc between pins 'Q' and 'QN' on cell 'rf_reg[29][31]'
         to break a timing loop. (OPT-314)
Warning: Disabling timing arc between pins 'Q' and 'QN' on cell 'rf_reg[29][31]'
         to break a timing loop. (OPT-314)
Warning: Disabling timing arc between pins 'Q' and 'QN' on cell 'rf_reg[18][31]'
         to break a timing loop. (OPT-314)
Warning: Disabling timing arc between pins 'Q' and 'QN' on cell 'rf_reg[18][31]'
         to break a timing loop. (OPT-314)
Warning: Disabling timing arc between pins 'Q' and 'QN' on cell 'rf_reg[14][31]'
         to break a timing loop. (OPT-314)
Warning: Disabling timing arc between pins 'Q' and 'QN' on cell 'rf_reg[14][31]'
         to break a timing loop. (OPT-314)
Warning: Disabling timing arc between pins 'Q' and 'QN' on cell 'rf_reg[7][31]'
         to break a timing loop. (OPT-314)
Warning: Disabling timing arc between pins 'Q' and 'QN' on cell 'rf_reg[7][31]'
         to break a timing loop. (OPT-314)
Warning: Disabling timing arc between pins 'Q' and 'QN' on cell 'rf_reg[25][1]'
         to break a timing loop. (OPT-314)
Warning: Disabling timing arc between pins 'Q' and 'QN' on cell 'rf_reg[25][1]'
         to break a timing loop. (OPT-314)
Warning: Disabling timing arc between pins 'Q' and 'QN' on cell 'rf_reg[10][1]'
         to break a timing loop. (OPT-314)
Warning: Disabling timing arc between pins 'Q' and 'QN' on cell 'rf_reg[10][1]'
         to break a timing loop. (OPT-314)
Warning: Disabling timing arc between pins 'Q' and 'QN' on cell 'rf_reg[11][1]'
         to break a timing loop. (OPT-314)
Warning: Disabling timing arc between pins 'Q' and 'QN' on cell 'rf_reg[11][1]'
         to break a timing loop. (OPT-314)
Warning: Disabling timing arc between pins 'Q' and 'QN' on cell 'rf_reg[3][1]'
         to break a timing loop. (OPT-314)
Warning: Disabling timing arc between pins 'Q' and 'QN' on cell 'rf_reg[3][1]'
         to break a timing loop. (OPT-314)
Warning: Disabling timing arc between pins 'Q' and 'QN' on cell 'rf_reg[18][1]'
         to break a timing loop. (OPT-314)
Warning: Disabling timing arc between pins 'Q' and 'QN' on cell 'rf_reg[18][1]'
         to break a timing loop. (OPT-314)
Warning: Disabling timing arc between pins 'Q' and 'QN' on cell 'rf_reg[6][1]'
         to break a timing loop. (OPT-314)
Warning: Disabling timing arc between pins 'Q' and 'QN' on cell 'rf_reg[6][1]'
         to break a timing loop. (OPT-314)
Warning: Disabling timing arc between pins 'Q' and 'QN' on cell 'rf_reg[15][1]'
         to break a timing loop. (OPT-314)
Warning: Disabling timing arc between pins 'Q' and 'QN' on cell 'rf_reg[15][1]'
         to break a timing loop. (OPT-314)
Warning: Disabling timing arc between pins 'Q' and 'QN' on cell 'rf_reg[22][1]'
         to break a timing loop. (OPT-314)
Warning: Disabling timing arc between pins 'Q' and 'QN' on cell 'rf_reg[22][1]'
         to break a timing loop. (OPT-314)
Warning: Disabling timing arc between pins 'Q' and 'QN' on cell 'rf_reg[2][1]'
         to break a timing loop. (OPT-314)
Warning: Disabling timing arc between pins 'Q' and 'QN' on cell 'rf_reg[2][1]'
         to break a timing loop. (OPT-314)
Warning: Disabling timing arc between pins 'Q' and 'QN' on cell 'rf_reg[5][1]'
         to break a timing loop. (OPT-314)
Warning: Disabling timing arc between pins 'Q' and 'QN' on cell 'rf_reg[5][1]'
         to break a timing loop. (OPT-314)
Warning: Disabling timing arc between pins 'Q' and 'QN' on cell 'rf_reg[23][1]'
         to break a timing loop. (OPT-314)
Warning: Disabling timing arc between pins 'Q' and 'QN' on cell 'rf_reg[23][1]'
         to break a timing loop. (OPT-314)
Warning: Disabling timing arc between pins 'Q' and 'QN' on cell 'rf_reg[1][1]'
         to break a timing loop. (OPT-314)
Warning: Disabling timing arc between pins 'Q' and 'QN' on cell 'rf_reg[1][1]'
         to break a timing loop. (OPT-314)
Warning: Disabling timing arc between pins 'Q' and 'QN' on cell 'rf_reg[26][1]'
         to break a timing loop. (OPT-314)
Warning: Disabling timing arc between pins 'Q' and 'QN' on cell 'rf_reg[26][1]'
         to break a timing loop. (OPT-314)
Warning: Disabling timing arc between pins 'Q' and 'QN' on cell 'rf_reg[8][1]'
         to break a timing loop. (OPT-314)
Warning: Disabling timing arc between pins 'Q' and 'QN' on cell 'rf_reg[8][1]'
         to break a timing loop. (OPT-314)
Warning: Disabling timing arc between pins 'Q' and 'QN' on cell 'rf_reg[9][1]'
         to break a timing loop. (OPT-314)
Warning: Disabling timing arc between pins 'Q' and 'QN' on cell 'rf_reg[9][1]'
         to break a timing loop. (OPT-314)
Warning: Disabling timing arc between pins 'Q' and 'QN' on cell 'rf_reg[14][1]'
         to break a timing loop. (OPT-314)
Warning: Disabling timing arc between pins 'Q' and 'QN' on cell 'rf_reg[14][1]'
         to break a timing loop. (OPT-314)
Warning: Disabling timing arc between pins 'Q' and 'QN' on cell 'rf_reg[16][1]'
         to break a timing loop. (OPT-314)
Warning: Disabling timing arc between pins 'Q' and 'QN' on cell 'rf_reg[16][1]'
         to break a timing loop. (OPT-314)
Warning: Disabling timing arc between pins 'Q' and 'QN' on cell 'rf_reg[19][1]'
         to break a timing loop. (OPT-314)
Warning: Disabling timing arc between pins 'Q' and 'QN' on cell 'rf_reg[19][1]'
         to break a timing loop. (OPT-314)
Warning: Disabling timing arc between pins 'Q' and 'QN' on cell 'rf_reg[4][1]'
         to break a timing loop. (OPT-314)
Warning: Disabling timing arc between pins 'Q' and 'QN' on cell 'rf_reg[4][1]'
         to break a timing loop. (OPT-314)
Warning: Disabling timing arc between pins 'Q' and 'QN' on cell 'rf_reg[29][1]'
         to break a timing loop. (OPT-314)
Warning: Disabling timing arc between pins 'Q' and 'QN' on cell 'rf_reg[29][1]'
         to break a timing loop. (OPT-314)
Warning: Disabling timing arc between pins 'Q' and 'QN' on cell 'rf_reg[24][1]'
         to break a timing loop. (OPT-314)
Warning: Disabling timing arc between pins 'Q' and 'QN' on cell 'rf_reg[24][1]'
         to break a timing loop. (OPT-314)
Warning: Disabling timing arc between pins 'Q' and 'QN' on cell 'rf_reg[21][1]'
         to break a timing loop. (OPT-314)
Warning: Disabling timing arc between pins 'Q' and 'QN' on cell 'rf_reg[21][1]'
         to break a timing loop. (OPT-314)
Warning: Disabling timing arc between pins 'Q' and 'QN' on cell 'rf_reg[30][1]'
         to break a timing loop. (OPT-314)
Warning: Disabling timing arc between pins 'Q' and 'QN' on cell 'rf_reg[30][1]'
         to break a timing loop. (OPT-314)
Warning: Disabling timing arc between pins 'Q' and 'QN' on cell 'rf_reg[28][1]'
         to break a timing loop. (OPT-314)
Warning: Disabling timing arc between pins 'Q' and 'QN' on cell 'rf_reg[28][1]'
         to break a timing loop. (OPT-314)
Warning: Disabling timing arc between pins 'Q' and 'QN' on cell 'rf_reg[7][1]'
         to break a timing loop. (OPT-314)
Warning: Disabling timing arc between pins 'Q' and 'QN' on cell 'rf_reg[7][1]'
         to break a timing loop. (OPT-314)
Warning: Disabling timing arc between pins 'Q' and 'QN' on cell 'rf_reg[20][1]'
         to break a timing loop. (OPT-314)
Warning: Disabling timing arc between pins 'Q' and 'QN' on cell 'rf_reg[20][1]'
         to break a timing loop. (OPT-314)
Warning: Disabling timing arc between pins 'Q' and 'QN' on cell 'rf_reg[13][1]'
         to break a timing loop. (OPT-314)
Warning: Disabling timing arc between pins 'Q' and 'QN' on cell 'rf_reg[13][1]'
         to break a timing loop. (OPT-314)
Warning: Disabling timing arc between pins 'Q' and 'QN' on cell 'rf_reg[17][1]'
         to break a timing loop. (OPT-314)
Warning: Disabling timing arc between pins 'Q' and 'QN' on cell 'rf_reg[17][1]'
         to break a timing loop. (OPT-314)
Warning: Disabling timing arc between pins 'Q' and 'QN' on cell 'rf_reg[12][1]'
         to break a timing loop. (OPT-314)
Warning: Disabling timing arc between pins 'Q' and 'QN' on cell 'rf_reg[12][1]'
         to break a timing loop. (OPT-314)
Warning: Disabling timing arc between pins 'Q' and 'QN' on cell 'rf_reg[31][1]'
         to break a timing loop. (OPT-314)
Warning: Disabling timing arc between pins 'Q' and 'QN' on cell 'rf_reg[31][1]'
         to break a timing loop. (OPT-314)
Warning: Disabling timing arc between pins 'Q' and 'QN' on cell 'rf_reg[27][1]'
         to break a timing loop. (OPT-314)
Warning: Disabling timing arc between pins 'Q' and 'QN' on cell 'rf_reg[27][1]'
         to break a timing loop. (OPT-314)
Warning: Disabling timing arc between pins 'Q' and 'QN' on cell 'rf_reg[21][0]'
         to break a timing loop. (OPT-314)
Warning: Disabling timing arc between pins 'Q' and 'QN' on cell 'rf_reg[21][0]'
         to break a timing loop. (OPT-314)
Warning: Disabling timing arc between pins 'Q' and 'QN' on cell 'rf_reg[9][0]'
         to break a timing loop. (OPT-314)
Warning: Disabling timing arc between pins 'Q' and 'QN' on cell 'rf_reg[9][0]'
         to break a timing loop. (OPT-314)
Warning: Disabling timing arc between pins 'Q' and 'QN' on cell 'rf_reg[8][0]'
         to break a timing loop. (OPT-314)
Warning: Disabling timing arc between pins 'Q' and 'QN' on cell 'rf_reg[8][0]'
         to break a timing loop. (OPT-314)
Warning: Disabling timing arc between pins 'Q' and 'QN' on cell 'rf_reg[28][0]'
         to break a timing loop. (OPT-314)
Warning: Disabling timing arc between pins 'Q' and 'QN' on cell 'rf_reg[28][0]'
         to break a timing loop. (OPT-314)
Warning: Disabling timing arc between pins 'Q' and 'QN' on cell 'rf_reg[19][0]'
         to break a timing loop. (OPT-314)
Warning: Disabling timing arc between pins 'Q' and 'QN' on cell 'rf_reg[19][0]'
         to break a timing loop. (OPT-314)
Warning: Disabling timing arc between pins 'Q' and 'QN' on cell 'rf_reg[7][0]'
         to break a timing loop. (OPT-314)
Warning: Disabling timing arc between pins 'Q' and 'QN' on cell 'rf_reg[7][0]'
         to break a timing loop. (OPT-314)
Warning: Disabling timing arc between pins 'Q' and 'QN' on cell 'rf_reg[16][0]'
         to break a timing loop. (OPT-314)
Warning: Disabling timing arc between pins 'Q' and 'QN' on cell 'rf_reg[16][0]'
         to break a timing loop. (OPT-314)
Warning: Disabling timing arc between pins 'Q' and 'QN' on cell 'rf_reg[18][0]'
         to break a timing loop. (OPT-314)
Warning: Disabling timing arc between pins 'Q' and 'QN' on cell 'rf_reg[18][0]'
         to break a timing loop. (OPT-314)
Warning: Disabling timing arc between pins 'Q' and 'QN' on cell 'rf_reg[14][0]'
         to break a timing loop. (OPT-314)
Warning: Disabling timing arc between pins 'Q' and 'QN' on cell 'rf_reg[14][0]'
         to break a timing loop. (OPT-314)
Warning: Disabling timing arc between pins 'Q' and 'QN' on cell 'rf_reg[12][0]'
         to break a timing loop. (OPT-314)
Warning: Disabling timing arc between pins 'Q' and 'QN' on cell 'rf_reg[12][0]'
         to break a timing loop. (OPT-314)
Warning: Disabling timing arc between pins 'Q' and 'QN' on cell 'rf_reg[2][0]'
         to break a timing loop. (OPT-314)
Warning: Disabling timing arc between pins 'Q' and 'QN' on cell 'rf_reg[2][0]'
         to break a timing loop. (OPT-314)
Warning: Disabling timing arc between pins 'Q' and 'QN' on cell 'rf_reg[4][0]'
         to break a timing loop. (OPT-314)
Warning: Disabling timing arc between pins 'Q' and 'QN' on cell 'rf_reg[4][0]'
         to break a timing loop. (OPT-314)
Warning: Disabling timing arc between pins 'Q' and 'QN' on cell 'rf_reg[30][0]'
         to break a timing loop. (OPT-314)
Warning: Disabling timing arc between pins 'Q' and 'QN' on cell 'rf_reg[30][0]'
         to break a timing loop. (OPT-314)
Warning: Disabling timing arc between pins 'Q' and 'QN' on cell 'rf_reg[23][0]'
         to break a timing loop. (OPT-314)
Warning: Disabling timing arc between pins 'Q' and 'QN' on cell 'rf_reg[23][0]'
         to break a timing loop. (OPT-314)
Warning: Disabling timing arc between pins 'Q' and 'QN' on cell 'rf_reg[13][0]'
         to break a timing loop. (OPT-314)
Warning: Disabling timing arc between pins 'Q' and 'QN' on cell 'rf_reg[13][0]'
         to break a timing loop. (OPT-314)
Warning: Disabling timing arc between pins 'Q' and 'QN' on cell 'rf_reg[24][0]'
         to break a timing loop. (OPT-314)
Warning: Disabling timing arc between pins 'Q' and 'QN' on cell 'rf_reg[24][0]'
         to break a timing loop. (OPT-314)
Warning: Disabling timing arc between pins 'Q' and 'QN' on cell 'rf_reg[11][0]'
         to break a timing loop. (OPT-314)
Warning: Disabling timing arc between pins 'Q' and 'QN' on cell 'rf_reg[11][0]'
         to break a timing loop. (OPT-314)
Warning: Disabling timing arc between pins 'Q' and 'QN' on cell 'rf_reg[17][0]'
         to break a timing loop. (OPT-314)
Warning: Disabling timing arc between pins 'Q' and 'QN' on cell 'rf_reg[17][0]'
         to break a timing loop. (OPT-314)
Warning: Disabling timing arc between pins 'Q' and 'QN' on cell 'rf_reg[10][0]'
         to break a timing loop. (OPT-314)
Warning: Disabling timing arc between pins 'Q' and 'QN' on cell 'rf_reg[10][0]'
         to break a timing loop. (OPT-314)
Warning: Disabling timing arc between pins 'Q' and 'QN' on cell 'rf_reg[1][0]'
         to break a timing loop. (OPT-314)
Warning: Disabling timing arc between pins 'Q' and 'QN' on cell 'rf_reg[1][0]'
         to break a timing loop. (OPT-314)
Warning: Disabling timing arc between pins 'Q' and 'QN' on cell 'rf_reg[27][0]'
         to break a timing loop. (OPT-314)
Warning: Disabling timing arc between pins 'Q' and 'QN' on cell 'rf_reg[27][0]'
         to break a timing loop. (OPT-314)
Warning: Disabling timing arc between pins 'Q' and 'QN' on cell 'rf_reg[26][0]'
         to break a timing loop. (OPT-314)
Warning: Disabling timing arc between pins 'Q' and 'QN' on cell 'rf_reg[26][0]'
         to break a timing loop. (OPT-314)
Warning: Disabling timing arc between pins 'Q' and 'QN' on cell 'rf_reg[22][0]'
         to break a timing loop. (OPT-314)
Warning: Disabling timing arc between pins 'Q' and 'QN' on cell 'rf_reg[22][0]'
         to break a timing loop. (OPT-314)
Warning: Disabling timing arc between pins 'Q' and 'QN' on cell 'rf_reg[20][0]'
         to break a timing loop. (OPT-314)
Warning: Disabling timing arc between pins 'Q' and 'QN' on cell 'rf_reg[20][0]'
         to break a timing loop. (OPT-314)
Warning: Disabling timing arc between pins 'Q' and 'QN' on cell 'rf_reg[31][0]'
         to break a timing loop. (OPT-314)
Warning: Disabling timing arc between pins 'Q' and 'QN' on cell 'rf_reg[31][0]'
         to break a timing loop. (OPT-314)
Warning: Disabling timing arc between pins 'Q' and 'QN' on cell 'rf_reg[29][0]'
         to break a timing loop. (OPT-314)
Warning: Disabling timing arc between pins 'Q' and 'QN' on cell 'rf_reg[29][0]'
         to break a timing loop. (OPT-314)
Warning: Disabling timing arc between pins 'Q' and 'QN' on cell 'rf_reg[5][0]'
         to break a timing loop. (OPT-314)
Warning: Disabling timing arc between pins 'Q' and 'QN' on cell 'rf_reg[5][0]'
         to break a timing loop. (OPT-314)
Warning: Disabling timing arc between pins 'Q' and 'QN' on cell 'rf_reg[6][0]'
         to break a timing loop. (OPT-314)
Warning: Disabling timing arc between pins 'Q' and 'QN' on cell 'rf_reg[6][0]'
         to break a timing loop. (OPT-314)
Warning: Disabling timing arc between pins 'Q' and 'QN' on cell 'rf_reg[3][0]'
         to break a timing loop. (OPT-314)
Warning: Disabling timing arc between pins 'Q' and 'QN' on cell 'rf_reg[3][0]'
         to break a timing loop. (OPT-314)
Warning: Disabling timing arc between pins 'Q' and 'QN' on cell 'rf_reg[15][0]'
         to break a timing loop. (OPT-314)
Warning: Disabling timing arc between pins 'Q' and 'QN' on cell 'rf_reg[15][0]'
         to break a timing loop. (OPT-314)
Warning: Disabling timing arc between pins 'Q' and 'QN' on cell 'rf_reg[25][0]'
         to break a timing loop. (OPT-314)
Warning: Disabling timing arc between pins 'Q' and 'QN' on cell 'rf_reg[25][0]'
         to break a timing loop. (OPT-314)
Warning: Disabling timing arc between pins 'Q' and 'QN' on cell 'rf_reg[20][2]'
         to break a timing loop. (OPT-314)
Warning: Disabling timing arc between pins 'Q' and 'QN' on cell 'rf_reg[20][2]'
         to break a timing loop. (OPT-314)
Warning: Disabling timing arc between pins 'Q' and 'QN' on cell 'rf_reg[16][2]'
         to break a timing loop. (OPT-314)
Warning: Disabling timing arc between pins 'Q' and 'QN' on cell 'rf_reg[16][2]'
         to break a timing loop. (OPT-314)
Warning: Disabling timing arc between pins 'Q' and 'QN' on cell 'rf_reg[7][2]'
         to break a timing loop. (OPT-314)
Warning: Disabling timing arc between pins 'Q' and 'QN' on cell 'rf_reg[7][2]'
         to break a timing loop. (OPT-314)
Warning: Disabling timing arc between pins 'Q' and 'QN' on cell 'rf_reg[11][2]'
         to break a timing loop. (OPT-314)
Warning: Disabling timing arc between pins 'Q' and 'QN' on cell 'rf_reg[11][2]'
         to break a timing loop. (OPT-314)
Warning: Disabling timing arc between pins 'Q' and 'QN' on cell 'rf_reg[8][2]'
         to break a timing loop. (OPT-314)
Warning: Disabling timing arc between pins 'Q' and 'QN' on cell 'rf_reg[8][2]'
         to break a timing loop. (OPT-314)
Warning: Disabling timing arc between pins 'Q' and 'QN' on cell 'rf_reg[9][2]'
         to break a timing loop. (OPT-314)
Warning: Disabling timing arc between pins 'Q' and 'QN' on cell 'rf_reg[9][2]'
         to break a timing loop. (OPT-314)
Warning: Disabling timing arc between pins 'Q' and 'QN' on cell 'rf_reg[12][2]'
         to break a timing loop. (OPT-314)
Warning: Disabling timing arc between pins 'Q' and 'QN' on cell 'rf_reg[12][2]'
         to break a timing loop. (OPT-314)
Warning: Disabling timing arc between pins 'Q' and 'QN' on cell 'rf_reg[19][2]'
         to break a timing loop. (OPT-314)
Warning: Disabling timing arc between pins 'Q' and 'QN' on cell 'rf_reg[19][2]'
         to break a timing loop. (OPT-314)
Warning: Disabling timing arc between pins 'Q' and 'QN' on cell 'rf_reg[29][2]'
         to break a timing loop. (OPT-314)
Warning: Disabling timing arc between pins 'Q' and 'QN' on cell 'rf_reg[29][2]'
         to break a timing loop. (OPT-314)
Warning: Disabling timing arc between pins 'Q' and 'QN' on cell 'rf_reg[31][2]'
         to break a timing loop. (OPT-314)
Warning: Disabling timing arc between pins 'Q' and 'QN' on cell 'rf_reg[31][2]'
         to break a timing loop. (OPT-314)
Warning: Disabling timing arc between pins 'Q' and 'QN' on cell 'rf_reg[15][2]'
         to break a timing loop. (OPT-314)
Warning: Disabling timing arc between pins 'Q' and 'QN' on cell 'rf_reg[15][2]'
         to break a timing loop. (OPT-314)
Warning: Disabling timing arc between pins 'Q' and 'QN' on cell 'rf_reg[24][2]'
         to break a timing loop. (OPT-314)
Warning: Disabling timing arc between pins 'Q' and 'QN' on cell 'rf_reg[24][2]'
         to break a timing loop. (OPT-314)
Warning: Disabling timing arc between pins 'Q' and 'QN' on cell 'rf_reg[10][2]'
         to break a timing loop. (OPT-314)
Warning: Disabling timing arc between pins 'Q' and 'QN' on cell 'rf_reg[10][2]'
         to break a timing loop. (OPT-314)
Warning: Disabling timing arc between pins 'Q' and 'QN' on cell 'rf_reg[17][2]'
         to break a timing loop. (OPT-314)
Warning: Disabling timing arc between pins 'Q' and 'QN' on cell 'rf_reg[17][2]'
         to break a timing loop. (OPT-314)
Warning: Disabling timing arc between pins 'Q' and 'QN' on cell 'rf_reg[6][2]'
         to break a timing loop. (OPT-314)
Warning: Disabling timing arc between pins 'Q' and 'QN' on cell 'rf_reg[6][2]'
         to break a timing loop. (OPT-314)
Warning: Disabling timing arc between pins 'Q' and 'QN' on cell 'rf_reg[4][2]'
         to break a timing loop. (OPT-314)
Warning: Disabling timing arc between pins 'Q' and 'QN' on cell 'rf_reg[4][2]'
         to break a timing loop. (OPT-314)
Warning: Disabling timing arc between pins 'Q' and 'QN' on cell 'rf_reg[5][2]'
         to break a timing loop. (OPT-314)
Warning: Disabling timing arc between pins 'Q' and 'QN' on cell 'rf_reg[5][2]'
         to break a timing loop. (OPT-314)
Warning: Disabling timing arc between pins 'Q' and 'QN' on cell 'rf_reg[27][2]'
         to break a timing loop. (OPT-314)
Warning: Disabling timing arc between pins 'Q' and 'QN' on cell 'rf_reg[27][2]'
         to break a timing loop. (OPT-314)
Warning: Disabling timing arc between pins 'Q' and 'QN' on cell 'rf_reg[21][2]'
         to break a timing loop. (OPT-314)
Warning: Disabling timing arc between pins 'Q' and 'QN' on cell 'rf_reg[21][2]'
         to break a timing loop. (OPT-314)
Warning: Disabling timing arc between pins 'Q' and 'QN' on cell 'rf_reg[18][2]'
         to break a timing loop. (OPT-314)
Warning: Disabling timing arc between pins 'Q' and 'QN' on cell 'rf_reg[18][2]'
         to break a timing loop. (OPT-314)
Warning: Disabling timing arc between pins 'Q' and 'QN' on cell 'rf_reg[13][2]'
         to break a timing loop. (OPT-314)
Warning: Disabling timing arc between pins 'Q' and 'QN' on cell 'rf_reg[13][2]'
         to break a timing loop. (OPT-314)
Warning: Disabling timing arc between pins 'Q' and 'QN' on cell 'rf_reg[14][2]'
         to break a timing loop. (OPT-314)
Warning: Disabling timing arc between pins 'Q' and 'QN' on cell 'rf_reg[14][2]'
         to break a timing loop. (OPT-314)
Warning: Disabling timing arc between pins 'Q' and 'QN' on cell 'rf_reg[1][2]'
         to break a timing loop. (OPT-314)
Warning: Disabling timing arc between pins 'Q' and 'QN' on cell 'rf_reg[1][2]'
         to break a timing loop. (OPT-314)
Warning: Disabling timing arc between pins 'Q' and 'QN' on cell 'rf_reg[22][2]'
         to break a timing loop. (OPT-314)
Warning: Disabling timing arc between pins 'Q' and 'QN' on cell 'rf_reg[22][2]'
         to break a timing loop. (OPT-314)
Warning: Disabling timing arc between pins 'Q' and 'QN' on cell 'rf_reg[23][2]'
         to break a timing loop. (OPT-314)
Warning: Disabling timing arc between pins 'Q' and 'QN' on cell 'rf_reg[23][2]'
         to break a timing loop. (OPT-314)
Warning: Disabling timing arc between pins 'Q' and 'QN' on cell 'rf_reg[26][2]'
         to break a timing loop. (OPT-314)
Warning: Disabling timing arc between pins 'Q' and 'QN' on cell 'rf_reg[26][2]'
         to break a timing loop. (OPT-314)
Warning: Disabling timing arc between pins 'Q' and 'QN' on cell 'rf_reg[2][2]'
         to break a timing loop. (OPT-314)
Warning: Disabling timing arc between pins 'Q' and 'QN' on cell 'rf_reg[2][2]'
         to break a timing loop. (OPT-314)
Warning: Disabling timing arc between pins 'Q' and 'QN' on cell 'rf_reg[30][2]'
         to break a timing loop. (OPT-314)
Warning: Disabling timing arc between pins 'Q' and 'QN' on cell 'rf_reg[30][2]'
         to break a timing loop. (OPT-314)
Warning: Disabling timing arc between pins 'Q' and 'QN' on cell 'rf_reg[28][2]'
         to break a timing loop. (OPT-314)
Warning: Disabling timing arc between pins 'Q' and 'QN' on cell 'rf_reg[28][2]'
         to break a timing loop. (OPT-314)
Warning: Disabling timing arc between pins 'Q' and 'QN' on cell 'rf_reg[3][2]'
         to break a timing loop. (OPT-314)
Warning: Disabling timing arc between pins 'Q' and 'QN' on cell 'rf_reg[3][2]'
         to break a timing loop. (OPT-314)
Warning: Disabling timing arc between pins 'Q' and 'QN' on cell 'rf_reg[25][2]'
         to break a timing loop. (OPT-314)
Warning: Disabling timing arc between pins 'Q' and 'QN' on cell 'rf_reg[25][2]'
         to break a timing loop. (OPT-314)
Warning: Disabling timing arc between pins 'Q' and 'QN' on cell 'rf_reg[16][3]'
         to break a timing loop. (OPT-314)
Warning: Disabling timing arc between pins 'Q' and 'QN' on cell 'rf_reg[16][3]'
         to break a timing loop. (OPT-314)
Warning: Disabling timing arc between pins 'Q' and 'QN' on cell 'rf_reg[24][3]'
         to break a timing loop. (OPT-314)
Warning: Disabling timing arc between pins 'Q' and 'QN' on cell 'rf_reg[24][3]'
         to break a timing loop. (OPT-314)
Warning: Disabling timing arc between pins 'Q' and 'QN' on cell 'rf_reg[1][3]'
         to break a timing loop. (OPT-314)
Warning: Disabling timing arc between pins 'Q' and 'QN' on cell 'rf_reg[1][3]'
         to break a timing loop. (OPT-314)
Warning: Disabling timing arc between pins 'Q' and 'QN' on cell 'rf_reg[28][3]'
         to break a timing loop. (OPT-314)
Warning: Disabling timing arc between pins 'Q' and 'QN' on cell 'rf_reg[28][3]'
         to break a timing loop. (OPT-314)
Warning: Disabling timing arc between pins 'Q' and 'QN' on cell 'rf_reg[30][3]'
         to break a timing loop. (OPT-314)
Warning: Disabling timing arc between pins 'Q' and 'QN' on cell 'rf_reg[30][3]'
         to break a timing loop. (OPT-314)
Warning: Disabling timing arc between pins 'Q' and 'QN' on cell 'rf_reg[4][3]'
         to break a timing loop. (OPT-314)
Warning: Disabling timing arc between pins 'Q' and 'QN' on cell 'rf_reg[4][3]'
         to break a timing loop. (OPT-314)
Warning: Disabling timing arc between pins 'Q' and 'QN' on cell 'rf_reg[23][3]'
         to break a timing loop. (OPT-314)
Warning: Disabling timing arc between pins 'Q' and 'QN' on cell 'rf_reg[23][3]'
         to break a timing loop. (OPT-314)
Warning: Disabling timing arc between pins 'Q' and 'QN' on cell 'rf_reg[29][3]'
         to break a timing loop. (OPT-314)
Warning: Disabling timing arc between pins 'Q' and 'QN' on cell 'rf_reg[29][3]'
         to break a timing loop. (OPT-314)
Warning: Disabling timing arc between pins 'Q' and 'QN' on cell 'rf_reg[5][3]'
         to break a timing loop. (OPT-314)
Warning: Disabling timing arc between pins 'Q' and 'QN' on cell 'rf_reg[5][3]'
         to break a timing loop. (OPT-314)
Warning: Disabling timing arc between pins 'Q' and 'QN' on cell 'rf_reg[14][3]'
         to break a timing loop. (OPT-314)
Warning: Disabling timing arc between pins 'Q' and 'QN' on cell 'rf_reg[14][3]'
         to break a timing loop. (OPT-314)
Warning: Disabling timing arc between pins 'Q' and 'QN' on cell 'rf_reg[19][3]'
         to break a timing loop. (OPT-314)
Warning: Disabling timing arc between pins 'Q' and 'QN' on cell 'rf_reg[19][3]'
         to break a timing loop. (OPT-314)
Warning: Disabling timing arc between pins 'Q' and 'QN' on cell 'rf_reg[8][3]'
         to break a timing loop. (OPT-314)
Warning: Disabling timing arc between pins 'Q' and 'QN' on cell 'rf_reg[8][3]'
         to break a timing loop. (OPT-314)
Warning: Disabling timing arc between pins 'Q' and 'QN' on cell 'rf_reg[21][3]'
         to break a timing loop. (OPT-314)
Warning: Disabling timing arc between pins 'Q' and 'QN' on cell 'rf_reg[21][3]'
         to break a timing loop. (OPT-314)
Warning: Disabling timing arc between pins 'Q' and 'QN' on cell 'rf_reg[9][3]'
         to break a timing loop. (OPT-314)
Warning: Disabling timing arc between pins 'Q' and 'QN' on cell 'rf_reg[9][3]'
         to break a timing loop. (OPT-314)
Warning: Disabling timing arc between pins 'Q' and 'QN' on cell 'rf_reg[26][3]'
         to break a timing loop. (OPT-314)
Warning: Disabling timing arc between pins 'Q' and 'QN' on cell 'rf_reg[26][3]'
         to break a timing loop. (OPT-314)
Warning: Disabling timing arc between pins 'Q' and 'QN' on cell 'rf_reg[2][3]'
         to break a timing loop. (OPT-314)
Warning: Disabling timing arc between pins 'Q' and 'QN' on cell 'rf_reg[2][3]'
         to break a timing loop. (OPT-314)
Warning: Disabling timing arc between pins 'Q' and 'QN' on cell 'rf_reg[3][3]'
         to break a timing loop. (OPT-314)
Warning: Disabling timing arc between pins 'Q' and 'QN' on cell 'rf_reg[3][3]'
         to break a timing loop. (OPT-314)
Warning: Disabling timing arc between pins 'Q' and 'QN' on cell 'rf_reg[6][3]'
         to break a timing loop. (OPT-314)
Warning: Disabling timing arc between pins 'Q' and 'QN' on cell 'rf_reg[6][3]'
         to break a timing loop. (OPT-314)
Warning: Disabling timing arc between pins 'Q' and 'QN' on cell 'rf_reg[25][3]'
         to break a timing loop. (OPT-314)
Warning: Disabling timing arc between pins 'Q' and 'QN' on cell 'rf_reg[25][3]'
         to break a timing loop. (OPT-314)
Warning: Disabling timing arc between pins 'Q' and 'QN' on cell 'rf_reg[18][3]'
         to break a timing loop. (OPT-314)
Warning: Disabling timing arc between pins 'Q' and 'QN' on cell 'rf_reg[18][3]'
         to break a timing loop. (OPT-314)
Warning: Disabling timing arc between pins 'Q' and 'QN' on cell 'rf_reg[10][3]'
         to break a timing loop. (OPT-314)
Warning: Disabling timing arc between pins 'Q' and 'QN' on cell 'rf_reg[10][3]'
         to break a timing loop. (OPT-314)
Warning: Disabling timing arc between pins 'Q' and 'QN' on cell 'rf_reg[22][3]'
         to break a timing loop. (OPT-314)
Warning: Disabling timing arc between pins 'Q' and 'QN' on cell 'rf_reg[22][3]'
         to break a timing loop. (OPT-314)
Warning: Disabling timing arc between pins 'Q' and 'QN' on cell 'rf_reg[15][3]'
         to break a timing loop. (OPT-314)
Warning: Disabling timing arc between pins 'Q' and 'QN' on cell 'rf_reg[15][3]'
         to break a timing loop. (OPT-314)
Warning: Disabling timing arc between pins 'Q' and 'QN' on cell 'rf_reg[11][3]'
         to break a timing loop. (OPT-314)
Warning: Disabling timing arc between pins 'Q' and 'QN' on cell 'rf_reg[11][3]'
         to break a timing loop. (OPT-314)
Warning: Disabling timing arc between pins 'Q' and 'QN' on cell 'rf_reg[7][3]'
         to break a timing loop. (OPT-314)
Warning: Disabling timing arc between pins 'Q' and 'QN' on cell 'rf_reg[7][3]'
         to break a timing loop. (OPT-314)
Warning: Disabling timing arc between pins 'Q' and 'QN' on cell 'rf_reg[13][3]'
         to break a timing loop. (OPT-314)
Warning: Disabling timing arc between pins 'Q' and 'QN' on cell 'rf_reg[13][3]'
         to break a timing loop. (OPT-314)
Warning: Disabling timing arc between pins 'Q' and 'QN' on cell 'rf_reg[17][3]'
         to break a timing loop. (OPT-314)
Warning: Disabling timing arc between pins 'Q' and 'QN' on cell 'rf_reg[17][3]'
         to break a timing loop. (OPT-314)
Warning: Disabling timing arc between pins 'Q' and 'QN' on cell 'rf_reg[31][3]'
         to break a timing loop. (OPT-314)
Warning: Disabling timing arc between pins 'Q' and 'QN' on cell 'rf_reg[31][3]'
         to break a timing loop. (OPT-314)
Warning: Disabling timing arc between pins 'Q' and 'QN' on cell 'rf_reg[20][3]'
         to break a timing loop. (OPT-314)
Warning: Disabling timing arc between pins 'Q' and 'QN' on cell 'rf_reg[20][3]'
         to break a timing loop. (OPT-314)
Warning: Disabling timing arc between pins 'Q' and 'QN' on cell 'rf_reg[27][3]'
         to break a timing loop. (OPT-314)
Warning: Disabling timing arc between pins 'Q' and 'QN' on cell 'rf_reg[27][3]'
         to break a timing loop. (OPT-314)
Warning: Disabling timing arc between pins 'Q' and 'QN' on cell 'rf_reg[12][3]'
         to break a timing loop. (OPT-314)
Warning: Disabling timing arc between pins 'Q' and 'QN' on cell 'rf_reg[12][3]'
         to break a timing loop. (OPT-314)
Warning: Disabling timing arc between pins 'Q' and 'QN' on cell 'rf_reg[29][4]'
         to break a timing loop. (OPT-314)
Warning: Disabling timing arc between pins 'Q' and 'QN' on cell 'rf_reg[29][4]'
         to break a timing loop. (OPT-314)
Warning: Disabling timing arc between pins 'Q' and 'QN' on cell 'rf_reg[8][4]'
         to break a timing loop. (OPT-314)
Warning: Disabling timing arc between pins 'Q' and 'QN' on cell 'rf_reg[8][4]'
         to break a timing loop. (OPT-314)
Warning: Disabling timing arc between pins 'Q' and 'QN' on cell 'rf_reg[23][4]'
         to break a timing loop. (OPT-314)
Warning: Disabling timing arc between pins 'Q' and 'QN' on cell 'rf_reg[23][4]'
         to break a timing loop. (OPT-314)
Warning: Disabling timing arc between pins 'Q' and 'QN' on cell 'rf_reg[1][4]'
         to break a timing loop. (OPT-314)
Warning: Disabling timing arc between pins 'Q' and 'QN' on cell 'rf_reg[1][4]'
         to break a timing loop. (OPT-314)
Warning: Disabling timing arc between pins 'Q' and 'QN' on cell 'rf_reg[19][4]'
         to break a timing loop. (OPT-314)
Warning: Disabling timing arc between pins 'Q' and 'QN' on cell 'rf_reg[19][4]'
         to break a timing loop. (OPT-314)
Warning: Disabling timing arc between pins 'Q' and 'QN' on cell 'rf_reg[28][4]'
         to break a timing loop. (OPT-314)
Warning: Disabling timing arc between pins 'Q' and 'QN' on cell 'rf_reg[28][4]'
         to break a timing loop. (OPT-314)
Warning: Disabling timing arc between pins 'Q' and 'QN' on cell 'rf_reg[4][4]'
         to break a timing loop. (OPT-314)
Warning: Disabling timing arc between pins 'Q' and 'QN' on cell 'rf_reg[4][4]'
         to break a timing loop. (OPT-314)
Warning: Disabling timing arc between pins 'Q' and 'QN' on cell 'rf_reg[31][4]'
         to break a timing loop. (OPT-314)
Warning: Disabling timing arc between pins 'Q' and 'QN' on cell 'rf_reg[31][4]'
         to break a timing loop. (OPT-314)
Warning: Disabling timing arc between pins 'Q' and 'QN' on cell 'rf_reg[12][4]'
         to break a timing loop. (OPT-314)
Warning: Disabling timing arc between pins 'Q' and 'QN' on cell 'rf_reg[12][4]'
         to break a timing loop. (OPT-314)
Warning: Disabling timing arc between pins 'Q' and 'QN' on cell 'rf_reg[20][4]'
         to break a timing loop. (OPT-314)
Warning: Disabling timing arc between pins 'Q' and 'QN' on cell 'rf_reg[20][4]'
         to break a timing loop. (OPT-314)
Warning: Disabling timing arc between pins 'Q' and 'QN' on cell 'rf_reg[27][4]'
         to break a timing loop. (OPT-314)
Warning: Disabling timing arc between pins 'Q' and 'QN' on cell 'rf_reg[27][4]'
         to break a timing loop. (OPT-314)
Warning: Disabling timing arc between pins 'Q' and 'QN' on cell 'rf_reg[13][4]'
         to break a timing loop. (OPT-314)
Warning: Disabling timing arc between pins 'Q' and 'QN' on cell 'rf_reg[13][4]'
         to break a timing loop. (OPT-314)
Warning: Disabling timing arc between pins 'Q' and 'QN' on cell 'rf_reg[17][4]'
         to break a timing loop. (OPT-314)
Warning: Disabling timing arc between pins 'Q' and 'QN' on cell 'rf_reg[17][4]'
         to break a timing loop. (OPT-314)
Warning: Disabling timing arc between pins 'Q' and 'QN' on cell 'rf_reg[7][4]'
         to break a timing loop. (OPT-314)
Warning: Disabling timing arc between pins 'Q' and 'QN' on cell 'rf_reg[7][4]'
         to break a timing loop. (OPT-314)
Warning: Disabling timing arc between pins 'Q' and 'QN' on cell 'rf_reg[10][4]'
         to break a timing loop. (OPT-314)
Warning: Disabling timing arc between pins 'Q' and 'QN' on cell 'rf_reg[10][4]'
         to break a timing loop. (OPT-314)
Warning: Disabling timing arc between pins 'Q' and 'QN' on cell 'rf_reg[11][4]'
         to break a timing loop. (OPT-314)
Warning: Disabling timing arc between pins 'Q' and 'QN' on cell 'rf_reg[11][4]'
         to break a timing loop. (OPT-314)
Warning: Disabling timing arc between pins 'Q' and 'QN' on cell 'rf_reg[2][4]'
         to break a timing loop. (OPT-314)
Warning: Disabling timing arc between pins 'Q' and 'QN' on cell 'rf_reg[2][4]'
         to break a timing loop. (OPT-314)
Warning: Disabling timing arc between pins 'Q' and 'QN' on cell 'rf_reg[6][4]'
         to break a timing loop. (OPT-314)
Warning: Disabling timing arc between pins 'Q' and 'QN' on cell 'rf_reg[6][4]'
         to break a timing loop. (OPT-314)
Warning: Disabling timing arc between pins 'Q' and 'QN' on cell 'rf_reg[14][4]'
         to break a timing loop. (OPT-314)
Warning: Disabling timing arc between pins 'Q' and 'QN' on cell 'rf_reg[14][4]'
         to break a timing loop. (OPT-314)
Warning: Disabling timing arc between pins 'Q' and 'QN' on cell 'rf_reg[16][4]'
         to break a timing loop. (OPT-314)
Warning: Disabling timing arc between pins 'Q' and 'QN' on cell 'rf_reg[16][4]'
         to break a timing loop. (OPT-314)
Warning: Disabling timing arc between pins 'Q' and 'QN' on cell 'rf_reg[26][4]'
         to break a timing loop. (OPT-314)
Warning: Disabling timing arc between pins 'Q' and 'QN' on cell 'rf_reg[26][4]'
         to break a timing loop. (OPT-314)
Warning: Disabling timing arc between pins 'Q' and 'QN' on cell 'rf_reg[24][4]'
         to break a timing loop. (OPT-314)
Warning: Disabling timing arc between pins 'Q' and 'QN' on cell 'rf_reg[24][4]'
         to break a timing loop. (OPT-314)
Warning: Disabling timing arc between pins 'Q' and 'QN' on cell 'rf_reg[30][4]'
         to break a timing loop. (OPT-314)
Warning: Disabling timing arc between pins 'Q' and 'QN' on cell 'rf_reg[30][4]'
         to break a timing loop. (OPT-314)
Warning: Disabling timing arc between pins 'Q' and 'QN' on cell 'rf_reg[21][4]'
         to break a timing loop. (OPT-314)
Warning: Disabling timing arc between pins 'Q' and 'QN' on cell 'rf_reg[21][4]'
         to break a timing loop. (OPT-314)
Warning: Disabling timing arc between pins 'Q' and 'QN' on cell 'rf_reg[5][4]'
         to break a timing loop. (OPT-314)
Warning: Disabling timing arc between pins 'Q' and 'QN' on cell 'rf_reg[5][4]'
         to break a timing loop. (OPT-314)
Warning: Disabling timing arc between pins 'Q' and 'QN' on cell 'rf_reg[9][4]'
         to break a timing loop. (OPT-314)
Warning: Disabling timing arc between pins 'Q' and 'QN' on cell 'rf_reg[9][4]'
         to break a timing loop. (OPT-314)
Warning: Disabling timing arc between pins 'Q' and 'QN' on cell 'rf_reg[15][4]'
         to break a timing loop. (OPT-314)
Warning: Disabling timing arc between pins 'Q' and 'QN' on cell 'rf_reg[15][4]'
         to break a timing loop. (OPT-314)
Warning: Disabling timing arc between pins 'Q' and 'QN' on cell 'rf_reg[18][4]'
         to break a timing loop. (OPT-314)
Warning: Disabling timing arc between pins 'Q' and 'QN' on cell 'rf_reg[18][4]'
         to break a timing loop. (OPT-314)
Warning: Disabling timing arc between pins 'Q' and 'QN' on cell 'rf_reg[3][4]'
         to break a timing loop. (OPT-314)
Warning: Disabling timing arc between pins 'Q' and 'QN' on cell 'rf_reg[3][4]'
         to break a timing loop. (OPT-314)
Warning: Disabling timing arc between pins 'Q' and 'QN' on cell 'rf_reg[25][4]'
         to break a timing loop. (OPT-314)
Warning: Disabling timing arc between pins 'Q' and 'QN' on cell 'rf_reg[25][4]'
         to break a timing loop. (OPT-314)
Warning: Disabling timing arc between pins 'Q' and 'QN' on cell 'rf_reg[22][4]'
         to break a timing loop. (OPT-314)
Warning: Disabling timing arc between pins 'Q' and 'QN' on cell 'rf_reg[22][4]'
         to break a timing loop. (OPT-314)
Warning: Disabling timing arc between pins 'Q' and 'QN' on cell 'rf_reg[5][14]'
         to break a timing loop. (OPT-314)
Warning: Disabling timing arc between pins 'Q' and 'QN' on cell 'rf_reg[5][14]'
         to break a timing loop. (OPT-314)
Warning: Disabling timing arc between pins 'Q' and 'QN' on cell 'rf_reg[16][14]'
         to break a timing loop. (OPT-314)
Warning: Disabling timing arc between pins 'Q' and 'QN' on cell 'rf_reg[16][14]'
         to break a timing loop. (OPT-314)
Warning: Disabling timing arc between pins 'Q' and 'QN' on cell 'rf_reg[11][14]'
         to break a timing loop. (OPT-314)
Warning: Disabling timing arc between pins 'Q' and 'QN' on cell 'rf_reg[11][14]'
         to break a timing loop. (OPT-314)
Warning: Disabling timing arc between pins 'Q' and 'QN' on cell 'rf_reg[24][14]'
         to break a timing loop. (OPT-314)
Warning: Disabling timing arc between pins 'Q' and 'QN' on cell 'rf_reg[24][14]'
         to break a timing loop. (OPT-314)
Warning: Disabling timing arc between pins 'Q' and 'QN' on cell 'rf_reg[13][14]'
         to break a timing loop. (OPT-314)
Warning: Disabling timing arc between pins 'Q' and 'QN' on cell 'rf_reg[13][14]'
         to break a timing loop. (OPT-314)
Warning: Disabling timing arc between pins 'Q' and 'QN' on cell 'rf_reg[9][14]'
         to break a timing loop. (OPT-314)
Warning: Disabling timing arc between pins 'Q' and 'QN' on cell 'rf_reg[9][14]'
         to break a timing loop. (OPT-314)
Warning: Disabling timing arc between pins 'Q' and 'QN' on cell 'rf_reg[6][14]'
         to break a timing loop. (OPT-314)
Warning: Disabling timing arc between pins 'Q' and 'QN' on cell 'rf_reg[6][14]'
         to break a timing loop. (OPT-314)
Warning: Disabling timing arc between pins 'Q' and 'QN' on cell 'rf_reg[29][14]'
         to break a timing loop. (OPT-314)
Warning: Disabling timing arc between pins 'Q' and 'QN' on cell 'rf_reg[29][14]'
         to break a timing loop. (OPT-314)
Warning: Disabling timing arc between pins 'Q' and 'QN' on cell 'rf_reg[26][14]'
         to break a timing loop. (OPT-314)
Warning: Disabling timing arc between pins 'Q' and 'QN' on cell 'rf_reg[26][14]'
         to break a timing loop. (OPT-314)
Warning: Disabling timing arc between pins 'Q' and 'QN' on cell 'rf_reg[17][14]'
         to break a timing loop. (OPT-314)
Warning: Disabling timing arc between pins 'Q' and 'QN' on cell 'rf_reg[17][14]'
         to break a timing loop. (OPT-314)
Warning: Disabling timing arc between pins 'Q' and 'QN' on cell 'rf_reg[18][14]'
         to break a timing loop. (OPT-314)
Warning: Disabling timing arc between pins 'Q' and 'QN' on cell 'rf_reg[18][14]'
         to break a timing loop. (OPT-314)
Warning: Disabling timing arc between pins 'Q' and 'QN' on cell 'rf_reg[14][14]'
         to break a timing loop. (OPT-314)
Warning: Disabling timing arc between pins 'Q' and 'QN' on cell 'rf_reg[14][14]'
         to break a timing loop. (OPT-314)
Warning: Disabling timing arc between pins 'Q' and 'QN' on cell 'rf_reg[22][14]'
         to break a timing loop. (OPT-314)
Warning: Disabling timing arc between pins 'Q' and 'QN' on cell 'rf_reg[22][14]'
         to break a timing loop. (OPT-314)
Warning: Disabling timing arc between pins 'Q' and 'QN' on cell 'rf_reg[7][14]'
         to break a timing loop. (OPT-314)
Warning: Disabling timing arc between pins 'Q' and 'QN' on cell 'rf_reg[7][14]'
         to break a timing loop. (OPT-314)
Warning: Disabling timing arc between pins 'Q' and 'QN' on cell 'rf_reg[10][14]'
         to break a timing loop. (OPT-314)
Warning: Disabling timing arc between pins 'Q' and 'QN' on cell 'rf_reg[10][14]'
         to break a timing loop. (OPT-314)
Warning: Disabling timing arc between pins 'Q' and 'QN' on cell 'rf_reg[15][14]'
         to break a timing loop. (OPT-314)
Warning: Disabling timing arc between pins 'Q' and 'QN' on cell 'rf_reg[15][14]'
         to break a timing loop. (OPT-314)
Warning: Disabling timing arc between pins 'Q' and 'QN' on cell 'rf_reg[28][14]'
         to break a timing loop. (OPT-314)
Warning: Disabling timing arc between pins 'Q' and 'QN' on cell 'rf_reg[28][14]'
         to break a timing loop. (OPT-314)
Warning: Disabling timing arc between pins 'Q' and 'QN' on cell 'rf_reg[20][14]'
         to break a timing loop. (OPT-314)
Warning: Disabling timing arc between pins 'Q' and 'QN' on cell 'rf_reg[20][14]'
         to break a timing loop. (OPT-314)
Warning: Disabling timing arc between pins 'Q' and 'QN' on cell 'rf_reg[25][14]'
         to break a timing loop. (OPT-314)
Warning: Disabling timing arc between pins 'Q' and 'QN' on cell 'rf_reg[25][14]'
         to break a timing loop. (OPT-314)
Warning: Disabling timing arc between pins 'Q' and 'QN' on cell 'rf_reg[21][14]'
         to break a timing loop. (OPT-314)
Warning: Disabling timing arc between pins 'Q' and 'QN' on cell 'rf_reg[21][14]'
         to break a timing loop. (OPT-314)
Warning: Disabling timing arc between pins 'Q' and 'QN' on cell 'rf_reg[31][14]'
         to break a timing loop. (OPT-314)
Warning: Disabling timing arc between pins 'Q' and 'QN' on cell 'rf_reg[31][14]'
         to break a timing loop. (OPT-314)
Warning: Disabling timing arc between pins 'Q' and 'QN' on cell 'rf_reg[27][14]'
         to break a timing loop. (OPT-314)
Warning: Disabling timing arc between pins 'Q' and 'QN' on cell 'rf_reg[27][14]'
         to break a timing loop. (OPT-314)
Warning: Disabling timing arc between pins 'Q' and 'QN' on cell 'rf_reg[19][14]'
         to break a timing loop. (OPT-314)
Warning: Disabling timing arc between pins 'Q' and 'QN' on cell 'rf_reg[19][14]'
         to break a timing loop. (OPT-314)
Warning: Disabling timing arc between pins 'Q' and 'QN' on cell 'rf_reg[12][14]'
         to break a timing loop. (OPT-314)
Warning: Disabling timing arc between pins 'Q' and 'QN' on cell 'rf_reg[12][14]'
         to break a timing loop. (OPT-314)
Warning: Disabling timing arc between pins 'Q' and 'QN' on cell 'rf_reg[2][14]'
         to break a timing loop. (OPT-314)
Warning: Disabling timing arc between pins 'Q' and 'QN' on cell 'rf_reg[2][14]'
         to break a timing loop. (OPT-314)
Warning: Disabling timing arc between pins 'Q' and 'QN' on cell 'rf_reg[8][14]'
         to break a timing loop. (OPT-314)
Warning: Disabling timing arc between pins 'Q' and 'QN' on cell 'rf_reg[8][14]'
         to break a timing loop. (OPT-314)
Warning: Disabling timing arc between pins 'Q' and 'QN' on cell 'rf_reg[1][14]'
         to break a timing loop. (OPT-314)
Warning: Disabling timing arc between pins 'Q' and 'QN' on cell 'rf_reg[1][14]'
         to break a timing loop. (OPT-314)
Warning: Disabling timing arc between pins 'Q' and 'QN' on cell 'rf_reg[30][14]'
         to break a timing loop. (OPT-314)
Warning: Disabling timing arc between pins 'Q' and 'QN' on cell 'rf_reg[30][14]'
         to break a timing loop. (OPT-314)
Warning: Disabling timing arc between pins 'Q' and 'QN' on cell 'rf_reg[3][14]'
         to break a timing loop. (OPT-314)
Warning: Disabling timing arc between pins 'Q' and 'QN' on cell 'rf_reg[3][14]'
         to break a timing loop. (OPT-314)
Warning: Disabling timing arc between pins 'Q' and 'QN' on cell 'rf_reg[4][14]'
         to break a timing loop. (OPT-314)
Warning: Disabling timing arc between pins 'Q' and 'QN' on cell 'rf_reg[4][14]'
         to break a timing loop. (OPT-314)
Warning: Disabling timing arc between pins 'Q' and 'QN' on cell 'rf_reg[23][14]'
         to break a timing loop. (OPT-314)
Warning: Disabling timing arc between pins 'Q' and 'QN' on cell 'rf_reg[23][14]'
         to break a timing loop. (OPT-314)
Warning: Disabling timing arc between pins 'Q' and 'QN' on cell 'rf_reg[16][13]'
         to break a timing loop. (OPT-314)
Warning: Disabling timing arc between pins 'Q' and 'QN' on cell 'rf_reg[16][13]'
         to break a timing loop. (OPT-314)
Warning: Disabling timing arc between pins 'Q' and 'QN' on cell 'rf_reg[5][13]'
         to break a timing loop. (OPT-314)
Warning: Disabling timing arc between pins 'Q' and 'QN' on cell 'rf_reg[5][13]'
         to break a timing loop. (OPT-314)
Warning: Disabling timing arc between pins 'Q' and 'QN' on cell 'rf_reg[11][13]'
         to break a timing loop. (OPT-314)
Warning: Disabling timing arc between pins 'Q' and 'QN' on cell 'rf_reg[11][13]'
         to break a timing loop. (OPT-314)
Warning: Disabling timing arc between pins 'Q' and 'QN' on cell 'rf_reg[24][13]'
         to break a timing loop. (OPT-314)
Warning: Disabling timing arc between pins 'Q' and 'QN' on cell 'rf_reg[24][13]'
         to break a timing loop. (OPT-314)
Warning: Disabling timing arc between pins 'Q' and 'QN' on cell 'rf_reg[13][13]'
         to break a timing loop. (OPT-314)
Warning: Disabling timing arc between pins 'Q' and 'QN' on cell 'rf_reg[13][13]'
         to break a timing loop. (OPT-314)
Warning: Disabling timing arc between pins 'Q' and 'QN' on cell 'rf_reg[9][13]'
         to break a timing loop. (OPT-314)
Warning: Disabling timing arc between pins 'Q' and 'QN' on cell 'rf_reg[9][13]'
         to break a timing loop. (OPT-314)
Warning: Disabling timing arc between pins 'Q' and 'QN' on cell 'rf_reg[6][13]'
         to break a timing loop. (OPT-314)
Warning: Disabling timing arc between pins 'Q' and 'QN' on cell 'rf_reg[6][13]'
         to break a timing loop. (OPT-314)
Warning: Disabling timing arc between pins 'Q' and 'QN' on cell 'rf_reg[29][13]'
         to break a timing loop. (OPT-314)
Warning: Disabling timing arc between pins 'Q' and 'QN' on cell 'rf_reg[29][13]'
         to break a timing loop. (OPT-314)
Warning: Disabling timing arc between pins 'Q' and 'QN' on cell 'rf_reg[26][13]'
         to break a timing loop. (OPT-314)
Warning: Disabling timing arc between pins 'Q' and 'QN' on cell 'rf_reg[26][13]'
         to break a timing loop. (OPT-314)
Warning: Disabling timing arc between pins 'Q' and 'QN' on cell 'rf_reg[17][13]'
         to break a timing loop. (OPT-314)
Warning: Disabling timing arc between pins 'Q' and 'QN' on cell 'rf_reg[17][13]'
         to break a timing loop. (OPT-314)
Warning: Disabling timing arc between pins 'Q' and 'QN' on cell 'rf_reg[18][13]'
         to break a timing loop. (OPT-314)
Warning: Disabling timing arc between pins 'Q' and 'QN' on cell 'rf_reg[18][13]'
         to break a timing loop. (OPT-314)
Warning: Disabling timing arc between pins 'Q' and 'QN' on cell 'rf_reg[14][13]'
         to break a timing loop. (OPT-314)
Warning: Disabling timing arc between pins 'Q' and 'QN' on cell 'rf_reg[14][13]'
         to break a timing loop. (OPT-314)
Warning: Disabling timing arc between pins 'Q' and 'QN' on cell 'rf_reg[22][13]'
         to break a timing loop. (OPT-314)
Warning: Disabling timing arc between pins 'Q' and 'QN' on cell 'rf_reg[22][13]'
         to break a timing loop. (OPT-314)
Warning: Disabling timing arc between pins 'Q' and 'QN' on cell 'rf_reg[7][13]'
         to break a timing loop. (OPT-314)
Warning: Disabling timing arc between pins 'Q' and 'QN' on cell 'rf_reg[7][13]'
         to break a timing loop. (OPT-314)
Warning: Disabling timing arc between pins 'Q' and 'QN' on cell 'rf_reg[10][13]'
         to break a timing loop. (OPT-314)
Warning: Disabling timing arc between pins 'Q' and 'QN' on cell 'rf_reg[10][13]'
         to break a timing loop. (OPT-314)
Warning: Disabling timing arc between pins 'Q' and 'QN' on cell 'rf_reg[15][13]'
         to break a timing loop. (OPT-314)
Warning: Disabling timing arc between pins 'Q' and 'QN' on cell 'rf_reg[15][13]'
         to break a timing loop. (OPT-314)
Warning: Disabling timing arc between pins 'Q' and 'QN' on cell 'rf_reg[28][13]'
         to break a timing loop. (OPT-314)
Warning: Disabling timing arc between pins 'Q' and 'QN' on cell 'rf_reg[28][13]'
         to break a timing loop. (OPT-314)
Warning: Disabling timing arc between pins 'Q' and 'QN' on cell 'rf_reg[20][13]'
         to break a timing loop. (OPT-314)
Warning: Disabling timing arc between pins 'Q' and 'QN' on cell 'rf_reg[20][13]'
         to break a timing loop. (OPT-314)
Warning: Disabling timing arc between pins 'Q' and 'QN' on cell 'rf_reg[25][13]'
         to break a timing loop. (OPT-314)
Warning: Disabling timing arc between pins 'Q' and 'QN' on cell 'rf_reg[25][13]'
         to break a timing loop. (OPT-314)
Warning: Disabling timing arc between pins 'Q' and 'QN' on cell 'rf_reg[21][13]'
         to break a timing loop. (OPT-314)
Warning: Disabling timing arc between pins 'Q' and 'QN' on cell 'rf_reg[21][13]'
         to break a timing loop. (OPT-314)
Warning: Disabling timing arc between pins 'Q' and 'QN' on cell 'rf_reg[31][13]'
         to break a timing loop. (OPT-314)
Warning: Disabling timing arc between pins 'Q' and 'QN' on cell 'rf_reg[31][13]'
         to break a timing loop. (OPT-314)
Warning: Disabling timing arc between pins 'Q' and 'QN' on cell 'rf_reg[27][13]'
         to break a timing loop. (OPT-314)
Warning: Disabling timing arc between pins 'Q' and 'QN' on cell 'rf_reg[27][13]'
         to break a timing loop. (OPT-314)
Warning: Disabling timing arc between pins 'Q' and 'QN' on cell 'rf_reg[19][13]'
         to break a timing loop. (OPT-314)
Warning: Disabling timing arc between pins 'Q' and 'QN' on cell 'rf_reg[19][13]'
         to break a timing loop. (OPT-314)
Warning: Disabling timing arc between pins 'Q' and 'QN' on cell 'rf_reg[12][13]'
         to break a timing loop. (OPT-314)
Warning: Disabling timing arc between pins 'Q' and 'QN' on cell 'rf_reg[12][13]'
         to break a timing loop. (OPT-314)
Warning: Disabling timing arc between pins 'Q' and 'QN' on cell 'rf_reg[2][13]'
         to break a timing loop. (OPT-314)
Warning: Disabling timing arc between pins 'Q' and 'QN' on cell 'rf_reg[2][13]'
         to break a timing loop. (OPT-314)
Warning: Disabling timing arc between pins 'Q' and 'QN' on cell 'rf_reg[8][13]'
         to break a timing loop. (OPT-314)
Warning: Disabling timing arc between pins 'Q' and 'QN' on cell 'rf_reg[8][13]'
         to break a timing loop. (OPT-314)
Warning: Disabling timing arc between pins 'Q' and 'QN' on cell 'rf_reg[1][13]'
         to break a timing loop. (OPT-314)
Warning: Disabling timing arc between pins 'Q' and 'QN' on cell 'rf_reg[1][13]'
         to break a timing loop. (OPT-314)
Warning: Disabling timing arc between pins 'Q' and 'QN' on cell 'rf_reg[30][13]'
         to break a timing loop. (OPT-314)
Warning: Disabling timing arc between pins 'Q' and 'QN' on cell 'rf_reg[30][13]'
         to break a timing loop. (OPT-314)
Warning: Disabling timing arc between pins 'Q' and 'QN' on cell 'rf_reg[3][13]'
         to break a timing loop. (OPT-314)
Warning: Disabling timing arc between pins 'Q' and 'QN' on cell 'rf_reg[3][13]'
         to break a timing loop. (OPT-314)
Warning: Disabling timing arc between pins 'Q' and 'QN' on cell 'rf_reg[4][13]'
         to break a timing loop. (OPT-314)
Warning: Disabling timing arc between pins 'Q' and 'QN' on cell 'rf_reg[4][13]'
         to break a timing loop. (OPT-314)
Warning: Disabling timing arc between pins 'Q' and 'QN' on cell 'rf_reg[23][13]'
         to break a timing loop. (OPT-314)
Warning: Disabling timing arc between pins 'Q' and 'QN' on cell 'rf_reg[23][13]'
         to break a timing loop. (OPT-314)
Warning: Disabling timing arc between pins 'Q' and 'QN' on cell 'rf_reg[5][12]'
         to break a timing loop. (OPT-314)
Warning: Disabling timing arc between pins 'Q' and 'QN' on cell 'rf_reg[5][12]'
         to break a timing loop. (OPT-314)
Warning: Disabling timing arc between pins 'Q' and 'QN' on cell 'rf_reg[16][12]'
         to break a timing loop. (OPT-314)
Warning: Disabling timing arc between pins 'Q' and 'QN' on cell 'rf_reg[16][12]'
         to break a timing loop. (OPT-314)
Warning: Disabling timing arc between pins 'Q' and 'QN' on cell 'rf_reg[10][12]'
         to break a timing loop. (OPT-314)
Warning: Disabling timing arc between pins 'Q' and 'QN' on cell 'rf_reg[10][12]'
         to break a timing loop. (OPT-314)
Warning: Disabling timing arc between pins 'Q' and 'QN' on cell 'rf_reg[29][12]'
         to break a timing loop. (OPT-314)
Warning: Disabling timing arc between pins 'Q' and 'QN' on cell 'rf_reg[29][12]'
         to break a timing loop. (OPT-314)
Warning: Disabling timing arc between pins 'Q' and 'QN' on cell 'rf_reg[30][12]'
         to break a timing loop. (OPT-314)
Warning: Disabling timing arc between pins 'Q' and 'QN' on cell 'rf_reg[30][12]'
         to break a timing loop. (OPT-314)
Warning: Disabling timing arc between pins 'Q' and 'QN' on cell 'rf_reg[18][12]'
         to break a timing loop. (OPT-314)
Warning: Disabling timing arc between pins 'Q' and 'QN' on cell 'rf_reg[18][12]'
         to break a timing loop. (OPT-314)
Warning: Disabling timing arc between pins 'Q' and 'QN' on cell 'rf_reg[14][12]'
         to break a timing loop. (OPT-314)
Warning: Disabling timing arc between pins 'Q' and 'QN' on cell 'rf_reg[14][12]'
         to break a timing loop. (OPT-314)
Warning: Disabling timing arc between pins 'Q' and 'QN' on cell 'rf_reg[28][12]'
         to break a timing loop. (OPT-314)
Warning: Disabling timing arc between pins 'Q' and 'QN' on cell 'rf_reg[28][12]'
         to break a timing loop. (OPT-314)
Warning: Disabling timing arc between pins 'Q' and 'QN' on cell 'rf_reg[20][12]'
         to break a timing loop. (OPT-314)
Warning: Disabling timing arc between pins 'Q' and 'QN' on cell 'rf_reg[20][12]'
         to break a timing loop. (OPT-314)
Warning: Disabling timing arc between pins 'Q' and 'QN' on cell 'rf_reg[13][12]'
         to break a timing loop. (OPT-314)
Warning: Disabling timing arc between pins 'Q' and 'QN' on cell 'rf_reg[13][12]'
         to break a timing loop. (OPT-314)
Warning: Disabling timing arc between pins 'Q' and 'QN' on cell 'rf_reg[9][12]'
         to break a timing loop. (OPT-314)
Warning: Disabling timing arc between pins 'Q' and 'QN' on cell 'rf_reg[9][12]'
         to break a timing loop. (OPT-314)
Warning: Disabling timing arc between pins 'Q' and 'QN' on cell 'rf_reg[15][12]'
         to break a timing loop. (OPT-314)
Warning: Disabling timing arc between pins 'Q' and 'QN' on cell 'rf_reg[15][12]'
         to break a timing loop. (OPT-314)
Warning: Disabling timing arc between pins 'Q' and 'QN' on cell 'rf_reg[26][12]'
         to break a timing loop. (OPT-314)
Warning: Disabling timing arc between pins 'Q' and 'QN' on cell 'rf_reg[26][12]'
         to break a timing loop. (OPT-314)
Warning: Disabling timing arc between pins 'Q' and 'QN' on cell 'rf_reg[17][12]'
         to break a timing loop. (OPT-314)
Warning: Disabling timing arc between pins 'Q' and 'QN' on cell 'rf_reg[17][12]'
         to break a timing loop. (OPT-314)
Warning: Disabling timing arc between pins 'Q' and 'QN' on cell 'rf_reg[4][12]'
         to break a timing loop. (OPT-314)
Warning: Disabling timing arc between pins 'Q' and 'QN' on cell 'rf_reg[4][12]'
         to break a timing loop. (OPT-314)
Warning: Disabling timing arc between pins 'Q' and 'QN' on cell 'rf_reg[23][12]'
         to break a timing loop. (OPT-314)
Warning: Disabling timing arc between pins 'Q' and 'QN' on cell 'rf_reg[23][12]'
         to break a timing loop. (OPT-314)
Warning: Disabling timing arc between pins 'Q' and 'QN' on cell 'rf_reg[19][12]'
         to break a timing loop. (OPT-314)
Warning: Disabling timing arc between pins 'Q' and 'QN' on cell 'rf_reg[19][12]'
         to break a timing loop. (OPT-314)
Warning: Disabling timing arc between pins 'Q' and 'QN' on cell 'rf_reg[12][12]'
         to break a timing loop. (OPT-314)
Warning: Disabling timing arc between pins 'Q' and 'QN' on cell 'rf_reg[12][12]'
         to break a timing loop. (OPT-314)
Warning: Disabling timing arc between pins 'Q' and 'QN' on cell 'rf_reg[3][12]'
         to break a timing loop. (OPT-314)
Warning: Disabling timing arc between pins 'Q' and 'QN' on cell 'rf_reg[3][12]'
         to break a timing loop. (OPT-314)
Warning: Disabling timing arc between pins 'Q' and 'QN' on cell 'rf_reg[31][12]'
         to break a timing loop. (OPT-314)
Warning: Disabling timing arc between pins 'Q' and 'QN' on cell 'rf_reg[31][12]'
         to break a timing loop. (OPT-314)
Warning: Disabling timing arc between pins 'Q' and 'QN' on cell 'rf_reg[6][12]'
         to break a timing loop. (OPT-314)
Warning: Disabling timing arc between pins 'Q' and 'QN' on cell 'rf_reg[6][12]'
         to break a timing loop. (OPT-314)
Warning: Disabling timing arc between pins 'Q' and 'QN' on cell 'rf_reg[27][12]'
         to break a timing loop. (OPT-314)
Warning: Disabling timing arc between pins 'Q' and 'QN' on cell 'rf_reg[27][12]'
         to break a timing loop. (OPT-314)
Warning: Disabling timing arc between pins 'Q' and 'QN' on cell 'rf_reg[22][12]'
         to break a timing loop. (OPT-314)
Warning: Disabling timing arc between pins 'Q' and 'QN' on cell 'rf_reg[22][12]'
         to break a timing loop. (OPT-314)
Warning: Disabling timing arc between pins 'Q' and 'QN' on cell 'rf_reg[7][12]'
         to break a timing loop. (OPT-314)
Warning: Disabling timing arc between pins 'Q' and 'QN' on cell 'rf_reg[7][12]'
         to break a timing loop. (OPT-314)
Warning: Disabling timing arc between pins 'Q' and 'QN' on cell 'rf_reg[25][12]'
         to break a timing loop. (OPT-314)
Warning: Disabling timing arc between pins 'Q' and 'QN' on cell 'rf_reg[25][12]'
         to break a timing loop. (OPT-314)
Warning: Disabling timing arc between pins 'Q' and 'QN' on cell 'rf_reg[21][12]'
         to break a timing loop. (OPT-314)
Warning: Disabling timing arc between pins 'Q' and 'QN' on cell 'rf_reg[21][12]'
         to break a timing loop. (OPT-314)
Warning: Disabling timing arc between pins 'Q' and 'QN' on cell 'rf_reg[2][12]'
         to break a timing loop. (OPT-314)
Warning: Disabling timing arc between pins 'Q' and 'QN' on cell 'rf_reg[2][12]'
         to break a timing loop. (OPT-314)
Warning: Disabling timing arc between pins 'Q' and 'QN' on cell 'rf_reg[8][12]'
         to break a timing loop. (OPT-314)
Warning: Disabling timing arc between pins 'Q' and 'QN' on cell 'rf_reg[8][12]'
         to break a timing loop. (OPT-314)
Warning: Disabling timing arc between pins 'Q' and 'QN' on cell 'rf_reg[1][12]'
         to break a timing loop. (OPT-314)
Warning: Disabling timing arc between pins 'Q' and 'QN' on cell 'rf_reg[1][12]'
         to break a timing loop. (OPT-314)
Warning: Disabling timing arc between pins 'Q' and 'QN' on cell 'rf_reg[11][12]'
         to break a timing loop. (OPT-314)
Warning: Disabling timing arc between pins 'Q' and 'QN' on cell 'rf_reg[11][12]'
         to break a timing loop. (OPT-314)
Warning: Disabling timing arc between pins 'Q' and 'QN' on cell 'rf_reg[24][12]'
         to break a timing loop. (OPT-314)
Warning: Disabling timing arc between pins 'Q' and 'QN' on cell 'rf_reg[24][12]'
         to break a timing loop. (OPT-314)
Warning: Disabling timing arc between pins 'Q' and 'QN' on cell 'rf_reg[16][15]'
         to break a timing loop. (OPT-314)
Warning: Disabling timing arc between pins 'Q' and 'QN' on cell 'rf_reg[16][15]'
         to break a timing loop. (OPT-314)
Warning: Disabling timing arc between pins 'Q' and 'QN' on cell 'rf_reg[5][15]'
         to break a timing loop. (OPT-314)
Warning: Disabling timing arc between pins 'Q' and 'QN' on cell 'rf_reg[5][15]'
         to break a timing loop. (OPT-314)
Warning: Disabling timing arc between pins 'Q' and 'QN' on cell 'rf_reg[26][15]'
         to break a timing loop. (OPT-314)
Warning: Disabling timing arc between pins 'Q' and 'QN' on cell 'rf_reg[26][15]'
         to break a timing loop. (OPT-314)
Warning: Disabling timing arc between pins 'Q' and 'QN' on cell 'rf_reg[17][15]'
         to break a timing loop. (OPT-314)
Warning: Disabling timing arc between pins 'Q' and 'QN' on cell 'rf_reg[17][15]'
         to break a timing loop. (OPT-314)
Warning: Disabling timing arc between pins 'Q' and 'QN' on cell 'rf_reg[11][15]'
         to break a timing loop. (OPT-314)
Warning: Disabling timing arc between pins 'Q' and 'QN' on cell 'rf_reg[11][15]'
         to break a timing loop. (OPT-314)
Warning: Disabling timing arc between pins 'Q' and 'QN' on cell 'rf_reg[13][15]'
         to break a timing loop. (OPT-314)
Warning: Disabling timing arc between pins 'Q' and 'QN' on cell 'rf_reg[13][15]'
         to break a timing loop. (OPT-314)
Warning: Disabling timing arc between pins 'Q' and 'QN' on cell 'rf_reg[6][15]'
         to break a timing loop. (OPT-314)
Warning: Disabling timing arc between pins 'Q' and 'QN' on cell 'rf_reg[6][15]'
         to break a timing loop. (OPT-314)
Warning: Disabling timing arc between pins 'Q' and 'QN' on cell 'rf_reg[29][15]'
         to break a timing loop. (OPT-314)
Warning: Disabling timing arc between pins 'Q' and 'QN' on cell 'rf_reg[29][15]'
         to break a timing loop. (OPT-314)
Warning: Disabling timing arc between pins 'Q' and 'QN' on cell 'rf_reg[24][15]'
         to break a timing loop. (OPT-314)
Warning: Disabling timing arc between pins 'Q' and 'QN' on cell 'rf_reg[24][15]'
         to break a timing loop. (OPT-314)
Warning: Disabling timing arc between pins 'Q' and 'QN' on cell 'rf_reg[9][15]'
         to break a timing loop. (OPT-314)
Warning: Disabling timing arc between pins 'Q' and 'QN' on cell 'rf_reg[9][15]'
         to break a timing loop. (OPT-314)
Warning: Disabling timing arc between pins 'Q' and 'QN' on cell 'rf_reg[18][15]'
         to break a timing loop. (OPT-314)
Warning: Disabling timing arc between pins 'Q' and 'QN' on cell 'rf_reg[18][15]'
         to break a timing loop. (OPT-314)
Warning: Disabling timing arc between pins 'Q' and 'QN' on cell 'rf_reg[14][15]'
         to break a timing loop. (OPT-314)
Warning: Disabling timing arc between pins 'Q' and 'QN' on cell 'rf_reg[14][15]'
         to break a timing loop. (OPT-314)
Warning: Disabling timing arc between pins 'Q' and 'QN' on cell 'rf_reg[22][15]'
         to break a timing loop. (OPT-314)
Warning: Disabling timing arc between pins 'Q' and 'QN' on cell 'rf_reg[22][15]'
         to break a timing loop. (OPT-314)
Warning: Disabling timing arc between pins 'Q' and 'QN' on cell 'rf_reg[7][15]'
         to break a timing loop. (OPT-314)
Warning: Disabling timing arc between pins 'Q' and 'QN' on cell 'rf_reg[7][15]'
         to break a timing loop. (OPT-314)
Warning: Disabling timing arc between pins 'Q' and 'QN' on cell 'rf_reg[10][15]'
         to break a timing loop. (OPT-314)
Warning: Disabling timing arc between pins 'Q' and 'QN' on cell 'rf_reg[10][15]'
         to break a timing loop. (OPT-314)
Warning: Disabling timing arc between pins 'Q' and 'QN' on cell 'rf_reg[15][15]'
         to break a timing loop. (OPT-314)
Warning: Disabling timing arc between pins 'Q' and 'QN' on cell 'rf_reg[15][15]'
         to break a timing loop. (OPT-314)
Warning: Disabling timing arc between pins 'Q' and 'QN' on cell 'rf_reg[20][15]'
         to break a timing loop. (OPT-314)
Warning: Disabling timing arc between pins 'Q' and 'QN' on cell 'rf_reg[20][15]'
         to break a timing loop. (OPT-314)
Warning: Disabling timing arc between pins 'Q' and 'QN' on cell 'rf_reg[28][15]'
         to break a timing loop. (OPT-314)
Warning: Disabling timing arc between pins 'Q' and 'QN' on cell 'rf_reg[28][15]'
         to break a timing loop. (OPT-314)
Warning: Disabling timing arc between pins 'Q' and 'QN' on cell 'rf_reg[30][15]'
         to break a timing loop. (OPT-314)
Warning: Disabling timing arc between pins 'Q' and 'QN' on cell 'rf_reg[30][15]'
         to break a timing loop. (OPT-314)
Warning: Disabling timing arc between pins 'Q' and 'QN' on cell 'rf_reg[3][15]'
         to break a timing loop. (OPT-314)
Warning: Disabling timing arc between pins 'Q' and 'QN' on cell 'rf_reg[3][15]'
         to break a timing loop. (OPT-314)
Warning: Disabling timing arc between pins 'Q' and 'QN' on cell 'rf_reg[4][15]'
         to break a timing loop. (OPT-314)
Warning: Disabling timing arc between pins 'Q' and 'QN' on cell 'rf_reg[4][15]'
         to break a timing loop. (OPT-314)
Warning: Disabling timing arc between pins 'Q' and 'QN' on cell 'rf_reg[23][15]'
         to break a timing loop. (OPT-314)
Warning: Disabling timing arc between pins 'Q' and 'QN' on cell 'rf_reg[23][15]'
         to break a timing loop. (OPT-314)
Warning: Disabling timing arc between pins 'Q' and 'QN' on cell 'rf_reg[19][15]'
         to break a timing loop. (OPT-314)
Warning: Disabling timing arc between pins 'Q' and 'QN' on cell 'rf_reg[19][15]'
         to break a timing loop. (OPT-314)
Warning: Disabling timing arc between pins 'Q' and 'QN' on cell 'rf_reg[12][15]'
         to break a timing loop. (OPT-314)
Warning: Disabling timing arc between pins 'Q' and 'QN' on cell 'rf_reg[12][15]'
         to break a timing loop. (OPT-314)
Warning: Disabling timing arc between pins 'Q' and 'QN' on cell 'rf_reg[2][15]'
         to break a timing loop. (OPT-314)
Warning: Disabling timing arc between pins 'Q' and 'QN' on cell 'rf_reg[2][15]'
         to break a timing loop. (OPT-314)
Warning: Disabling timing arc between pins 'Q' and 'QN' on cell 'rf_reg[8][15]'
         to break a timing loop. (OPT-314)
Warning: Disabling timing arc between pins 'Q' and 'QN' on cell 'rf_reg[8][15]'
         to break a timing loop. (OPT-314)
Warning: Disabling timing arc between pins 'Q' and 'QN' on cell 'rf_reg[1][15]'
         to break a timing loop. (OPT-314)
Warning: Disabling timing arc between pins 'Q' and 'QN' on cell 'rf_reg[1][15]'
         to break a timing loop. (OPT-314)
Warning: Disabling timing arc between pins 'Q' and 'QN' on cell 'rf_reg[25][15]'
         to break a timing loop. (OPT-314)
Warning: Disabling timing arc between pins 'Q' and 'QN' on cell 'rf_reg[25][15]'
         to break a timing loop. (OPT-314)
Warning: Disabling timing arc between pins 'Q' and 'QN' on cell 'rf_reg[21][15]'
         to break a timing loop. (OPT-314)
Warning: Disabling timing arc between pins 'Q' and 'QN' on cell 'rf_reg[21][15]'
         to break a timing loop. (OPT-314)
Warning: Disabling timing arc between pins 'Q' and 'QN' on cell 'rf_reg[31][15]'
         to break a timing loop. (OPT-314)
Warning: Disabling timing arc between pins 'Q' and 'QN' on cell 'rf_reg[31][15]'
         to break a timing loop. (OPT-314)
Warning: Disabling timing arc between pins 'Q' and 'QN' on cell 'rf_reg[27][15]'
         to break a timing loop. (OPT-314)
Warning: Disabling timing arc between pins 'Q' and 'QN' on cell 'rf_reg[27][15]'
         to break a timing loop. (OPT-314)
Warning: Disabling timing arc between pins 'Q' and 'QN' on cell 'rf_reg[5][8]'
         to break a timing loop. (OPT-314)
Warning: Disabling timing arc between pins 'Q' and 'QN' on cell 'rf_reg[5][8]'
         to break a timing loop. (OPT-314)
Warning: Disabling timing arc between pins 'Q' and 'QN' on cell 'rf_reg[16][8]'
         to break a timing loop. (OPT-314)
Warning: Disabling timing arc between pins 'Q' and 'QN' on cell 'rf_reg[16][8]'
         to break a timing loop. (OPT-314)
Warning: Disabling timing arc between pins 'Q' and 'QN' on cell 'rf_reg[11][8]'
         to break a timing loop. (OPT-314)
Warning: Disabling timing arc between pins 'Q' and 'QN' on cell 'rf_reg[11][8]'
         to break a timing loop. (OPT-314)
Warning: Disabling timing arc between pins 'Q' and 'QN' on cell 'rf_reg[24][8]'
         to break a timing loop. (OPT-314)
Warning: Disabling timing arc between pins 'Q' and 'QN' on cell 'rf_reg[24][8]'
         to break a timing loop. (OPT-314)
Warning: Disabling timing arc between pins 'Q' and 'QN' on cell 'rf_reg[13][8]'
         to break a timing loop. (OPT-314)
Warning: Disabling timing arc between pins 'Q' and 'QN' on cell 'rf_reg[13][8]'
         to break a timing loop. (OPT-314)
Warning: Disabling timing arc between pins 'Q' and 'QN' on cell 'rf_reg[9][8]'
         to break a timing loop. (OPT-314)
Warning: Disabling timing arc between pins 'Q' and 'QN' on cell 'rf_reg[9][8]'
         to break a timing loop. (OPT-314)
Warning: Disabling timing arc between pins 'Q' and 'QN' on cell 'rf_reg[6][8]'
         to break a timing loop. (OPT-314)
Warning: Disabling timing arc between pins 'Q' and 'QN' on cell 'rf_reg[6][8]'
         to break a timing loop. (OPT-314)
Warning: Disabling timing arc between pins 'Q' and 'QN' on cell 'rf_reg[29][8]'
         to break a timing loop. (OPT-314)
Warning: Disabling timing arc between pins 'Q' and 'QN' on cell 'rf_reg[29][8]'
         to break a timing loop. (OPT-314)
Warning: Disabling timing arc between pins 'Q' and 'QN' on cell 'rf_reg[26][8]'
         to break a timing loop. (OPT-314)
Warning: Disabling timing arc between pins 'Q' and 'QN' on cell 'rf_reg[26][8]'
         to break a timing loop. (OPT-314)
Warning: Disabling timing arc between pins 'Q' and 'QN' on cell 'rf_reg[17][8]'
         to break a timing loop. (OPT-314)
Warning: Disabling timing arc between pins 'Q' and 'QN' on cell 'rf_reg[17][8]'
         to break a timing loop. (OPT-314)
Warning: Disabling timing arc between pins 'Q' and 'QN' on cell 'rf_reg[18][8]'
         to break a timing loop. (OPT-314)
Warning: Disabling timing arc between pins 'Q' and 'QN' on cell 'rf_reg[18][8]'
         to break a timing loop. (OPT-314)
Warning: Disabling timing arc between pins 'Q' and 'QN' on cell 'rf_reg[14][8]'
         to break a timing loop. (OPT-314)
Warning: Disabling timing arc between pins 'Q' and 'QN' on cell 'rf_reg[14][8]'
         to break a timing loop. (OPT-314)
Warning: Disabling timing arc between pins 'Q' and 'QN' on cell 'rf_reg[22][8]'
         to break a timing loop. (OPT-314)
Warning: Disabling timing arc between pins 'Q' and 'QN' on cell 'rf_reg[22][8]'
         to break a timing loop. (OPT-314)
Warning: Disabling timing arc between pins 'Q' and 'QN' on cell 'rf_reg[7][8]'
         to break a timing loop. (OPT-314)
Warning: Disabling timing arc between pins 'Q' and 'QN' on cell 'rf_reg[7][8]'
         to break a timing loop. (OPT-314)
Warning: Disabling timing arc between pins 'Q' and 'QN' on cell 'rf_reg[10][8]'
         to break a timing loop. (OPT-314)
Warning: Disabling timing arc between pins 'Q' and 'QN' on cell 'rf_reg[10][8]'
         to break a timing loop. (OPT-314)
Warning: Disabling timing arc between pins 'Q' and 'QN' on cell 'rf_reg[15][8]'
         to break a timing loop. (OPT-314)
Warning: Disabling timing arc between pins 'Q' and 'QN' on cell 'rf_reg[15][8]'
         to break a timing loop. (OPT-314)
Warning: Disabling timing arc between pins 'Q' and 'QN' on cell 'rf_reg[28][8]'
         to break a timing loop. (OPT-314)
Warning: Disabling timing arc between pins 'Q' and 'QN' on cell 'rf_reg[28][8]'
         to break a timing loop. (OPT-314)
Warning: Disabling timing arc between pins 'Q' and 'QN' on cell 'rf_reg[20][8]'
         to break a timing loop. (OPT-314)
Warning: Disabling timing arc between pins 'Q' and 'QN' on cell 'rf_reg[20][8]'
         to break a timing loop. (OPT-314)
Warning: Disabling timing arc between pins 'Q' and 'QN' on cell 'rf_reg[25][8]'
         to break a timing loop. (OPT-314)
Warning: Disabling timing arc between pins 'Q' and 'QN' on cell 'rf_reg[25][8]'
         to break a timing loop. (OPT-314)
Warning: Disabling timing arc between pins 'Q' and 'QN' on cell 'rf_reg[21][8]'
         to break a timing loop. (OPT-314)
Warning: Disabling timing arc between pins 'Q' and 'QN' on cell 'rf_reg[21][8]'
         to break a timing loop. (OPT-314)
Warning: Disabling timing arc between pins 'Q' and 'QN' on cell 'rf_reg[31][8]'
         to break a timing loop. (OPT-314)
Warning: Disabling timing arc between pins 'Q' and 'QN' on cell 'rf_reg[31][8]'
         to break a timing loop. (OPT-314)
Warning: Disabling timing arc between pins 'Q' and 'QN' on cell 'rf_reg[27][8]'
         to break a timing loop. (OPT-314)
Warning: Disabling timing arc between pins 'Q' and 'QN' on cell 'rf_reg[27][8]'
         to break a timing loop. (OPT-314)
Warning: Disabling timing arc between pins 'Q' and 'QN' on cell 'rf_reg[2][8]'
         to break a timing loop. (OPT-314)
Warning: Disabling timing arc between pins 'Q' and 'QN' on cell 'rf_reg[2][8]'
         to break a timing loop. (OPT-314)
Warning: Disabling timing arc between pins 'Q' and 'QN' on cell 'rf_reg[8][8]'
         to break a timing loop. (OPT-314)
Warning: Disabling timing arc between pins 'Q' and 'QN' on cell 'rf_reg[8][8]'
         to break a timing loop. (OPT-314)
Warning: Disabling timing arc between pins 'Q' and 'QN' on cell 'rf_reg[1][8]'
         to break a timing loop. (OPT-314)
Warning: Disabling timing arc between pins 'Q' and 'QN' on cell 'rf_reg[1][8]'
         to break a timing loop. (OPT-314)
Warning: Disabling timing arc between pins 'Q' and 'QN' on cell 'rf_reg[19][8]'
         to break a timing loop. (OPT-314)
Warning: Disabling timing arc between pins 'Q' and 'QN' on cell 'rf_reg[19][8]'
         to break a timing loop. (OPT-314)
Warning: Disabling timing arc between pins 'Q' and 'QN' on cell 'rf_reg[12][8]'
         to break a timing loop. (OPT-314)
Warning: Disabling timing arc between pins 'Q' and 'QN' on cell 'rf_reg[12][8]'
         to break a timing loop. (OPT-314)
Warning: Disabling timing arc between pins 'Q' and 'QN' on cell 'rf_reg[30][8]'
         to break a timing loop. (OPT-314)
Warning: Disabling timing arc between pins 'Q' and 'QN' on cell 'rf_reg[30][8]'
         to break a timing loop. (OPT-314)
Warning: Disabling timing arc between pins 'Q' and 'QN' on cell 'rf_reg[3][8]'
         to break a timing loop. (OPT-314)
Warning: Disabling timing arc between pins 'Q' and 'QN' on cell 'rf_reg[3][8]'
         to break a timing loop. (OPT-314)
Warning: Disabling timing arc between pins 'Q' and 'QN' on cell 'rf_reg[4][8]'
         to break a timing loop. (OPT-314)
Warning: Disabling timing arc between pins 'Q' and 'QN' on cell 'rf_reg[4][8]'
         to break a timing loop. (OPT-314)
Warning: Disabling timing arc between pins 'Q' and 'QN' on cell 'rf_reg[23][8]'
         to break a timing loop. (OPT-314)
Warning: Disabling timing arc between pins 'Q' and 'QN' on cell 'rf_reg[23][8]'
         to break a timing loop. (OPT-314)
Warning: Disabling timing arc between pins 'Q' and 'QN' on cell 'rf_reg[16][9]'
         to break a timing loop. (OPT-314)
Warning: Disabling timing arc between pins 'Q' and 'QN' on cell 'rf_reg[16][9]'
         to break a timing loop. (OPT-314)
Warning: Disabling timing arc between pins 'Q' and 'QN' on cell 'rf_reg[5][9]'
         to break a timing loop. (OPT-314)
Warning: Disabling timing arc between pins 'Q' and 'QN' on cell 'rf_reg[5][9]'
         to break a timing loop. (OPT-314)
Warning: Disabling timing arc between pins 'Q' and 'QN' on cell 'rf_reg[18][9]'
         to break a timing loop. (OPT-314)
Warning: Disabling timing arc between pins 'Q' and 'QN' on cell 'rf_reg[18][9]'
         to break a timing loop. (OPT-314)
Warning: Disabling timing arc between pins 'Q' and 'QN' on cell 'rf_reg[14][9]'
         to break a timing loop. (OPT-314)
Warning: Disabling timing arc between pins 'Q' and 'QN' on cell 'rf_reg[14][9]'
         to break a timing loop. (OPT-314)
Warning: Disabling timing arc between pins 'Q' and 'QN' on cell 'rf_reg[22][9]'
         to break a timing loop. (OPT-314)
Warning: Disabling timing arc between pins 'Q' and 'QN' on cell 'rf_reg[22][9]'
         to break a timing loop. (OPT-314)
Warning: Disabling timing arc between pins 'Q' and 'QN' on cell 'rf_reg[7][9]'
         to break a timing loop. (OPT-314)
Warning: Disabling timing arc between pins 'Q' and 'QN' on cell 'rf_reg[7][9]'
         to break a timing loop. (OPT-314)
Warning: Disabling timing arc between pins 'Q' and 'QN' on cell 'rf_reg[10][9]'
         to break a timing loop. (OPT-314)
Warning: Disabling timing arc between pins 'Q' and 'QN' on cell 'rf_reg[10][9]'
         to break a timing loop. (OPT-314)
Warning: Disabling timing arc between pins 'Q' and 'QN' on cell 'rf_reg[15][9]'
         to break a timing loop. (OPT-314)
Warning: Disabling timing arc between pins 'Q' and 'QN' on cell 'rf_reg[15][9]'
         to break a timing loop. (OPT-314)
Warning: Disabling timing arc between pins 'Q' and 'QN' on cell 'rf_reg[28][9]'
         to break a timing loop. (OPT-314)
Warning: Disabling timing arc between pins 'Q' and 'QN' on cell 'rf_reg[28][9]'
         to break a timing loop. (OPT-314)
Warning: Disabling timing arc between pins 'Q' and 'QN' on cell 'rf_reg[20][9]'
         to break a timing loop. (OPT-314)
Warning: Disabling timing arc between pins 'Q' and 'QN' on cell 'rf_reg[20][9]'
         to break a timing loop. (OPT-314)
Warning: Disabling timing arc between pins 'Q' and 'QN' on cell 'rf_reg[11][9]'
         to break a timing loop. (OPT-314)
Warning: Disabling timing arc between pins 'Q' and 'QN' on cell 'rf_reg[11][9]'
         to break a timing loop. (OPT-314)
Warning: Disabling timing arc between pins 'Q' and 'QN' on cell 'rf_reg[24][9]'
         to break a timing loop. (OPT-314)
Warning: Disabling timing arc between pins 'Q' and 'QN' on cell 'rf_reg[24][9]'
         to break a timing loop. (OPT-314)
Warning: Disabling timing arc between pins 'Q' and 'QN' on cell 'rf_reg[13][9]'
         to break a timing loop. (OPT-314)
Warning: Disabling timing arc between pins 'Q' and 'QN' on cell 'rf_reg[13][9]'
         to break a timing loop. (OPT-314)
Warning: Disabling timing arc between pins 'Q' and 'QN' on cell 'rf_reg[9][9]'
         to break a timing loop. (OPT-314)
Warning: Disabling timing arc between pins 'Q' and 'QN' on cell 'rf_reg[9][9]'
         to break a timing loop. (OPT-314)
Warning: Disabling timing arc between pins 'Q' and 'QN' on cell 'rf_reg[6][9]'
         to break a timing loop. (OPT-314)
Warning: Disabling timing arc between pins 'Q' and 'QN' on cell 'rf_reg[6][9]'
         to break a timing loop. (OPT-314)
Warning: Disabling timing arc between pins 'Q' and 'QN' on cell 'rf_reg[29][9]'
         to break a timing loop. (OPT-314)
Warning: Disabling timing arc between pins 'Q' and 'QN' on cell 'rf_reg[29][9]'
         to break a timing loop. (OPT-314)
Warning: Disabling timing arc between pins 'Q' and 'QN' on cell 'rf_reg[26][9]'
         to break a timing loop. (OPT-314)
Warning: Disabling timing arc between pins 'Q' and 'QN' on cell 'rf_reg[26][9]'
         to break a timing loop. (OPT-314)
Warning: Disabling timing arc between pins 'Q' and 'QN' on cell 'rf_reg[17][9]'
         to break a timing loop. (OPT-314)
Warning: Disabling timing arc between pins 'Q' and 'QN' on cell 'rf_reg[17][9]'
         to break a timing loop. (OPT-314)
Warning: Disabling timing arc between pins 'Q' and 'QN' on cell 'rf_reg[25][9]'
         to break a timing loop. (OPT-314)
Warning: Disabling timing arc between pins 'Q' and 'QN' on cell 'rf_reg[25][9]'
         to break a timing loop. (OPT-314)
Warning: Disabling timing arc between pins 'Q' and 'QN' on cell 'rf_reg[21][9]'
         to break a timing loop. (OPT-314)
Warning: Disabling timing arc between pins 'Q' and 'QN' on cell 'rf_reg[21][9]'
         to break a timing loop. (OPT-314)
Warning: Disabling timing arc between pins 'Q' and 'QN' on cell 'rf_reg[31][9]'
         to break a timing loop. (OPT-314)
Warning: Disabling timing arc between pins 'Q' and 'QN' on cell 'rf_reg[31][9]'
         to break a timing loop. (OPT-314)
Warning: Disabling timing arc between pins 'Q' and 'QN' on cell 'rf_reg[27][9]'
         to break a timing loop. (OPT-314)
Warning: Disabling timing arc between pins 'Q' and 'QN' on cell 'rf_reg[27][9]'
         to break a timing loop. (OPT-314)
Warning: Disabling timing arc between pins 'Q' and 'QN' on cell 'rf_reg[19][9]'
         to break a timing loop. (OPT-314)
Warning: Disabling timing arc between pins 'Q' and 'QN' on cell 'rf_reg[19][9]'
         to break a timing loop. (OPT-314)
Warning: Disabling timing arc between pins 'Q' and 'QN' on cell 'rf_reg[12][9]'
         to break a timing loop. (OPT-314)
Warning: Disabling timing arc between pins 'Q' and 'QN' on cell 'rf_reg[12][9]'
         to break a timing loop. (OPT-314)
Warning: Disabling timing arc between pins 'Q' and 'QN' on cell 'rf_reg[2][9]'
         to break a timing loop. (OPT-314)
Warning: Disabling timing arc between pins 'Q' and 'QN' on cell 'rf_reg[2][9]'
         to break a timing loop. (OPT-314)
Warning: Disabling timing arc between pins 'Q' and 'QN' on cell 'rf_reg[8][9]'
         to break a timing loop. (OPT-314)
Warning: Disabling timing arc between pins 'Q' and 'QN' on cell 'rf_reg[8][9]'
         to break a timing loop. (OPT-314)
Warning: Disabling timing arc between pins 'Q' and 'QN' on cell 'rf_reg[1][9]'
         to break a timing loop. (OPT-314)
Warning: Disabling timing arc between pins 'Q' and 'QN' on cell 'rf_reg[1][9]'
         to break a timing loop. (OPT-314)
Warning: Disabling timing arc between pins 'Q' and 'QN' on cell 'rf_reg[30][9]'
         to break a timing loop. (OPT-314)
Warning: Disabling timing arc between pins 'Q' and 'QN' on cell 'rf_reg[30][9]'
         to break a timing loop. (OPT-314)
Warning: Disabling timing arc between pins 'Q' and 'QN' on cell 'rf_reg[3][9]'
         to break a timing loop. (OPT-314)
Warning: Disabling timing arc between pins 'Q' and 'QN' on cell 'rf_reg[3][9]'
         to break a timing loop. (OPT-314)
Warning: Disabling timing arc between pins 'Q' and 'QN' on cell 'rf_reg[4][9]'
         to break a timing loop. (OPT-314)
Warning: Disabling timing arc between pins 'Q' and 'QN' on cell 'rf_reg[4][9]'
         to break a timing loop. (OPT-314)
Warning: Disabling timing arc between pins 'Q' and 'QN' on cell 'rf_reg[23][9]'
         to break a timing loop. (OPT-314)
Warning: Disabling timing arc between pins 'Q' and 'QN' on cell 'rf_reg[23][9]'
         to break a timing loop. (OPT-314)
Warning: Disabling timing arc between pins 'Q' and 'QN' on cell 'rf_reg[16][11]'
         to break a timing loop. (OPT-314)
Warning: Disabling timing arc between pins 'Q' and 'QN' on cell 'rf_reg[16][11]'
         to break a timing loop. (OPT-314)
Warning: Disabling timing arc between pins 'Q' and 'QN' on cell 'rf_reg[5][11]'
         to break a timing loop. (OPT-314)
Warning: Disabling timing arc between pins 'Q' and 'QN' on cell 'rf_reg[5][11]'
         to break a timing loop. (OPT-314)
Warning: Disabling timing arc between pins 'Q' and 'QN' on cell 'rf_reg[11][11]'
         to break a timing loop. (OPT-314)
Warning: Disabling timing arc between pins 'Q' and 'QN' on cell 'rf_reg[11][11]'
         to break a timing loop. (OPT-314)
Warning: Disabling timing arc between pins 'Q' and 'QN' on cell 'rf_reg[24][11]'
         to break a timing loop. (OPT-314)
Warning: Disabling timing arc between pins 'Q' and 'QN' on cell 'rf_reg[24][11]'
         to break a timing loop. (OPT-314)
Warning: Disabling timing arc between pins 'Q' and 'QN' on cell 'rf_reg[13][11]'
         to break a timing loop. (OPT-314)
Warning: Disabling timing arc between pins 'Q' and 'QN' on cell 'rf_reg[13][11]'
         to break a timing loop. (OPT-314)
Warning: Disabling timing arc between pins 'Q' and 'QN' on cell 'rf_reg[9][11]'
         to break a timing loop. (OPT-314)
Warning: Disabling timing arc between pins 'Q' and 'QN' on cell 'rf_reg[9][11]'
         to break a timing loop. (OPT-314)
Warning: Disabling timing arc between pins 'Q' and 'QN' on cell 'rf_reg[6][11]'
         to break a timing loop. (OPT-314)
Warning: Disabling timing arc between pins 'Q' and 'QN' on cell 'rf_reg[6][11]'
         to break a timing loop. (OPT-314)
Warning: Disabling timing arc between pins 'Q' and 'QN' on cell 'rf_reg[29][11]'
         to break a timing loop. (OPT-314)
Warning: Disabling timing arc between pins 'Q' and 'QN' on cell 'rf_reg[29][11]'
         to break a timing loop. (OPT-314)
Warning: Disabling timing arc between pins 'Q' and 'QN' on cell 'rf_reg[26][11]'
         to break a timing loop. (OPT-314)
Warning: Disabling timing arc between pins 'Q' and 'QN' on cell 'rf_reg[26][11]'
         to break a timing loop. (OPT-314)
Warning: Disabling timing arc between pins 'Q' and 'QN' on cell 'rf_reg[17][11]'
         to break a timing loop. (OPT-314)
Warning: Disabling timing arc between pins 'Q' and 'QN' on cell 'rf_reg[17][11]'
         to break a timing loop. (OPT-314)
Warning: Disabling timing arc between pins 'Q' and 'QN' on cell 'rf_reg[18][11]'
         to break a timing loop. (OPT-314)
Warning: Disabling timing arc between pins 'Q' and 'QN' on cell 'rf_reg[18][11]'
         to break a timing loop. (OPT-314)
Warning: Disabling timing arc between pins 'Q' and 'QN' on cell 'rf_reg[14][11]'
         to break a timing loop. (OPT-314)
Warning: Disabling timing arc between pins 'Q' and 'QN' on cell 'rf_reg[14][11]'
         to break a timing loop. (OPT-314)
Warning: Disabling timing arc between pins 'Q' and 'QN' on cell 'rf_reg[22][11]'
         to break a timing loop. (OPT-314)
Warning: Disabling timing arc between pins 'Q' and 'QN' on cell 'rf_reg[22][11]'
         to break a timing loop. (OPT-314)
Warning: Disabling timing arc between pins 'Q' and 'QN' on cell 'rf_reg[7][11]'
         to break a timing loop. (OPT-314)
Warning: Disabling timing arc between pins 'Q' and 'QN' on cell 'rf_reg[7][11]'
         to break a timing loop. (OPT-314)
Warning: Disabling timing arc between pins 'Q' and 'QN' on cell 'rf_reg[10][11]'
         to break a timing loop. (OPT-314)
Warning: Disabling timing arc between pins 'Q' and 'QN' on cell 'rf_reg[10][11]'
         to break a timing loop. (OPT-314)
Warning: Disabling timing arc between pins 'Q' and 'QN' on cell 'rf_reg[15][11]'
         to break a timing loop. (OPT-314)
Warning: Disabling timing arc between pins 'Q' and 'QN' on cell 'rf_reg[15][11]'
         to break a timing loop. (OPT-314)
Warning: Disabling timing arc between pins 'Q' and 'QN' on cell 'rf_reg[28][11]'
         to break a timing loop. (OPT-314)
Warning: Disabling timing arc between pins 'Q' and 'QN' on cell 'rf_reg[28][11]'
         to break a timing loop. (OPT-314)
Warning: Disabling timing arc between pins 'Q' and 'QN' on cell 'rf_reg[20][11]'
         to break a timing loop. (OPT-314)
Warning: Disabling timing arc between pins 'Q' and 'QN' on cell 'rf_reg[20][11]'
         to break a timing loop. (OPT-314)
Warning: Disabling timing arc between pins 'Q' and 'QN' on cell 'rf_reg[25][11]'
         to break a timing loop. (OPT-314)
Warning: Disabling timing arc between pins 'Q' and 'QN' on cell 'rf_reg[25][11]'
         to break a timing loop. (OPT-314)
Warning: Disabling timing arc between pins 'Q' and 'QN' on cell 'rf_reg[21][11]'
         to break a timing loop. (OPT-314)
Warning: Disabling timing arc between pins 'Q' and 'QN' on cell 'rf_reg[21][11]'
         to break a timing loop. (OPT-314)
Warning: Disabling timing arc between pins 'Q' and 'QN' on cell 'rf_reg[31][11]'
         to break a timing loop. (OPT-314)
Warning: Disabling timing arc between pins 'Q' and 'QN' on cell 'rf_reg[31][11]'
         to break a timing loop. (OPT-314)
Warning: Disabling timing arc between pins 'Q' and 'QN' on cell 'rf_reg[27][11]'
         to break a timing loop. (OPT-314)
Warning: Disabling timing arc between pins 'Q' and 'QN' on cell 'rf_reg[27][11]'
         to break a timing loop. (OPT-314)
Warning: Disabling timing arc between pins 'Q' and 'QN' on cell 'rf_reg[19][11]'
         to break a timing loop. (OPT-314)
Warning: Disabling timing arc between pins 'Q' and 'QN' on cell 'rf_reg[19][11]'
         to break a timing loop. (OPT-314)
Warning: Disabling timing arc between pins 'Q' and 'QN' on cell 'rf_reg[12][11]'
         to break a timing loop. (OPT-314)
Warning: Disabling timing arc between pins 'Q' and 'QN' on cell 'rf_reg[12][11]'
         to break a timing loop. (OPT-314)
Warning: Disabling timing arc between pins 'Q' and 'QN' on cell 'rf_reg[2][11]'
         to break a timing loop. (OPT-314)
Warning: Disabling timing arc between pins 'Q' and 'QN' on cell 'rf_reg[2][11]'
         to break a timing loop. (OPT-314)
Warning: Disabling timing arc between pins 'Q' and 'QN' on cell 'rf_reg[8][11]'
         to break a timing loop. (OPT-314)
Warning: Disabling timing arc between pins 'Q' and 'QN' on cell 'rf_reg[8][11]'
         to break a timing loop. (OPT-314)
Warning: Disabling timing arc between pins 'Q' and 'QN' on cell 'rf_reg[1][11]'
         to break a timing loop. (OPT-314)
Warning: Disabling timing arc between pins 'Q' and 'QN' on cell 'rf_reg[1][11]'
         to break a timing loop. (OPT-314)
Warning: Disabling timing arc between pins 'Q' and 'QN' on cell 'rf_reg[30][11]'
         to break a timing loop. (OPT-314)
Warning: Disabling timing arc between pins 'Q' and 'QN' on cell 'rf_reg[30][11]'
         to break a timing loop. (OPT-314)
Warning: Disabling timing arc between pins 'Q' and 'QN' on cell 'rf_reg[3][11]'
         to break a timing loop. (OPT-314)
Warning: Disabling timing arc between pins 'Q' and 'QN' on cell 'rf_reg[3][11]'
         to break a timing loop. (OPT-314)
Warning: Disabling timing arc between pins 'Q' and 'QN' on cell 'rf_reg[4][11]'
         to break a timing loop. (OPT-314)
Warning: Disabling timing arc between pins 'Q' and 'QN' on cell 'rf_reg[4][11]'
         to break a timing loop. (OPT-314)
Warning: Disabling timing arc between pins 'Q' and 'QN' on cell 'rf_reg[23][11]'
         to break a timing loop. (OPT-314)
Warning: Disabling timing arc between pins 'Q' and 'QN' on cell 'rf_reg[23][11]'
         to break a timing loop. (OPT-314)
Warning: Disabling timing arc between pins 'Q' and 'QN' on cell 'rf_reg[5][10]'
         to break a timing loop. (OPT-314)
Warning: Disabling timing arc between pins 'Q' and 'QN' on cell 'rf_reg[5][10]'
         to break a timing loop. (OPT-314)
Warning: Disabling timing arc between pins 'Q' and 'QN' on cell 'rf_reg[16][10]'
         to break a timing loop. (OPT-314)
Warning: Disabling timing arc between pins 'Q' and 'QN' on cell 'rf_reg[16][10]'
         to break a timing loop. (OPT-314)
Warning: Disabling timing arc between pins 'Q' and 'QN' on cell 'rf_reg[18][10]'
         to break a timing loop. (OPT-314)
Warning: Disabling timing arc between pins 'Q' and 'QN' on cell 'rf_reg[18][10]'
         to break a timing loop. (OPT-314)
Warning: Disabling timing arc between pins 'Q' and 'QN' on cell 'rf_reg[14][10]'
         to break a timing loop. (OPT-314)
Warning: Disabling timing arc between pins 'Q' and 'QN' on cell 'rf_reg[14][10]'
         to break a timing loop. (OPT-314)
Warning: Disabling timing arc between pins 'Q' and 'QN' on cell 'rf_reg[22][10]'
         to break a timing loop. (OPT-314)
Warning: Disabling timing arc between pins 'Q' and 'QN' on cell 'rf_reg[22][10]'
         to break a timing loop. (OPT-314)
Warning: Disabling timing arc between pins 'Q' and 'QN' on cell 'rf_reg[7][10]'
         to break a timing loop. (OPT-314)
Warning: Disabling timing arc between pins 'Q' and 'QN' on cell 'rf_reg[7][10]'
         to break a timing loop. (OPT-314)
Warning: Disabling timing arc between pins 'Q' and 'QN' on cell 'rf_reg[10][10]'
         to break a timing loop. (OPT-314)
Warning: Disabling timing arc between pins 'Q' and 'QN' on cell 'rf_reg[10][10]'
         to break a timing loop. (OPT-314)
Warning: Disabling timing arc between pins 'Q' and 'QN' on cell 'rf_reg[15][10]'
         to break a timing loop. (OPT-314)
Warning: Disabling timing arc between pins 'Q' and 'QN' on cell 'rf_reg[15][10]'
         to break a timing loop. (OPT-314)
Warning: Disabling timing arc between pins 'Q' and 'QN' on cell 'rf_reg[20][10]'
         to break a timing loop. (OPT-314)
Warning: Disabling timing arc between pins 'Q' and 'QN' on cell 'rf_reg[20][10]'
         to break a timing loop. (OPT-314)
Warning: Disabling timing arc between pins 'Q' and 'QN' on cell 'rf_reg[28][10]'
         to break a timing loop. (OPT-314)
Warning: Disabling timing arc between pins 'Q' and 'QN' on cell 'rf_reg[28][10]'
         to break a timing loop. (OPT-314)
Warning: Disabling timing arc between pins 'Q' and 'QN' on cell 'rf_reg[11][10]'
         to break a timing loop. (OPT-314)
Warning: Disabling timing arc between pins 'Q' and 'QN' on cell 'rf_reg[11][10]'
         to break a timing loop. (OPT-314)
Warning: Disabling timing arc between pins 'Q' and 'QN' on cell 'rf_reg[24][10]'
         to break a timing loop. (OPT-314)
Warning: Disabling timing arc between pins 'Q' and 'QN' on cell 'rf_reg[24][10]'
         to break a timing loop. (OPT-314)
Warning: Disabling timing arc between pins 'Q' and 'QN' on cell 'rf_reg[13][10]'
         to break a timing loop. (OPT-314)
Warning: Disabling timing arc between pins 'Q' and 'QN' on cell 'rf_reg[13][10]'
         to break a timing loop. (OPT-314)
Warning: Disabling timing arc between pins 'Q' and 'QN' on cell 'rf_reg[9][10]'
         to break a timing loop. (OPT-314)
Warning: Disabling timing arc between pins 'Q' and 'QN' on cell 'rf_reg[9][10]'
         to break a timing loop. (OPT-314)
Warning: Disabling timing arc between pins 'Q' and 'QN' on cell 'rf_reg[6][10]'
         to break a timing loop. (OPT-314)
Warning: Disabling timing arc between pins 'Q' and 'QN' on cell 'rf_reg[6][10]'
         to break a timing loop. (OPT-314)
Warning: Disabling timing arc between pins 'Q' and 'QN' on cell 'rf_reg[29][10]'
         to break a timing loop. (OPT-314)
Warning: Disabling timing arc between pins 'Q' and 'QN' on cell 'rf_reg[29][10]'
         to break a timing loop. (OPT-314)
Warning: Disabling timing arc between pins 'Q' and 'QN' on cell 'rf_reg[26][10]'
         to break a timing loop. (OPT-314)
Warning: Disabling timing arc between pins 'Q' and 'QN' on cell 'rf_reg[26][10]'
         to break a timing loop. (OPT-314)
Warning: Disabling timing arc between pins 'Q' and 'QN' on cell 'rf_reg[17][10]'
         to break a timing loop. (OPT-314)
Warning: Disabling timing arc between pins 'Q' and 'QN' on cell 'rf_reg[17][10]'
         to break a timing loop. (OPT-314)
Warning: Disabling timing arc between pins 'Q' and 'QN' on cell 'rf_reg[4][10]'
         to break a timing loop. (OPT-314)
Warning: Disabling timing arc between pins 'Q' and 'QN' on cell 'rf_reg[4][10]'
         to break a timing loop. (OPT-314)
Warning: Disabling timing arc between pins 'Q' and 'QN' on cell 'rf_reg[23][10]'
         to break a timing loop. (OPT-314)
Warning: Disabling timing arc between pins 'Q' and 'QN' on cell 'rf_reg[23][10]'
         to break a timing loop. (OPT-314)
Warning: Disabling timing arc between pins 'Q' and 'QN' on cell 'rf_reg[31][10]'
         to break a timing loop. (OPT-314)
Warning: Disabling timing arc between pins 'Q' and 'QN' on cell 'rf_reg[31][10]'
         to break a timing loop. (OPT-314)
Warning: Disabling timing arc between pins 'Q' and 'QN' on cell 'rf_reg[3][10]'
         to break a timing loop. (OPT-314)
Warning: Disabling timing arc between pins 'Q' and 'QN' on cell 'rf_reg[3][10]'
         to break a timing loop. (OPT-314)
Warning: Disabling timing arc between pins 'Q' and 'QN' on cell 'rf_reg[30][10]'
         to break a timing loop. (OPT-314)
Warning: Disabling timing arc between pins 'Q' and 'QN' on cell 'rf_reg[30][10]'
         to break a timing loop. (OPT-314)
Warning: Disabling timing arc between pins 'Q' and 'QN' on cell 'rf_reg[12][10]'
         to break a timing loop. (OPT-314)
Warning: Disabling timing arc between pins 'Q' and 'QN' on cell 'rf_reg[12][10]'
         to break a timing loop. (OPT-314)
Warning: Disabling timing arc between pins 'Q' and 'QN' on cell 'rf_reg[27][10]'
         to break a timing loop. (OPT-314)
Warning: Disabling timing arc between pins 'Q' and 'QN' on cell 'rf_reg[27][10]'
         to break a timing loop. (OPT-314)
Warning: Disabling timing arc between pins 'Q' and 'QN' on cell 'rf_reg[25][10]'
         to break a timing loop. (OPT-314)
Warning: Disabling timing arc between pins 'Q' and 'QN' on cell 'rf_reg[25][10]'
         to break a timing loop. (OPT-314)
Warning: Disabling timing arc between pins 'Q' and 'QN' on cell 'rf_reg[21][10]'
         to break a timing loop. (OPT-314)
Warning: Disabling timing arc between pins 'Q' and 'QN' on cell 'rf_reg[21][10]'
         to break a timing loop. (OPT-314)
Warning: Disabling timing arc between pins 'Q' and 'QN' on cell 'rf_reg[19][10]'
         to break a timing loop. (OPT-314)
Warning: Disabling timing arc between pins 'Q' and 'QN' on cell 'rf_reg[19][10]'
         to break a timing loop. (OPT-314)
Warning: Disabling timing arc between pins 'Q' and 'QN' on cell 'rf_reg[2][10]'
         to break a timing loop. (OPT-314)
Warning: Disabling timing arc between pins 'Q' and 'QN' on cell 'rf_reg[2][10]'
         to break a timing loop. (OPT-314)
Warning: Disabling timing arc between pins 'Q' and 'QN' on cell 'rf_reg[8][10]'
         to break a timing loop. (OPT-314)
Warning: Disabling timing arc between pins 'Q' and 'QN' on cell 'rf_reg[8][10]'
         to break a timing loop. (OPT-314)
Warning: Disabling timing arc between pins 'Q' and 'QN' on cell 'rf_reg[1][10]'
         to break a timing loop. (OPT-314)
Warning: Disabling timing arc between pins 'Q' and 'QN' on cell 'rf_reg[1][10]'
         to break a timing loop. (OPT-314)
Warning: Disabling timing arc between pins 'Q' and 'QN' on cell 'rf_reg[5][7]'
         to break a timing loop. (OPT-314)
Warning: Disabling timing arc between pins 'Q' and 'QN' on cell 'rf_reg[5][7]'
         to break a timing loop. (OPT-314)
Warning: Disabling timing arc between pins 'Q' and 'QN' on cell 'rf_reg[16][7]'
         to break a timing loop. (OPT-314)
Warning: Disabling timing arc between pins 'Q' and 'QN' on cell 'rf_reg[16][7]'
         to break a timing loop. (OPT-314)
Warning: Disabling timing arc between pins 'Q' and 'QN' on cell 'rf_reg[11][7]'
         to break a timing loop. (OPT-314)
Warning: Disabling timing arc between pins 'Q' and 'QN' on cell 'rf_reg[11][7]'
         to break a timing loop. (OPT-314)
Warning: Disabling timing arc between pins 'Q' and 'QN' on cell 'rf_reg[24][7]'
         to break a timing loop. (OPT-314)
Warning: Disabling timing arc between pins 'Q' and 'QN' on cell 'rf_reg[24][7]'
         to break a timing loop. (OPT-314)
Warning: Disabling timing arc between pins 'Q' and 'QN' on cell 'rf_reg[13][7]'
         to break a timing loop. (OPT-314)
Warning: Disabling timing arc between pins 'Q' and 'QN' on cell 'rf_reg[13][7]'
         to break a timing loop. (OPT-314)
Warning: Disabling timing arc between pins 'Q' and 'QN' on cell 'rf_reg[9][7]'
         to break a timing loop. (OPT-314)
Warning: Disabling timing arc between pins 'Q' and 'QN' on cell 'rf_reg[9][7]'
         to break a timing loop. (OPT-314)
Warning: Disabling timing arc between pins 'Q' and 'QN' on cell 'rf_reg[6][7]'
         to break a timing loop. (OPT-314)
Warning: Disabling timing arc between pins 'Q' and 'QN' on cell 'rf_reg[6][7]'
         to break a timing loop. (OPT-314)
Warning: Disabling timing arc between pins 'Q' and 'QN' on cell 'rf_reg[29][7]'
         to break a timing loop. (OPT-314)
Warning: Disabling timing arc between pins 'Q' and 'QN' on cell 'rf_reg[29][7]'
         to break a timing loop. (OPT-314)
Warning: Disabling timing arc between pins 'Q' and 'QN' on cell 'rf_reg[26][7]'
         to break a timing loop. (OPT-314)
Warning: Disabling timing arc between pins 'Q' and 'QN' on cell 'rf_reg[26][7]'
         to break a timing loop. (OPT-314)
Warning: Disabling timing arc between pins 'Q' and 'QN' on cell 'rf_reg[17][7]'
         to break a timing loop. (OPT-314)
Warning: Disabling timing arc between pins 'Q' and 'QN' on cell 'rf_reg[17][7]'
         to break a timing loop. (OPT-314)
Warning: Disabling timing arc between pins 'Q' and 'QN' on cell 'rf_reg[18][7]'
         to break a timing loop. (OPT-314)
Warning: Disabling timing arc between pins 'Q' and 'QN' on cell 'rf_reg[18][7]'
         to break a timing loop. (OPT-314)
Warning: Disabling timing arc between pins 'Q' and 'QN' on cell 'rf_reg[14][7]'
         to break a timing loop. (OPT-314)
Warning: Disabling timing arc between pins 'Q' and 'QN' on cell 'rf_reg[14][7]'
         to break a timing loop. (OPT-314)
Warning: Disabling timing arc between pins 'Q' and 'QN' on cell 'rf_reg[22][7]'
         to break a timing loop. (OPT-314)
Warning: Disabling timing arc between pins 'Q' and 'QN' on cell 'rf_reg[22][7]'
         to break a timing loop. (OPT-314)
Warning: Disabling timing arc between pins 'Q' and 'QN' on cell 'rf_reg[7][7]'
         to break a timing loop. (OPT-314)
Warning: Disabling timing arc between pins 'Q' and 'QN' on cell 'rf_reg[7][7]'
         to break a timing loop. (OPT-314)
Warning: Disabling timing arc between pins 'Q' and 'QN' on cell 'rf_reg[10][7]'
         to break a timing loop. (OPT-314)
Warning: Disabling timing arc between pins 'Q' and 'QN' on cell 'rf_reg[10][7]'
         to break a timing loop. (OPT-314)
Warning: Disabling timing arc between pins 'Q' and 'QN' on cell 'rf_reg[15][7]'
         to break a timing loop. (OPT-314)
Warning: Disabling timing arc between pins 'Q' and 'QN' on cell 'rf_reg[15][7]'
         to break a timing loop. (OPT-314)
Warning: Disabling timing arc between pins 'Q' and 'QN' on cell 'rf_reg[28][7]'
         to break a timing loop. (OPT-314)
Warning: Disabling timing arc between pins 'Q' and 'QN' on cell 'rf_reg[28][7]'
         to break a timing loop. (OPT-314)
Warning: Disabling timing arc between pins 'Q' and 'QN' on cell 'rf_reg[20][7]'
         to break a timing loop. (OPT-314)
Warning: Disabling timing arc between pins 'Q' and 'QN' on cell 'rf_reg[20][7]'
         to break a timing loop. (OPT-314)
Warning: Disabling timing arc between pins 'Q' and 'QN' on cell 'rf_reg[25][7]'
         to break a timing loop. (OPT-314)
Warning: Disabling timing arc between pins 'Q' and 'QN' on cell 'rf_reg[25][7]'
         to break a timing loop. (OPT-314)
Warning: Disabling timing arc between pins 'Q' and 'QN' on cell 'rf_reg[21][7]'
         to break a timing loop. (OPT-314)
Warning: Disabling timing arc between pins 'Q' and 'QN' on cell 'rf_reg[21][7]'
         to break a timing loop. (OPT-314)
Warning: Disabling timing arc between pins 'Q' and 'QN' on cell 'rf_reg[31][7]'
         to break a timing loop. (OPT-314)
Warning: Disabling timing arc between pins 'Q' and 'QN' on cell 'rf_reg[31][7]'
         to break a timing loop. (OPT-314)
Warning: Disabling timing arc between pins 'Q' and 'QN' on cell 'rf_reg[27][7]'
         to break a timing loop. (OPT-314)
Warning: Disabling timing arc between pins 'Q' and 'QN' on cell 'rf_reg[27][7]'
         to break a timing loop. (OPT-314)
Warning: Disabling timing arc between pins 'Q' and 'QN' on cell 'rf_reg[19][7]'
         to break a timing loop. (OPT-314)
Warning: Disabling timing arc between pins 'Q' and 'QN' on cell 'rf_reg[19][7]'
         to break a timing loop. (OPT-314)
Warning: Disabling timing arc between pins 'Q' and 'QN' on cell 'rf_reg[12][7]'
         to break a timing loop. (OPT-314)
Warning: Disabling timing arc between pins 'Q' and 'QN' on cell 'rf_reg[12][7]'
         to break a timing loop. (OPT-314)
Warning: Disabling timing arc between pins 'Q' and 'QN' on cell 'rf_reg[2][7]'
         to break a timing loop. (OPT-314)
Warning: Disabling timing arc between pins 'Q' and 'QN' on cell 'rf_reg[2][7]'
         to break a timing loop. (OPT-314)
Warning: Disabling timing arc between pins 'Q' and 'QN' on cell 'rf_reg[8][7]'
         to break a timing loop. (OPT-314)
Warning: Disabling timing arc between pins 'Q' and 'QN' on cell 'rf_reg[8][7]'
         to break a timing loop. (OPT-314)
Warning: Disabling timing arc between pins 'Q' and 'QN' on cell 'rf_reg[1][7]'
         to break a timing loop. (OPT-314)
Warning: Disabling timing arc between pins 'Q' and 'QN' on cell 'rf_reg[1][7]'
         to break a timing loop. (OPT-314)
Warning: Disabling timing arc between pins 'Q' and 'QN' on cell 'rf_reg[30][7]'
         to break a timing loop. (OPT-314)
Warning: Disabling timing arc between pins 'Q' and 'QN' on cell 'rf_reg[30][7]'
         to break a timing loop. (OPT-314)
Warning: Disabling timing arc between pins 'Q' and 'QN' on cell 'rf_reg[3][7]'
         to break a timing loop. (OPT-314)
Warning: Disabling timing arc between pins 'Q' and 'QN' on cell 'rf_reg[3][7]'
         to break a timing loop. (OPT-314)
Warning: Disabling timing arc between pins 'Q' and 'QN' on cell 'rf_reg[4][7]'
         to break a timing loop. (OPT-314)
Warning: Disabling timing arc between pins 'Q' and 'QN' on cell 'rf_reg[4][7]'
         to break a timing loop. (OPT-314)
Warning: Disabling timing arc between pins 'Q' and 'QN' on cell 'rf_reg[23][7]'
         to break a timing loop. (OPT-314)
Warning: Disabling timing arc between pins 'Q' and 'QN' on cell 'rf_reg[23][7]'
         to break a timing loop. (OPT-314)
Warning: Disabling timing arc between pins 'Q' and 'QN' on cell 'rf_reg[5][6]'
         to break a timing loop. (OPT-314)
Warning: Disabling timing arc between pins 'Q' and 'QN' on cell 'rf_reg[5][6]'
         to break a timing loop. (OPT-314)
Warning: Disabling timing arc between pins 'Q' and 'QN' on cell 'rf_reg[16][6]'
         to break a timing loop. (OPT-314)
Warning: Disabling timing arc between pins 'Q' and 'QN' on cell 'rf_reg[16][6]'
         to break a timing loop. (OPT-314)
Warning: Disabling timing arc between pins 'Q' and 'QN' on cell 'rf_reg[18][6]'
         to break a timing loop. (OPT-314)
Warning: Disabling timing arc between pins 'Q' and 'QN' on cell 'rf_reg[18][6]'
         to break a timing loop. (OPT-314)
Warning: Disabling timing arc between pins 'Q' and 'QN' on cell 'rf_reg[14][6]'
         to break a timing loop. (OPT-314)
Warning: Disabling timing arc between pins 'Q' and 'QN' on cell 'rf_reg[14][6]'
         to break a timing loop. (OPT-314)
Warning: Disabling timing arc between pins 'Q' and 'QN' on cell 'rf_reg[22][6]'
         to break a timing loop. (OPT-314)
Warning: Disabling timing arc between pins 'Q' and 'QN' on cell 'rf_reg[22][6]'
         to break a timing loop. (OPT-314)
Warning: Disabling timing arc between pins 'Q' and 'QN' on cell 'rf_reg[7][6]'
         to break a timing loop. (OPT-314)
Warning: Disabling timing arc between pins 'Q' and 'QN' on cell 'rf_reg[7][6]'
         to break a timing loop. (OPT-314)
Warning: Disabling timing arc between pins 'Q' and 'QN' on cell 'rf_reg[20][6]'
         to break a timing loop. (OPT-314)
Warning: Disabling timing arc between pins 'Q' and 'QN' on cell 'rf_reg[20][6]'
         to break a timing loop. (OPT-314)
Warning: Disabling timing arc between pins 'Q' and 'QN' on cell 'rf_reg[28][6]'
         to break a timing loop. (OPT-314)
Warning: Disabling timing arc between pins 'Q' and 'QN' on cell 'rf_reg[28][6]'
         to break a timing loop. (OPT-314)
Warning: Disabling timing arc between pins 'Q' and 'QN' on cell 'rf_reg[15][6]'
         to break a timing loop. (OPT-314)
Warning: Disabling timing arc between pins 'Q' and 'QN' on cell 'rf_reg[15][6]'
         to break a timing loop. (OPT-314)
Warning: Disabling timing arc between pins 'Q' and 'QN' on cell 'rf_reg[10][6]'
         to break a timing loop. (OPT-314)
Warning: Disabling timing arc between pins 'Q' and 'QN' on cell 'rf_reg[10][6]'
         to break a timing loop. (OPT-314)
Warning: Disabling timing arc between pins 'Q' and 'QN' on cell 'rf_reg[11][6]'
         to break a timing loop. (OPT-314)
Warning: Disabling timing arc between pins 'Q' and 'QN' on cell 'rf_reg[11][6]'
         to break a timing loop. (OPT-314)
Warning: Disabling timing arc between pins 'Q' and 'QN' on cell 'rf_reg[24][6]'
         to break a timing loop. (OPT-314)
Warning: Disabling timing arc between pins 'Q' and 'QN' on cell 'rf_reg[24][6]'
         to break a timing loop. (OPT-314)
Warning: Disabling timing arc between pins 'Q' and 'QN' on cell 'rf_reg[13][6]'
         to break a timing loop. (OPT-314)
Warning: Disabling timing arc between pins 'Q' and 'QN' on cell 'rf_reg[13][6]'
         to break a timing loop. (OPT-314)
Warning: Disabling timing arc between pins 'Q' and 'QN' on cell 'rf_reg[9][6]'
         to break a timing loop. (OPT-314)
Warning: Disabling timing arc between pins 'Q' and 'QN' on cell 'rf_reg[9][6]'
         to break a timing loop. (OPT-314)
Warning: Disabling timing arc between pins 'Q' and 'QN' on cell 'rf_reg[6][6]'
         to break a timing loop. (OPT-314)
Warning: Disabling timing arc between pins 'Q' and 'QN' on cell 'rf_reg[6][6]'
         to break a timing loop. (OPT-314)
Warning: Disabling timing arc between pins 'Q' and 'QN' on cell 'rf_reg[29][6]'
         to break a timing loop. (OPT-314)
Warning: Disabling timing arc between pins 'Q' and 'QN' on cell 'rf_reg[29][6]'
         to break a timing loop. (OPT-314)
Warning: Disabling timing arc between pins 'Q' and 'QN' on cell 'rf_reg[26][6]'
         to break a timing loop. (OPT-314)
Warning: Disabling timing arc between pins 'Q' and 'QN' on cell 'rf_reg[26][6]'
         to break a timing loop. (OPT-314)
Warning: Disabling timing arc between pins 'Q' and 'QN' on cell 'rf_reg[17][6]'
         to break a timing loop. (OPT-314)
Warning: Disabling timing arc between pins 'Q' and 'QN' on cell 'rf_reg[17][6]'
         to break a timing loop. (OPT-314)
Warning: Disabling timing arc between pins 'Q' and 'QN' on cell 'rf_reg[30][6]'
         to break a timing loop. (OPT-314)
Warning: Disabling timing arc between pins 'Q' and 'QN' on cell 'rf_reg[30][6]'
         to break a timing loop. (OPT-314)
Warning: Disabling timing arc between pins 'Q' and 'QN' on cell 'rf_reg[3][6]'
         to break a timing loop. (OPT-314)
Warning: Disabling timing arc between pins 'Q' and 'QN' on cell 'rf_reg[3][6]'
         to break a timing loop. (OPT-314)
Warning: Disabling timing arc between pins 'Q' and 'QN' on cell 'rf_reg[4][6]'
         to break a timing loop. (OPT-314)
Warning: Disabling timing arc between pins 'Q' and 'QN' on cell 'rf_reg[4][6]'
         to break a timing loop. (OPT-314)
Warning: Disabling timing arc between pins 'Q' and 'QN' on cell 'rf_reg[23][6]'
         to break a timing loop. (OPT-314)
Warning: Disabling timing arc between pins 'Q' and 'QN' on cell 'rf_reg[23][6]'
         to break a timing loop. (OPT-314)
Warning: Disabling timing arc between pins 'Q' and 'QN' on cell 'rf_reg[12][6]'
         to break a timing loop. (OPT-314)
Warning: Disabling timing arc between pins 'Q' and 'QN' on cell 'rf_reg[12][6]'
         to break a timing loop. (OPT-314)
Warning: Disabling timing arc between pins 'Q' and 'QN' on cell 'rf_reg[27][6]'
         to break a timing loop. (OPT-314)
Warning: Disabling timing arc between pins 'Q' and 'QN' on cell 'rf_reg[27][6]'
         to break a timing loop. (OPT-314)
Warning: Disabling timing arc between pins 'Q' and 'QN' on cell 'rf_reg[31][6]'
         to break a timing loop. (OPT-314)
Warning: Disabling timing arc between pins 'Q' and 'QN' on cell 'rf_reg[31][6]'
         to break a timing loop. (OPT-314)
Warning: Disabling timing arc between pins 'Q' and 'QN' on cell 'rf_reg[1][6]'
         to break a timing loop. (OPT-314)
Warning: Disabling timing arc between pins 'Q' and 'QN' on cell 'rf_reg[1][6]'
         to break a timing loop. (OPT-314)
Warning: Disabling timing arc between pins 'Q' and 'QN' on cell 'rf_reg[21][6]'
         to break a timing loop. (OPT-314)
Warning: Disabling timing arc between pins 'Q' and 'QN' on cell 'rf_reg[21][6]'
         to break a timing loop. (OPT-314)
Warning: Disabling timing arc between pins 'Q' and 'QN' on cell 'rf_reg[25][6]'
         to break a timing loop. (OPT-314)
Warning: Disabling timing arc between pins 'Q' and 'QN' on cell 'rf_reg[25][6]'
         to break a timing loop. (OPT-314)
Warning: Disabling timing arc between pins 'Q' and 'QN' on cell 'rf_reg[19][6]'
         to break a timing loop. (OPT-314)
Warning: Disabling timing arc between pins 'Q' and 'QN' on cell 'rf_reg[19][6]'
         to break a timing loop. (OPT-314)
Warning: Disabling timing arc between pins 'Q' and 'QN' on cell 'rf_reg[8][6]'
         to break a timing loop. (OPT-314)
Warning: Disabling timing arc between pins 'Q' and 'QN' on cell 'rf_reg[8][6]'
         to break a timing loop. (OPT-314)
Warning: Disabling timing arc between pins 'Q' and 'QN' on cell 'rf_reg[2][6]'
         to break a timing loop. (OPT-314)
Warning: Disabling timing arc between pins 'Q' and 'QN' on cell 'rf_reg[2][6]'
         to break a timing loop. (OPT-314)
Warning: Disabling timing arc between pins 'Q' and 'QN' on cell 'rf_reg[5][5]'
         to break a timing loop. (OPT-314)
Warning: Disabling timing arc between pins 'Q' and 'QN' on cell 'rf_reg[5][5]'
         to break a timing loop. (OPT-314)
Warning: Disabling timing arc between pins 'Q' and 'QN' on cell 'rf_reg[16][5]'
         to break a timing loop. (OPT-314)
Warning: Disabling timing arc between pins 'Q' and 'QN' on cell 'rf_reg[16][5]'
         to break a timing loop. (OPT-314)
Warning: Disabling timing arc between pins 'Q' and 'QN' on cell 'rf_reg[18][5]'
         to break a timing loop. (OPT-314)
Warning: Disabling timing arc between pins 'Q' and 'QN' on cell 'rf_reg[18][5]'
         to break a timing loop. (OPT-314)
Warning: Disabling timing arc between pins 'Q' and 'QN' on cell 'rf_reg[14][5]'
         to break a timing loop. (OPT-314)
Warning: Disabling timing arc between pins 'Q' and 'QN' on cell 'rf_reg[14][5]'
         to break a timing loop. (OPT-314)
Warning: Disabling timing arc between pins 'Q' and 'QN' on cell 'rf_reg[22][5]'
         to break a timing loop. (OPT-314)
Warning: Disabling timing arc between pins 'Q' and 'QN' on cell 'rf_reg[22][5]'
         to break a timing loop. (OPT-314)
Warning: Disabling timing arc between pins 'Q' and 'QN' on cell 'rf_reg[7][5]'
         to break a timing loop. (OPT-314)
Warning: Disabling timing arc between pins 'Q' and 'QN' on cell 'rf_reg[7][5]'
         to break a timing loop. (OPT-314)
Warning: Disabling timing arc between pins 'Q' and 'QN' on cell 'rf_reg[10][5]'
         to break a timing loop. (OPT-314)
Warning: Disabling timing arc between pins 'Q' and 'QN' on cell 'rf_reg[10][5]'
         to break a timing loop. (OPT-314)
Warning: Disabling timing arc between pins 'Q' and 'QN' on cell 'rf_reg[15][5]'
         to break a timing loop. (OPT-314)
Warning: Disabling timing arc between pins 'Q' and 'QN' on cell 'rf_reg[15][5]'
         to break a timing loop. (OPT-314)
Warning: Disabling timing arc between pins 'Q' and 'QN' on cell 'rf_reg[28][5]'
         to break a timing loop. (OPT-314)
Warning: Disabling timing arc between pins 'Q' and 'QN' on cell 'rf_reg[28][5]'
         to break a timing loop. (OPT-314)
Warning: Disabling timing arc between pins 'Q' and 'QN' on cell 'rf_reg[20][5]'
         to break a timing loop. (OPT-314)
Warning: Disabling timing arc between pins 'Q' and 'QN' on cell 'rf_reg[20][5]'
         to break a timing loop. (OPT-314)
Warning: Disabling timing arc between pins 'Q' and 'QN' on cell 'rf_reg[25][5]'
         to break a timing loop. (OPT-314)
Warning: Disabling timing arc between pins 'Q' and 'QN' on cell 'rf_reg[25][5]'
         to break a timing loop. (OPT-314)
Warning: Disabling timing arc between pins 'Q' and 'QN' on cell 'rf_reg[21][5]'
         to break a timing loop. (OPT-314)
Warning: Disabling timing arc between pins 'Q' and 'QN' on cell 'rf_reg[21][5]'
         to break a timing loop. (OPT-314)
Warning: Disabling timing arc between pins 'Q' and 'QN' on cell 'rf_reg[31][5]'
         to break a timing loop. (OPT-314)
Warning: Disabling timing arc between pins 'Q' and 'QN' on cell 'rf_reg[31][5]'
         to break a timing loop. (OPT-314)
Warning: Disabling timing arc between pins 'Q' and 'QN' on cell 'rf_reg[27][5]'
         to break a timing loop. (OPT-314)
Warning: Disabling timing arc between pins 'Q' and 'QN' on cell 'rf_reg[27][5]'
         to break a timing loop. (OPT-314)
Warning: Disabling timing arc between pins 'Q' and 'QN' on cell 'rf_reg[19][5]'
         to break a timing loop. (OPT-314)
Warning: Disabling timing arc between pins 'Q' and 'QN' on cell 'rf_reg[19][5]'
         to break a timing loop. (OPT-314)
Warning: Disabling timing arc between pins 'Q' and 'QN' on cell 'rf_reg[12][5]'
         to break a timing loop. (OPT-314)
Warning: Disabling timing arc between pins 'Q' and 'QN' on cell 'rf_reg[12][5]'
         to break a timing loop. (OPT-314)
Warning: Disabling timing arc between pins 'Q' and 'QN' on cell 'rf_reg[2][5]'
         to break a timing loop. (OPT-314)
Warning: Disabling timing arc between pins 'Q' and 'QN' on cell 'rf_reg[2][5]'
         to break a timing loop. (OPT-314)
Warning: Disabling timing arc between pins 'Q' and 'QN' on cell 'rf_reg[8][5]'
         to break a timing loop. (OPT-314)
Warning: Disabling timing arc between pins 'Q' and 'QN' on cell 'rf_reg[8][5]'
         to break a timing loop. (OPT-314)
Warning: Disabling timing arc between pins 'Q' and 'QN' on cell 'rf_reg[1][5]'
         to break a timing loop. (OPT-314)
Warning: Disabling timing arc between pins 'Q' and 'QN' on cell 'rf_reg[1][5]'
         to break a timing loop. (OPT-314)
Warning: Disabling timing arc between pins 'Q' and 'QN' on cell 'rf_reg[30][5]'
         to break a timing loop. (OPT-314)
Warning: Disabling timing arc between pins 'Q' and 'QN' on cell 'rf_reg[30][5]'
         to break a timing loop. (OPT-314)
Warning: Disabling timing arc between pins 'Q' and 'QN' on cell 'rf_reg[3][5]'
         to break a timing loop. (OPT-314)
Warning: Disabling timing arc between pins 'Q' and 'QN' on cell 'rf_reg[3][5]'
         to break a timing loop. (OPT-314)
Warning: Disabling timing arc between pins 'Q' and 'QN' on cell 'rf_reg[4][5]'
         to break a timing loop. (OPT-314)
Warning: Disabling timing arc between pins 'Q' and 'QN' on cell 'rf_reg[4][5]'
         to break a timing loop. (OPT-314)
Warning: Disabling timing arc between pins 'Q' and 'QN' on cell 'rf_reg[23][5]'
         to break a timing loop. (OPT-314)
Warning: Disabling timing arc between pins 'Q' and 'QN' on cell 'rf_reg[23][5]'
         to break a timing loop. (OPT-314)
Warning: Disabling timing arc between pins 'Q' and 'QN' on cell 'rf_reg[11][5]'
         to break a timing loop. (OPT-314)
Warning: Disabling timing arc between pins 'Q' and 'QN' on cell 'rf_reg[11][5]'
         to break a timing loop. (OPT-314)
Warning: Disabling timing arc between pins 'Q' and 'QN' on cell 'rf_reg[24][5]'
         to break a timing loop. (OPT-314)
Warning: Disabling timing arc between pins 'Q' and 'QN' on cell 'rf_reg[24][5]'
         to break a timing loop. (OPT-314)
Warning: Disabling timing arc between pins 'Q' and 'QN' on cell 'rf_reg[13][5]'
         to break a timing loop. (OPT-314)
Warning: Disabling timing arc between pins 'Q' and 'QN' on cell 'rf_reg[13][5]'
         to break a timing loop. (OPT-314)
Warning: Disabling timing arc between pins 'Q' and 'QN' on cell 'rf_reg[9][5]'
         to break a timing loop. (OPT-314)
Warning: Disabling timing arc between pins 'Q' and 'QN' on cell 'rf_reg[9][5]'
         to break a timing loop. (OPT-314)
Warning: Disabling timing arc between pins 'Q' and 'QN' on cell 'rf_reg[6][5]'
         to break a timing loop. (OPT-314)
Warning: Disabling timing arc between pins 'Q' and 'QN' on cell 'rf_reg[6][5]'
         to break a timing loop. (OPT-314)
Warning: Disabling timing arc between pins 'Q' and 'QN' on cell 'rf_reg[29][5]'
         to break a timing loop. (OPT-314)
Warning: Disabling timing arc between pins 'Q' and 'QN' on cell 'rf_reg[29][5]'
         to break a timing loop. (OPT-314)
Warning: Disabling timing arc between pins 'Q' and 'QN' on cell 'rf_reg[26][5]'
         to break a timing loop. (OPT-314)
Warning: Disabling timing arc between pins 'Q' and 'QN' on cell 'rf_reg[26][5]'
         to break a timing loop. (OPT-314)
Warning: Disabling timing arc between pins 'Q' and 'QN' on cell 'rf_reg[17][5]'
         to break a timing loop. (OPT-314)
Warning: Disabling timing arc between pins 'Q' and 'QN' on cell 'rf_reg[17][5]'
         to break a timing loop. (OPT-314)
Warning: Disabling timing arc between pins 'Q' and 'QN' on cell 'rf_reg[31][21]'
         to break a timing loop. (OPT-314)
Warning: Disabling timing arc between pins 'Q' and 'QN' on cell 'rf_reg[31][21]'
         to break a timing loop. (OPT-314)
Warning: Disabling timing arc between pins 'Q' and 'QN' on cell 'rf_reg[27][21]'
         to break a timing loop. (OPT-314)
Warning: Disabling timing arc between pins 'Q' and 'QN' on cell 'rf_reg[27][21]'
         to break a timing loop. (OPT-314)
Warning: Disabling timing arc between pins 'Q' and 'QN' on cell 'rf_reg[11][21]'
         to break a timing loop. (OPT-314)
Warning: Disabling timing arc between pins 'Q' and 'QN' on cell 'rf_reg[11][21]'
         to break a timing loop. (OPT-314)
Warning: Disabling timing arc between pins 'Q' and 'QN' on cell 'rf_reg[9][21]'
         to break a timing loop. (OPT-314)
Warning: Disabling timing arc between pins 'Q' and 'QN' on cell 'rf_reg[9][21]'
         to break a timing loop. (OPT-314)
Warning: Disabling timing arc between pins 'Q' and 'QN' on cell 'rf_reg[20][21]'
         to break a timing loop. (OPT-314)
Warning: Disabling timing arc between pins 'Q' and 'QN' on cell 'rf_reg[20][21]'
         to break a timing loop. (OPT-314)
Warning: Disabling timing arc between pins 'Q' and 'QN' on cell 'rf_reg[17][21]'
         to break a timing loop. (OPT-314)
Warning: Disabling timing arc between pins 'Q' and 'QN' on cell 'rf_reg[17][21]'
         to break a timing loop. (OPT-314)
Warning: Disabling timing arc between pins 'Q' and 'QN' on cell 'rf_reg[14][21]'
         to break a timing loop. (OPT-314)
Warning: Disabling timing arc between pins 'Q' and 'QN' on cell 'rf_reg[14][21]'
         to break a timing loop. (OPT-314)
Warning: Disabling timing arc between pins 'Q' and 'QN' on cell 'rf_reg[13][21]'
         to break a timing loop. (OPT-314)
Warning: Disabling timing arc between pins 'Q' and 'QN' on cell 'rf_reg[13][21]'
         to break a timing loop. (OPT-314)
Warning: Disabling timing arc between pins 'Q' and 'QN' on cell 'rf_reg[18][21]'
         to break a timing loop. (OPT-314)
Warning: Disabling timing arc between pins 'Q' and 'QN' on cell 'rf_reg[18][21]'
         to break a timing loop. (OPT-314)
Warning: Disabling timing arc between pins 'Q' and 'QN' on cell 'rf_reg[28][21]'
         to break a timing loop. (OPT-314)
Warning: Disabling timing arc between pins 'Q' and 'QN' on cell 'rf_reg[28][21]'
         to break a timing loop. (OPT-314)
Warning: Disabling timing arc between pins 'Q' and 'QN' on cell 'rf_reg[19][21]'
         to break a timing loop. (OPT-314)
Warning: Disabling timing arc between pins 'Q' and 'QN' on cell 'rf_reg[19][21]'
         to break a timing loop. (OPT-314)
Warning: Disabling timing arc between pins 'Q' and 'QN' on cell 'rf_reg[12][21]'
         to break a timing loop. (OPT-314)
Warning: Disabling timing arc between pins 'Q' and 'QN' on cell 'rf_reg[12][21]'
         to break a timing loop. (OPT-314)
Warning: Disabling timing arc between pins 'Q' and 'QN' on cell 'rf_reg[10][21]'
         to break a timing loop. (OPT-314)
Warning: Disabling timing arc between pins 'Q' and 'QN' on cell 'rf_reg[10][21]'
         to break a timing loop. (OPT-314)
Warning: Disabling timing arc between pins 'Q' and 'QN' on cell 'rf_reg[15][21]'
         to break a timing loop. (OPT-314)
Warning: Disabling timing arc between pins 'Q' and 'QN' on cell 'rf_reg[15][21]'
         to break a timing loop. (OPT-314)
Warning: Disabling timing arc between pins 'Q' and 'QN' on cell 'rf_reg[25][21]'
         to break a timing loop. (OPT-314)
Warning: Disabling timing arc between pins 'Q' and 'QN' on cell 'rf_reg[25][21]'
         to break a timing loop. (OPT-314)
Warning: Disabling timing arc between pins 'Q' and 'QN' on cell 'rf_reg[21][21]'
         to break a timing loop. (OPT-314)
Warning: Disabling timing arc between pins 'Q' and 'QN' on cell 'rf_reg[21][21]'
         to break a timing loop. (OPT-314)
Warning: Disabling timing arc between pins 'Q' and 'QN' on cell 'rf_reg[23][21]'
         to break a timing loop. (OPT-314)
Warning: Disabling timing arc between pins 'Q' and 'QN' on cell 'rf_reg[23][21]'
         to break a timing loop. (OPT-314)
Warning: Disabling timing arc between pins 'Q' and 'QN' on cell 'rf_reg[16][21]'
         to break a timing loop. (OPT-314)
Warning: Disabling timing arc between pins 'Q' and 'QN' on cell 'rf_reg[16][21]'
         to break a timing loop. (OPT-314)
Warning: Disabling timing arc between pins 'Q' and 'QN' on cell 'rf_reg[26][21]'
         to break a timing loop. (OPT-314)
Warning: Disabling timing arc between pins 'Q' and 'QN' on cell 'rf_reg[26][21]'
         to break a timing loop. (OPT-314)
Warning: Disabling timing arc between pins 'Q' and 'QN' on cell 'rf_reg[6][21]'
         to break a timing loop. (OPT-314)
Warning: Disabling timing arc between pins 'Q' and 'QN' on cell 'rf_reg[6][21]'
         to break a timing loop. (OPT-314)
Warning: Disabling timing arc between pins 'Q' and 'QN' on cell 'rf_reg[24][21]'
         to break a timing loop. (OPT-314)
Warning: Disabling timing arc between pins 'Q' and 'QN' on cell 'rf_reg[24][21]'
         to break a timing loop. (OPT-314)
Warning: Disabling timing arc between pins 'Q' and 'QN' on cell 'rf_reg[29][21]'
         to break a timing loop. (OPT-314)
Warning: Disabling timing arc between pins 'Q' and 'QN' on cell 'rf_reg[29][21]'
         to break a timing loop. (OPT-314)
Warning: Disabling timing arc between pins 'Q' and 'QN' on cell 'rf_reg[22][21]'
         to break a timing loop. (OPT-314)
Warning: Disabling timing arc between pins 'Q' and 'QN' on cell 'rf_reg[22][21]'
         to break a timing loop. (OPT-314)
Warning: Disabling timing arc between pins 'Q' and 'QN' on cell 'rf_reg[7][21]'
         to break a timing loop. (OPT-314)
Warning: Disabling timing arc between pins 'Q' and 'QN' on cell 'rf_reg[7][21]'
         to break a timing loop. (OPT-314)
Warning: Disabling timing arc between pins 'Q' and 'QN' on cell 'rf_reg[5][21]'
         to break a timing loop. (OPT-314)
Warning: Disabling timing arc between pins 'Q' and 'QN' on cell 'rf_reg[5][21]'
         to break a timing loop. (OPT-314)
Warning: Disabling timing arc between pins 'Q' and 'QN' on cell 'rf_reg[2][21]'
         to break a timing loop. (OPT-314)
Warning: Disabling timing arc between pins 'Q' and 'QN' on cell 'rf_reg[2][21]'
         to break a timing loop. (OPT-314)
Warning: Disabling timing arc between pins 'Q' and 'QN' on cell 'rf_reg[8][21]'
         to break a timing loop. (OPT-314)
Warning: Disabling timing arc between pins 'Q' and 'QN' on cell 'rf_reg[8][21]'
         to break a timing loop. (OPT-314)
Warning: Disabling timing arc between pins 'Q' and 'QN' on cell 'rf_reg[30][21]'
         to break a timing loop. (OPT-314)
Warning: Disabling timing arc between pins 'Q' and 'QN' on cell 'rf_reg[30][21]'
         to break a timing loop. (OPT-314)
Warning: Disabling timing arc between pins 'Q' and 'QN' on cell 'rf_reg[4][21]'
         to break a timing loop. (OPT-314)
Warning: Disabling timing arc between pins 'Q' and 'QN' on cell 'rf_reg[4][21]'
         to break a timing loop. (OPT-314)
Warning: Disabling timing arc between pins 'Q' and 'QN' on cell 'rf_reg[1][21]'
         to break a timing loop. (OPT-314)
Warning: Disabling timing arc between pins 'Q' and 'QN' on cell 'rf_reg[1][21]'
         to break a timing loop. (OPT-314)
Warning: Disabling timing arc between pins 'Q' and 'QN' on cell 'rf_reg[3][21]'
         to break a timing loop. (OPT-314)
Warning: Disabling timing arc between pins 'Q' and 'QN' on cell 'rf_reg[3][21]'
         to break a timing loop. (OPT-314)
Warning: Disabling timing arc between pins 'Q' and 'QN' on cell 'rf_reg[16][20]'
         to break a timing loop. (OPT-314)
Warning: Disabling timing arc between pins 'Q' and 'QN' on cell 'rf_reg[16][20]'
         to break a timing loop. (OPT-314)
Warning: Disabling timing arc between pins 'Q' and 'QN' on cell 'rf_reg[5][20]'
         to break a timing loop. (OPT-314)
Warning: Disabling timing arc between pins 'Q' and 'QN' on cell 'rf_reg[5][20]'
         to break a timing loop. (OPT-314)
Warning: Disabling timing arc between pins 'Q' and 'QN' on cell 'rf_reg[13][20]'
         to break a timing loop. (OPT-314)
Warning: Disabling timing arc between pins 'Q' and 'QN' on cell 'rf_reg[13][20]'
         to break a timing loop. (OPT-314)
Warning: Disabling timing arc between pins 'Q' and 'QN' on cell 'rf_reg[9][20]'
         to break a timing loop. (OPT-314)
Warning: Disabling timing arc between pins 'Q' and 'QN' on cell 'rf_reg[9][20]'
         to break a timing loop. (OPT-314)
Warning: Disabling timing arc between pins 'Q' and 'QN' on cell 'rf_reg[4][20]'
         to break a timing loop. (OPT-314)
Warning: Disabling timing arc between pins 'Q' and 'QN' on cell 'rf_reg[4][20]'
         to break a timing loop. (OPT-314)
Warning: Disabling timing arc between pins 'Q' and 'QN' on cell 'rf_reg[23][20]'
         to break a timing loop. (OPT-314)
Warning: Disabling timing arc between pins 'Q' and 'QN' on cell 'rf_reg[23][20]'
         to break a timing loop. (OPT-314)
Warning: Disabling timing arc between pins 'Q' and 'QN' on cell 'rf_reg[31][20]'
         to break a timing loop. (OPT-314)
Warning: Disabling timing arc between pins 'Q' and 'QN' on cell 'rf_reg[31][20]'
         to break a timing loop. (OPT-314)
Warning: Disabling timing arc between pins 'Q' and 'QN' on cell 'rf_reg[27][20]'
         to break a timing loop. (OPT-314)
Warning: Disabling timing arc between pins 'Q' and 'QN' on cell 'rf_reg[27][20]'
         to break a timing loop. (OPT-314)
Warning: Disabling timing arc between pins 'Q' and 'QN' on cell 'rf_reg[25][20]'
         to break a timing loop. (OPT-314)
Warning: Disabling timing arc between pins 'Q' and 'QN' on cell 'rf_reg[25][20]'
         to break a timing loop. (OPT-314)
Warning: Disabling timing arc between pins 'Q' and 'QN' on cell 'rf_reg[21][20]'
         to break a timing loop. (OPT-314)
Warning: Disabling timing arc between pins 'Q' and 'QN' on cell 'rf_reg[21][20]'
         to break a timing loop. (OPT-314)
Warning: Disabling timing arc between pins 'Q' and 'QN' on cell 'rf_reg[11][20]'
         to break a timing loop. (OPT-314)
Warning: Disabling timing arc between pins 'Q' and 'QN' on cell 'rf_reg[11][20]'
         to break a timing loop. (OPT-314)
Warning: Disabling timing arc between pins 'Q' and 'QN' on cell 'rf_reg[24][20]'
         to break a timing loop. (OPT-314)
Warning: Disabling timing arc between pins 'Q' and 'QN' on cell 'rf_reg[24][20]'
         to break a timing loop. (OPT-314)
Warning: Disabling timing arc between pins 'Q' and 'QN' on cell 'rf_reg[2][20]'
         to break a timing loop. (OPT-314)
Warning: Disabling timing arc between pins 'Q' and 'QN' on cell 'rf_reg[2][20]'
         to break a timing loop. (OPT-314)
Warning: Disabling timing arc between pins 'Q' and 'QN' on cell 'rf_reg[8][20]'
         to break a timing loop. (OPT-314)
Warning: Disabling timing arc between pins 'Q' and 'QN' on cell 'rf_reg[8][20]'
         to break a timing loop. (OPT-314)
Warning: Disabling timing arc between pins 'Q' and 'QN' on cell 'rf_reg[1][20]'
         to break a timing loop. (OPT-314)
Warning: Disabling timing arc between pins 'Q' and 'QN' on cell 'rf_reg[1][20]'
         to break a timing loop. (OPT-314)
Warning: Disabling timing arc between pins 'Q' and 'QN' on cell 'rf_reg[6][20]'
         to break a timing loop. (OPT-314)
Warning: Disabling timing arc between pins 'Q' and 'QN' on cell 'rf_reg[6][20]'
         to break a timing loop. (OPT-314)
Warning: Disabling timing arc between pins 'Q' and 'QN' on cell 'rf_reg[30][20]'
         to break a timing loop. (OPT-314)
Warning: Disabling timing arc between pins 'Q' and 'QN' on cell 'rf_reg[30][20]'
         to break a timing loop. (OPT-314)
Warning: Disabling timing arc between pins 'Q' and 'QN' on cell 'rf_reg[19][20]'
         to break a timing loop. (OPT-314)
Warning: Disabling timing arc between pins 'Q' and 'QN' on cell 'rf_reg[19][20]'
         to break a timing loop. (OPT-314)
Warning: Disabling timing arc between pins 'Q' and 'QN' on cell 'rf_reg[12][20]'
         to break a timing loop. (OPT-314)
Warning: Disabling timing arc between pins 'Q' and 'QN' on cell 'rf_reg[12][20]'
         to break a timing loop. (OPT-314)
Warning: Disabling timing arc between pins 'Q' and 'QN' on cell 'rf_reg[28][20]'
         to break a timing loop. (OPT-314)
Warning: Disabling timing arc between pins 'Q' and 'QN' on cell 'rf_reg[28][20]'
         to break a timing loop. (OPT-314)
Warning: Disabling timing arc between pins 'Q' and 'QN' on cell 'rf_reg[20][20]'
         to break a timing loop. (OPT-314)
Warning: Disabling timing arc between pins 'Q' and 'QN' on cell 'rf_reg[20][20]'
         to break a timing loop. (OPT-314)
Warning: Disabling timing arc between pins 'Q' and 'QN' on cell 'rf_reg[26][20]'
         to break a timing loop. (OPT-314)
Warning: Disabling timing arc between pins 'Q' and 'QN' on cell 'rf_reg[26][20]'
         to break a timing loop. (OPT-314)
Warning: Disabling timing arc between pins 'Q' and 'QN' on cell 'rf_reg[17][20]'
         to break a timing loop. (OPT-314)
Warning: Disabling timing arc between pins 'Q' and 'QN' on cell 'rf_reg[17][20]'
         to break a timing loop. (OPT-314)
Warning: Disabling timing arc between pins 'Q' and 'QN' on cell 'rf_reg[3][20]'
         to break a timing loop. (OPT-314)
Warning: Disabling timing arc between pins 'Q' and 'QN' on cell 'rf_reg[3][20]'
         to break a timing loop. (OPT-314)
Warning: Disabling timing arc between pins 'Q' and 'QN' on cell 'rf_reg[15][20]'
         to break a timing loop. (OPT-314)
Warning: Disabling timing arc between pins 'Q' and 'QN' on cell 'rf_reg[15][20]'
         to break a timing loop. (OPT-314)
Warning: Disabling timing arc between pins 'Q' and 'QN' on cell 'rf_reg[10][20]'
         to break a timing loop. (OPT-314)
Warning: Disabling timing arc between pins 'Q' and 'QN' on cell 'rf_reg[10][20]'
         to break a timing loop. (OPT-314)
Warning: Disabling timing arc between pins 'Q' and 'QN' on cell 'rf_reg[29][20]'
         to break a timing loop. (OPT-314)
Warning: Disabling timing arc between pins 'Q' and 'QN' on cell 'rf_reg[29][20]'
         to break a timing loop. (OPT-314)
Warning: Disabling timing arc between pins 'Q' and 'QN' on cell 'rf_reg[22][20]'
         to break a timing loop. (OPT-314)
Warning: Disabling timing arc between pins 'Q' and 'QN' on cell 'rf_reg[22][20]'
         to break a timing loop. (OPT-314)
Warning: Disabling timing arc between pins 'Q' and 'QN' on cell 'rf_reg[7][20]'
         to break a timing loop. (OPT-314)
Warning: Disabling timing arc between pins 'Q' and 'QN' on cell 'rf_reg[7][20]'
         to break a timing loop. (OPT-314)
Warning: Disabling timing arc between pins 'Q' and 'QN' on cell 'rf_reg[18][20]'
         to break a timing loop. (OPT-314)
Warning: Disabling timing arc between pins 'Q' and 'QN' on cell 'rf_reg[18][20]'
         to break a timing loop. (OPT-314)
Warning: Disabling timing arc between pins 'Q' and 'QN' on cell 'rf_reg[14][20]'
         to break a timing loop. (OPT-314)
Warning: Disabling timing arc between pins 'Q' and 'QN' on cell 'rf_reg[14][20]'
         to break a timing loop. (OPT-314)
Warning: Disabling timing arc between pins 'Q' and 'QN' on cell 'rf_reg[24][23]'
         to break a timing loop. (OPT-314)
Warning: Disabling timing arc between pins 'Q' and 'QN' on cell 'rf_reg[24][23]'
         to break a timing loop. (OPT-314)
Warning: Disabling timing arc between pins 'Q' and 'QN' on cell 'rf_reg[29][23]'
         to break a timing loop. (OPT-314)
Warning: Disabling timing arc between pins 'Q' and 'QN' on cell 'rf_reg[29][23]'
         to break a timing loop. (OPT-314)
Warning: Disabling timing arc between pins 'Q' and 'QN' on cell 'rf_reg[13][23]'
         to break a timing loop. (OPT-314)
Warning: Disabling timing arc between pins 'Q' and 'QN' on cell 'rf_reg[13][23]'
         to break a timing loop. (OPT-314)
Warning: Disabling timing arc between pins 'Q' and 'QN' on cell 'rf_reg[18][23]'
         to break a timing loop. (OPT-314)
Warning: Disabling timing arc between pins 'Q' and 'QN' on cell 'rf_reg[18][23]'
         to break a timing loop. (OPT-314)
Warning: Disabling timing arc between pins 'Q' and 'QN' on cell 'rf_reg[6][23]'
         to break a timing loop. (OPT-314)
Warning: Disabling timing arc between pins 'Q' and 'QN' on cell 'rf_reg[6][23]'
         to break a timing loop. (OPT-314)
Warning: Disabling timing arc between pins 'Q' and 'QN' on cell 'rf_reg[26][23]'
         to break a timing loop. (OPT-314)
Warning: Disabling timing arc between pins 'Q' and 'QN' on cell 'rf_reg[26][23]'
         to break a timing loop. (OPT-314)
Warning: Disabling timing arc between pins 'Q' and 'QN' on cell 'rf_reg[17][23]'
         to break a timing loop. (OPT-314)
Warning: Disabling timing arc between pins 'Q' and 'QN' on cell 'rf_reg[17][23]'
         to break a timing loop. (OPT-314)
Warning: Disabling timing arc between pins 'Q' and 'QN' on cell 'rf_reg[14][23]'
         to break a timing loop. (OPT-314)
Warning: Disabling timing arc between pins 'Q' and 'QN' on cell 'rf_reg[14][23]'
         to break a timing loop. (OPT-314)
Warning: Disabling timing arc between pins 'Q' and 'QN' on cell 'rf_reg[22][23]'
         to break a timing loop. (OPT-314)
Warning: Disabling timing arc between pins 'Q' and 'QN' on cell 'rf_reg[22][23]'
         to break a timing loop. (OPT-314)
Warning: Disabling timing arc between pins 'Q' and 'QN' on cell 'rf_reg[7][23]'
         to break a timing loop. (OPT-314)
Warning: Disabling timing arc between pins 'Q' and 'QN' on cell 'rf_reg[7][23]'
         to break a timing loop. (OPT-314)
Warning: Disabling timing arc between pins 'Q' and 'QN' on cell 'rf_reg[10][23]'
         to break a timing loop. (OPT-314)
Warning: Disabling timing arc between pins 'Q' and 'QN' on cell 'rf_reg[10][23]'
         to break a timing loop. (OPT-314)
Warning: Disabling timing arc between pins 'Q' and 'QN' on cell 'rf_reg[15][23]'
         to break a timing loop. (OPT-314)
Warning: Disabling timing arc between pins 'Q' and 'QN' on cell 'rf_reg[15][23]'
         to break a timing loop. (OPT-314)
Warning: Disabling timing arc between pins 'Q' and 'QN' on cell 'rf_reg[28][23]'
         to break a timing loop. (OPT-314)
Warning: Disabling timing arc between pins 'Q' and 'QN' on cell 'rf_reg[28][23]'
         to break a timing loop. (OPT-314)
Warning: Disabling timing arc between pins 'Q' and 'QN' on cell 'rf_reg[20][23]'
         to break a timing loop. (OPT-314)
Warning: Disabling timing arc between pins 'Q' and 'QN' on cell 'rf_reg[20][23]'
         to break a timing loop. (OPT-314)
Warning: Disabling timing arc between pins 'Q' and 'QN' on cell 'rf_reg[19][23]'
         to break a timing loop. (OPT-314)
Warning: Disabling timing arc between pins 'Q' and 'QN' on cell 'rf_reg[19][23]'
         to break a timing loop. (OPT-314)
Warning: Disabling timing arc between pins 'Q' and 'QN' on cell 'rf_reg[12][23]'
         to break a timing loop. (OPT-314)
Warning: Disabling timing arc between pins 'Q' and 'QN' on cell 'rf_reg[12][23]'
         to break a timing loop. (OPT-314)
Warning: Disabling timing arc between pins 'Q' and 'QN' on cell 'rf_reg[16][23]'
         to break a timing loop. (OPT-314)
Warning: Disabling timing arc between pins 'Q' and 'QN' on cell 'rf_reg[16][23]'
         to break a timing loop. (OPT-314)
Warning: Disabling timing arc between pins 'Q' and 'QN' on cell 'rf_reg[23][23]'
         to break a timing loop. (OPT-314)
Warning: Disabling timing arc between pins 'Q' and 'QN' on cell 'rf_reg[23][23]'
         to break a timing loop. (OPT-314)
Warning: Disabling timing arc between pins 'Q' and 'QN' on cell 'rf_reg[25][23]'
         to break a timing loop. (OPT-314)
Warning: Disabling timing arc between pins 'Q' and 'QN' on cell 'rf_reg[25][23]'
         to break a timing loop. (OPT-314)
Warning: Disabling timing arc between pins 'Q' and 'QN' on cell 'rf_reg[21][23]'
         to break a timing loop. (OPT-314)
Warning: Disabling timing arc between pins 'Q' and 'QN' on cell 'rf_reg[21][23]'
         to break a timing loop. (OPT-314)
Warning: Disabling timing arc between pins 'Q' and 'QN' on cell 'rf_reg[31][23]'
         to break a timing loop. (OPT-314)
Warning: Disabling timing arc between pins 'Q' and 'QN' on cell 'rf_reg[31][23]'
         to break a timing loop. (OPT-314)
Warning: Disabling timing arc between pins 'Q' and 'QN' on cell 'rf_reg[27][23]'
         to break a timing loop. (OPT-314)
Warning: Disabling timing arc between pins 'Q' and 'QN' on cell 'rf_reg[27][23]'
         to break a timing loop. (OPT-314)
Warning: Disabling timing arc between pins 'Q' and 'QN' on cell 'rf_reg[11][23]'
         to break a timing loop. (OPT-314)
Warning: Disabling timing arc between pins 'Q' and 'QN' on cell 'rf_reg[11][23]'
         to break a timing loop. (OPT-314)
Warning: Disabling timing arc between pins 'Q' and 'QN' on cell 'rf_reg[9][23]'
         to break a timing loop. (OPT-314)
Warning: Disabling timing arc between pins 'Q' and 'QN' on cell 'rf_reg[9][23]'
         to break a timing loop. (OPT-314)
Warning: Disabling timing arc between pins 'Q' and 'QN' on cell 'rf_reg[5][23]'
         to break a timing loop. (OPT-314)
Warning: Disabling timing arc between pins 'Q' and 'QN' on cell 'rf_reg[5][23]'
         to break a timing loop. (OPT-314)
Warning: Disabling timing arc between pins 'Q' and 'QN' on cell 'rf_reg[2][23]'
         to break a timing loop. (OPT-314)
Warning: Disabling timing arc between pins 'Q' and 'QN' on cell 'rf_reg[2][23]'
         to break a timing loop. (OPT-314)
Warning: Disabling timing arc between pins 'Q' and 'QN' on cell 'rf_reg[8][23]'
         to break a timing loop. (OPT-314)
Warning: Disabling timing arc between pins 'Q' and 'QN' on cell 'rf_reg[8][23]'
         to break a timing loop. (OPT-314)
Warning: Disabling timing arc between pins 'Q' and 'QN' on cell 'rf_reg[30][23]'
         to break a timing loop. (OPT-314)
Warning: Disabling timing arc between pins 'Q' and 'QN' on cell 'rf_reg[30][23]'
         to break a timing loop. (OPT-314)
Warning: Disabling timing arc between pins 'Q' and 'QN' on cell 'rf_reg[4][23]'
         to break a timing loop. (OPT-314)
Warning: Disabling timing arc between pins 'Q' and 'QN' on cell 'rf_reg[4][23]'
         to break a timing loop. (OPT-314)
Warning: Disabling timing arc between pins 'Q' and 'QN' on cell 'rf_reg[1][23]'
         to break a timing loop. (OPT-314)
Warning: Disabling timing arc between pins 'Q' and 'QN' on cell 'rf_reg[1][23]'
         to break a timing loop. (OPT-314)
Warning: Disabling timing arc between pins 'Q' and 'QN' on cell 'rf_reg[3][23]'
         to break a timing loop. (OPT-314)
Warning: Disabling timing arc between pins 'Q' and 'QN' on cell 'rf_reg[3][23]'
         to break a timing loop. (OPT-314)
Warning: Disabling timing arc between pins 'Q' and 'QN' on cell 'rf_reg[16][22]'
         to break a timing loop. (OPT-314)
Warning: Disabling timing arc between pins 'Q' and 'QN' on cell 'rf_reg[16][22]'
         to break a timing loop. (OPT-314)
Warning: Disabling timing arc between pins 'Q' and 'QN' on cell 'rf_reg[5][22]'
         to break a timing loop. (OPT-314)
Warning: Disabling timing arc between pins 'Q' and 'QN' on cell 'rf_reg[5][22]'
         to break a timing loop. (OPT-314)
Warning: Disabling timing arc between pins 'Q' and 'QN' on cell 'rf_reg[11][22]'
         to break a timing loop. (OPT-314)
Warning: Disabling timing arc between pins 'Q' and 'QN' on cell 'rf_reg[11][22]'
         to break a timing loop. (OPT-314)
Warning: Disabling timing arc between pins 'Q' and 'QN' on cell 'rf_reg[24][22]'
         to break a timing loop. (OPT-314)
Warning: Disabling timing arc between pins 'Q' and 'QN' on cell 'rf_reg[24][22]'
         to break a timing loop. (OPT-314)
Warning: Disabling timing arc between pins 'Q' and 'QN' on cell 'rf_reg[13][22]'
         to break a timing loop. (OPT-314)
Warning: Disabling timing arc between pins 'Q' and 'QN' on cell 'rf_reg[13][22]'
         to break a timing loop. (OPT-314)
Warning: Disabling timing arc between pins 'Q' and 'QN' on cell 'rf_reg[9][22]'
         to break a timing loop. (OPT-314)
Warning: Disabling timing arc between pins 'Q' and 'QN' on cell 'rf_reg[9][22]'
         to break a timing loop. (OPT-314)
Warning: Disabling timing arc between pins 'Q' and 'QN' on cell 'rf_reg[6][22]'
         to break a timing loop. (OPT-314)
Warning: Disabling timing arc between pins 'Q' and 'QN' on cell 'rf_reg[6][22]'
         to break a timing loop. (OPT-314)
Warning: Disabling timing arc between pins 'Q' and 'QN' on cell 'rf_reg[29][22]'
         to break a timing loop. (OPT-314)
Warning: Disabling timing arc between pins 'Q' and 'QN' on cell 'rf_reg[29][22]'
         to break a timing loop. (OPT-314)
Warning: Disabling timing arc between pins 'Q' and 'QN' on cell 'rf_reg[26][22]'
         to break a timing loop. (OPT-314)
Warning: Disabling timing arc between pins 'Q' and 'QN' on cell 'rf_reg[26][22]'
         to break a timing loop. (OPT-314)
Warning: Disabling timing arc between pins 'Q' and 'QN' on cell 'rf_reg[17][22]'
         to break a timing loop. (OPT-314)
Warning: Disabling timing arc between pins 'Q' and 'QN' on cell 'rf_reg[17][22]'
         to break a timing loop. (OPT-314)
Warning: Disabling timing arc between pins 'Q' and 'QN' on cell 'rf_reg[18][22]'
         to break a timing loop. (OPT-314)
Warning: Disabling timing arc between pins 'Q' and 'QN' on cell 'rf_reg[18][22]'
         to break a timing loop. (OPT-314)
Warning: Disabling timing arc between pins 'Q' and 'QN' on cell 'rf_reg[14][22]'
         to break a timing loop. (OPT-314)
Warning: Disabling timing arc between pins 'Q' and 'QN' on cell 'rf_reg[14][22]'
         to break a timing loop. (OPT-314)
Warning: Disabling timing arc between pins 'Q' and 'QN' on cell 'rf_reg[22][22]'
         to break a timing loop. (OPT-314)
Warning: Disabling timing arc between pins 'Q' and 'QN' on cell 'rf_reg[22][22]'
         to break a timing loop. (OPT-314)
Warning: Disabling timing arc between pins 'Q' and 'QN' on cell 'rf_reg[7][22]'
         to break a timing loop. (OPT-314)
Warning: Disabling timing arc between pins 'Q' and 'QN' on cell 'rf_reg[7][22]'
         to break a timing loop. (OPT-314)
Warning: Disabling timing arc between pins 'Q' and 'QN' on cell 'rf_reg[20][22]'
         to break a timing loop. (OPT-314)
Warning: Disabling timing arc between pins 'Q' and 'QN' on cell 'rf_reg[20][22]'
         to break a timing loop. (OPT-314)
Warning: Disabling timing arc between pins 'Q' and 'QN' on cell 'rf_reg[10][22]'
         to break a timing loop. (OPT-314)
Warning: Disabling timing arc between pins 'Q' and 'QN' on cell 'rf_reg[10][22]'
         to break a timing loop. (OPT-314)
Warning: Disabling timing arc between pins 'Q' and 'QN' on cell 'rf_reg[15][22]'
         to break a timing loop. (OPT-314)
Warning: Disabling timing arc between pins 'Q' and 'QN' on cell 'rf_reg[15][22]'
         to break a timing loop. (OPT-314)
Warning: Disabling timing arc between pins 'Q' and 'QN' on cell 'rf_reg[28][22]'
         to break a timing loop. (OPT-314)
Warning: Disabling timing arc between pins 'Q' and 'QN' on cell 'rf_reg[28][22]'
         to break a timing loop. (OPT-314)
Warning: Disabling timing arc between pins 'Q' and 'QN' on cell 'rf_reg[25][22]'
         to break a timing loop. (OPT-314)
Warning: Disabling timing arc between pins 'Q' and 'QN' on cell 'rf_reg[25][22]'
         to break a timing loop. (OPT-314)
Warning: Disabling timing arc between pins 'Q' and 'QN' on cell 'rf_reg[21][22]'
         to break a timing loop. (OPT-314)
Warning: Disabling timing arc between pins 'Q' and 'QN' on cell 'rf_reg[21][22]'
         to break a timing loop. (OPT-314)
Warning: Disabling timing arc between pins 'Q' and 'QN' on cell 'rf_reg[31][22]'
         to break a timing loop. (OPT-314)
Warning: Disabling timing arc between pins 'Q' and 'QN' on cell 'rf_reg[31][22]'
         to break a timing loop. (OPT-314)
Warning: Disabling timing arc between pins 'Q' and 'QN' on cell 'rf_reg[27][22]'
         to break a timing loop. (OPT-314)
Warning: Disabling timing arc between pins 'Q' and 'QN' on cell 'rf_reg[27][22]'
         to break a timing loop. (OPT-314)
Warning: Disabling timing arc between pins 'Q' and 'QN' on cell 'rf_reg[19][22]'
         to break a timing loop. (OPT-314)
Warning: Disabling timing arc between pins 'Q' and 'QN' on cell 'rf_reg[19][22]'
         to break a timing loop. (OPT-314)
Warning: Disabling timing arc between pins 'Q' and 'QN' on cell 'rf_reg[12][22]'
         to break a timing loop. (OPT-314)
Warning: Disabling timing arc between pins 'Q' and 'QN' on cell 'rf_reg[12][22]'
         to break a timing loop. (OPT-314)
Warning: Disabling timing arc between pins 'Q' and 'QN' on cell 'rf_reg[2][22]'
         to break a timing loop. (OPT-314)
Warning: Disabling timing arc between pins 'Q' and 'QN' on cell 'rf_reg[2][22]'
         to break a timing loop. (OPT-314)
Warning: Disabling timing arc between pins 'Q' and 'QN' on cell 'rf_reg[8][22]'
         to break a timing loop. (OPT-314)
Warning: Disabling timing arc between pins 'Q' and 'QN' on cell 'rf_reg[8][22]'
         to break a timing loop. (OPT-314)
Warning: Disabling timing arc between pins 'Q' and 'QN' on cell 'rf_reg[1][22]'
         to break a timing loop. (OPT-314)
Warning: Disabling timing arc between pins 'Q' and 'QN' on cell 'rf_reg[1][22]'
         to break a timing loop. (OPT-314)
Warning: Disabling timing arc between pins 'Q' and 'QN' on cell 'rf_reg[30][22]'
         to break a timing loop. (OPT-314)
Warning: Disabling timing arc between pins 'Q' and 'QN' on cell 'rf_reg[30][22]'
         to break a timing loop. (OPT-314)
Warning: Disabling timing arc between pins 'Q' and 'QN' on cell 'rf_reg[3][22]'
         to break a timing loop. (OPT-314)
Warning: Disabling timing arc between pins 'Q' and 'QN' on cell 'rf_reg[3][22]'
         to break a timing loop. (OPT-314)
Warning: Disabling timing arc between pins 'Q' and 'QN' on cell 'rf_reg[4][22]'
         to break a timing loop. (OPT-314)
Warning: Disabling timing arc between pins 'Q' and 'QN' on cell 'rf_reg[4][22]'
         to break a timing loop. (OPT-314)
Warning: Disabling timing arc between pins 'Q' and 'QN' on cell 'rf_reg[23][22]'
         to break a timing loop. (OPT-314)
Warning: Disabling timing arc between pins 'Q' and 'QN' on cell 'rf_reg[23][22]'
         to break a timing loop. (OPT-314)
Warning: Disabling timing arc between pins 'Q' and 'QN' on cell 'rf_reg[16][18]'
         to break a timing loop. (OPT-314)
Warning: Disabling timing arc between pins 'Q' and 'QN' on cell 'rf_reg[16][18]'
         to break a timing loop. (OPT-314)
Warning: Disabling timing arc between pins 'Q' and 'QN' on cell 'rf_reg[5][18]'
         to break a timing loop. (OPT-314)
Warning: Disabling timing arc between pins 'Q' and 'QN' on cell 'rf_reg[5][18]'
         to break a timing loop. (OPT-314)
Warning: Disabling timing arc between pins 'Q' and 'QN' on cell 'rf_reg[11][18]'
         to break a timing loop. (OPT-314)
Warning: Disabling timing arc between pins 'Q' and 'QN' on cell 'rf_reg[11][18]'
         to break a timing loop. (OPT-314)
Warning: Disabling timing arc between pins 'Q' and 'QN' on cell 'rf_reg[24][18]'
         to break a timing loop. (OPT-314)
Warning: Disabling timing arc between pins 'Q' and 'QN' on cell 'rf_reg[24][18]'
         to break a timing loop. (OPT-314)
Warning: Disabling timing arc between pins 'Q' and 'QN' on cell 'rf_reg[13][18]'
         to break a timing loop. (OPT-314)
Warning: Disabling timing arc between pins 'Q' and 'QN' on cell 'rf_reg[13][18]'
         to break a timing loop. (OPT-314)
Warning: Disabling timing arc between pins 'Q' and 'QN' on cell 'rf_reg[9][18]'
         to break a timing loop. (OPT-314)
Warning: Disabling timing arc between pins 'Q' and 'QN' on cell 'rf_reg[9][18]'
         to break a timing loop. (OPT-314)
Warning: Disabling timing arc between pins 'Q' and 'QN' on cell 'rf_reg[6][18]'
         to break a timing loop. (OPT-314)
Warning: Disabling timing arc between pins 'Q' and 'QN' on cell 'rf_reg[6][18]'
         to break a timing loop. (OPT-314)
Warning: Disabling timing arc between pins 'Q' and 'QN' on cell 'rf_reg[29][18]'
         to break a timing loop. (OPT-314)
Warning: Disabling timing arc between pins 'Q' and 'QN' on cell 'rf_reg[29][18]'
         to break a timing loop. (OPT-314)
Warning: Disabling timing arc between pins 'Q' and 'QN' on cell 'rf_reg[26][18]'
         to break a timing loop. (OPT-314)
Warning: Disabling timing arc between pins 'Q' and 'QN' on cell 'rf_reg[26][18]'
         to break a timing loop. (OPT-314)
Warning: Disabling timing arc between pins 'Q' and 'QN' on cell 'rf_reg[17][18]'
         to break a timing loop. (OPT-314)
Warning: Disabling timing arc between pins 'Q' and 'QN' on cell 'rf_reg[17][18]'
         to break a timing loop. (OPT-314)
Warning: Disabling timing arc between pins 'Q' and 'QN' on cell 'rf_reg[18][18]'
         to break a timing loop. (OPT-314)
Warning: Disabling timing arc between pins 'Q' and 'QN' on cell 'rf_reg[18][18]'
         to break a timing loop. (OPT-314)
Warning: Disabling timing arc between pins 'Q' and 'QN' on cell 'rf_reg[14][18]'
         to break a timing loop. (OPT-314)
Warning: Disabling timing arc between pins 'Q' and 'QN' on cell 'rf_reg[14][18]'
         to break a timing loop. (OPT-314)
Warning: Disabling timing arc between pins 'Q' and 'QN' on cell 'rf_reg[22][18]'
         to break a timing loop. (OPT-314)
Warning: Disabling timing arc between pins 'Q' and 'QN' on cell 'rf_reg[22][18]'
         to break a timing loop. (OPT-314)
Warning: Disabling timing arc between pins 'Q' and 'QN' on cell 'rf_reg[7][18]'
         to break a timing loop. (OPT-314)
Warning: Disabling timing arc between pins 'Q' and 'QN' on cell 'rf_reg[7][18]'
         to break a timing loop. (OPT-314)
Warning: Disabling timing arc between pins 'Q' and 'QN' on cell 'rf_reg[10][18]'
         to break a timing loop. (OPT-314)
Warning: Disabling timing arc between pins 'Q' and 'QN' on cell 'rf_reg[10][18]'
         to break a timing loop. (OPT-314)
Warning: Disabling timing arc between pins 'Q' and 'QN' on cell 'rf_reg[15][18]'
         to break a timing loop. (OPT-314)
Warning: Disabling timing arc between pins 'Q' and 'QN' on cell 'rf_reg[15][18]'
         to break a timing loop. (OPT-314)
Warning: Disabling timing arc between pins 'Q' and 'QN' on cell 'rf_reg[28][18]'
         to break a timing loop. (OPT-314)
Warning: Disabling timing arc between pins 'Q' and 'QN' on cell 'rf_reg[28][18]'
         to break a timing loop. (OPT-314)
Warning: Disabling timing arc between pins 'Q' and 'QN' on cell 'rf_reg[20][18]'
         to break a timing loop. (OPT-314)
Warning: Disabling timing arc between pins 'Q' and 'QN' on cell 'rf_reg[20][18]'
         to break a timing loop. (OPT-314)
Warning: Disabling timing arc between pins 'Q' and 'QN' on cell 'rf_reg[25][18]'
         to break a timing loop. (OPT-314)
Warning: Disabling timing arc between pins 'Q' and 'QN' on cell 'rf_reg[25][18]'
         to break a timing loop. (OPT-314)
Warning: Disabling timing arc between pins 'Q' and 'QN' on cell 'rf_reg[21][18]'
         to break a timing loop. (OPT-314)
Warning: Disabling timing arc between pins 'Q' and 'QN' on cell 'rf_reg[21][18]'
         to break a timing loop. (OPT-314)
Warning: Disabling timing arc between pins 'Q' and 'QN' on cell 'rf_reg[31][18]'
         to break a timing loop. (OPT-314)
Warning: Disabling timing arc between pins 'Q' and 'QN' on cell 'rf_reg[31][18]'
         to break a timing loop. (OPT-314)
Warning: Disabling timing arc between pins 'Q' and 'QN' on cell 'rf_reg[27][18]'
         to break a timing loop. (OPT-314)
Warning: Disabling timing arc between pins 'Q' and 'QN' on cell 'rf_reg[27][18]'
         to break a timing loop. (OPT-314)
Warning: Disabling timing arc between pins 'Q' and 'QN' on cell 'rf_reg[19][18]'
         to break a timing loop. (OPT-314)
Warning: Disabling timing arc between pins 'Q' and 'QN' on cell 'rf_reg[19][18]'
         to break a timing loop. (OPT-314)
Warning: Disabling timing arc between pins 'Q' and 'QN' on cell 'rf_reg[12][18]'
         to break a timing loop. (OPT-314)
Warning: Disabling timing arc between pins 'Q' and 'QN' on cell 'rf_reg[12][18]'
         to break a timing loop. (OPT-314)
Warning: Disabling timing arc between pins 'Q' and 'QN' on cell 'rf_reg[2][18]'
         to break a timing loop. (OPT-314)
Warning: Disabling timing arc between pins 'Q' and 'QN' on cell 'rf_reg[2][18]'
         to break a timing loop. (OPT-314)
Warning: Disabling timing arc between pins 'Q' and 'QN' on cell 'rf_reg[8][18]'
         to break a timing loop. (OPT-314)
Warning: Disabling timing arc between pins 'Q' and 'QN' on cell 'rf_reg[8][18]'
         to break a timing loop. (OPT-314)
Warning: Disabling timing arc between pins 'Q' and 'QN' on cell 'rf_reg[1][18]'
         to break a timing loop. (OPT-314)
Warning: Disabling timing arc between pins 'Q' and 'QN' on cell 'rf_reg[1][18]'
         to break a timing loop. (OPT-314)
Warning: Disabling timing arc between pins 'Q' and 'QN' on cell 'rf_reg[30][18]'
         to break a timing loop. (OPT-314)
Warning: Disabling timing arc between pins 'Q' and 'QN' on cell 'rf_reg[30][18]'
         to break a timing loop. (OPT-314)
Warning: Disabling timing arc between pins 'Q' and 'QN' on cell 'rf_reg[3][18]'
         to break a timing loop. (OPT-314)
Warning: Disabling timing arc between pins 'Q' and 'QN' on cell 'rf_reg[3][18]'
         to break a timing loop. (OPT-314)
Warning: Disabling timing arc between pins 'Q' and 'QN' on cell 'rf_reg[4][18]'
         to break a timing loop. (OPT-314)
Warning: Disabling timing arc between pins 'Q' and 'QN' on cell 'rf_reg[4][18]'
         to break a timing loop. (OPT-314)
Warning: Disabling timing arc between pins 'Q' and 'QN' on cell 'rf_reg[23][18]'
         to break a timing loop. (OPT-314)
Warning: Disabling timing arc between pins 'Q' and 'QN' on cell 'rf_reg[23][18]'
         to break a timing loop. (OPT-314)
Warning: Disabling timing arc between pins 'Q' and 'QN' on cell 'rf_reg[22][19]'
         to break a timing loop. (OPT-314)
Warning: Disabling timing arc between pins 'Q' and 'QN' on cell 'rf_reg[22][19]'
         to break a timing loop. (OPT-314)
Warning: Disabling timing arc between pins 'Q' and 'QN' on cell 'rf_reg[7][19]'
         to break a timing loop. (OPT-314)
Warning: Disabling timing arc between pins 'Q' and 'QN' on cell 'rf_reg[7][19]'
         to break a timing loop. (OPT-314)
Warning: Disabling timing arc between pins 'Q' and 'QN' on cell 'rf_reg[10][19]'
         to break a timing loop. (OPT-314)
Warning: Disabling timing arc between pins 'Q' and 'QN' on cell 'rf_reg[10][19]'
         to break a timing loop. (OPT-314)
Warning: Disabling timing arc between pins 'Q' and 'QN' on cell 'rf_reg[15][19]'
         to break a timing loop. (OPT-314)
Warning: Disabling timing arc between pins 'Q' and 'QN' on cell 'rf_reg[15][19]'
         to break a timing loop. (OPT-314)
Warning: Disabling timing arc between pins 'Q' and 'QN' on cell 'rf_reg[28][19]'
         to break a timing loop. (OPT-314)
Warning: Disabling timing arc between pins 'Q' and 'QN' on cell 'rf_reg[28][19]'
         to break a timing loop. (OPT-314)
Warning: Disabling timing arc between pins 'Q' and 'QN' on cell 'rf_reg[20][19]'
         to break a timing loop. (OPT-314)
Warning: Disabling timing arc between pins 'Q' and 'QN' on cell 'rf_reg[20][19]'
         to break a timing loop. (OPT-314)
Warning: Disabling timing arc between pins 'Q' and 'QN' on cell 'rf_reg[19][19]'
         to break a timing loop. (OPT-314)
Warning: Disabling timing arc between pins 'Q' and 'QN' on cell 'rf_reg[19][19]'
         to break a timing loop. (OPT-314)
Warning: Disabling timing arc between pins 'Q' and 'QN' on cell 'rf_reg[12][19]'
         to break a timing loop. (OPT-314)
Warning: Disabling timing arc between pins 'Q' and 'QN' on cell 'rf_reg[12][19]'
         to break a timing loop. (OPT-314)
Warning: Disabling timing arc between pins 'Q' and 'QN' on cell 'rf_reg[24][19]'
         to break a timing loop. (OPT-314)
Warning: Disabling timing arc between pins 'Q' and 'QN' on cell 'rf_reg[24][19]'
         to break a timing loop. (OPT-314)
Warning: Disabling timing arc between pins 'Q' and 'QN' on cell 'rf_reg[29][19]'
         to break a timing loop. (OPT-314)
Warning: Disabling timing arc between pins 'Q' and 'QN' on cell 'rf_reg[29][19]'
         to break a timing loop. (OPT-314)
Warning: Disabling timing arc between pins 'Q' and 'QN' on cell 'rf_reg[13][19]'
         to break a timing loop. (OPT-314)
Warning: Disabling timing arc between pins 'Q' and 'QN' on cell 'rf_reg[13][19]'
         to break a timing loop. (OPT-314)
Warning: Disabling timing arc between pins 'Q' and 'QN' on cell 'rf_reg[18][19]'
         to break a timing loop. (OPT-314)
Warning: Disabling timing arc between pins 'Q' and 'QN' on cell 'rf_reg[18][19]'
         to break a timing loop. (OPT-314)
Warning: Disabling timing arc between pins 'Q' and 'QN' on cell 'rf_reg[6][19]'
         to break a timing loop. (OPT-314)
Warning: Disabling timing arc between pins 'Q' and 'QN' on cell 'rf_reg[6][19]'
         to break a timing loop. (OPT-314)
Warning: Disabling timing arc between pins 'Q' and 'QN' on cell 'rf_reg[26][19]'
         to break a timing loop. (OPT-314)
Warning: Disabling timing arc between pins 'Q' and 'QN' on cell 'rf_reg[26][19]'
         to break a timing loop. (OPT-314)
Warning: Disabling timing arc between pins 'Q' and 'QN' on cell 'rf_reg[17][19]'
         to break a timing loop. (OPT-314)
Warning: Disabling timing arc between pins 'Q' and 'QN' on cell 'rf_reg[17][19]'
         to break a timing loop. (OPT-314)
Warning: Disabling timing arc between pins 'Q' and 'QN' on cell 'rf_reg[14][19]'
         to break a timing loop. (OPT-314)
Warning: Disabling timing arc between pins 'Q' and 'QN' on cell 'rf_reg[14][19]'
         to break a timing loop. (OPT-314)
Warning: Disabling timing arc between pins 'Q' and 'QN' on cell 'rf_reg[16][19]'
         to break a timing loop. (OPT-314)
Warning: Disabling timing arc between pins 'Q' and 'QN' on cell 'rf_reg[16][19]'
         to break a timing loop. (OPT-314)
Warning: Disabling timing arc between pins 'Q' and 'QN' on cell 'rf_reg[23][19]'
         to break a timing loop. (OPT-314)
Warning: Disabling timing arc between pins 'Q' and 'QN' on cell 'rf_reg[23][19]'
         to break a timing loop. (OPT-314)
Warning: Disabling timing arc between pins 'Q' and 'QN' on cell 'rf_reg[25][19]'
         to break a timing loop. (OPT-314)
Warning: Disabling timing arc between pins 'Q' and 'QN' on cell 'rf_reg[25][19]'
         to break a timing loop. (OPT-314)
Warning: Disabling timing arc between pins 'Q' and 'QN' on cell 'rf_reg[21][19]'
         to break a timing loop. (OPT-314)
Warning: Disabling timing arc between pins 'Q' and 'QN' on cell 'rf_reg[21][19]'
         to break a timing loop. (OPT-314)
Warning: Disabling timing arc between pins 'Q' and 'QN' on cell 'rf_reg[31][19]'
         to break a timing loop. (OPT-314)
Warning: Disabling timing arc between pins 'Q' and 'QN' on cell 'rf_reg[31][19]'
         to break a timing loop. (OPT-314)
Warning: Disabling timing arc between pins 'Q' and 'QN' on cell 'rf_reg[27][19]'
         to break a timing loop. (OPT-314)
Warning: Disabling timing arc between pins 'Q' and 'QN' on cell 'rf_reg[27][19]'
         to break a timing loop. (OPT-314)
Warning: Disabling timing arc between pins 'Q' and 'QN' on cell 'rf_reg[11][19]'
         to break a timing loop. (OPT-314)
Warning: Disabling timing arc between pins 'Q' and 'QN' on cell 'rf_reg[11][19]'
         to break a timing loop. (OPT-314)
Warning: Disabling timing arc between pins 'Q' and 'QN' on cell 'rf_reg[9][19]'
         to break a timing loop. (OPT-314)
Warning: Disabling timing arc between pins 'Q' and 'QN' on cell 'rf_reg[9][19]'
         to break a timing loop. (OPT-314)
Warning: Disabling timing arc between pins 'Q' and 'QN' on cell 'rf_reg[5][19]'
         to break a timing loop. (OPT-314)
Warning: Disabling timing arc between pins 'Q' and 'QN' on cell 'rf_reg[5][19]'
         to break a timing loop. (OPT-314)
Warning: Disabling timing arc between pins 'Q' and 'QN' on cell 'rf_reg[2][19]'
         to break a timing loop. (OPT-314)
Warning: Disabling timing arc between pins 'Q' and 'QN' on cell 'rf_reg[2][19]'
         to break a timing loop. (OPT-314)
Warning: Disabling timing arc between pins 'Q' and 'QN' on cell 'rf_reg[8][19]'
         to break a timing loop. (OPT-314)
Warning: Disabling timing arc between pins 'Q' and 'QN' on cell 'rf_reg[8][19]'
         to break a timing loop. (OPT-314)
Warning: Disabling timing arc between pins 'Q' and 'QN' on cell 'rf_reg[30][19]'
         to break a timing loop. (OPT-314)
Warning: Disabling timing arc between pins 'Q' and 'QN' on cell 'rf_reg[30][19]'
         to break a timing loop. (OPT-314)
Warning: Disabling timing arc between pins 'Q' and 'QN' on cell 'rf_reg[4][19]'
         to break a timing loop. (OPT-314)
Warning: Disabling timing arc between pins 'Q' and 'QN' on cell 'rf_reg[4][19]'
         to break a timing loop. (OPT-314)
Warning: Disabling timing arc between pins 'Q' and 'QN' on cell 'rf_reg[1][19]'
         to break a timing loop. (OPT-314)
Warning: Disabling timing arc between pins 'Q' and 'QN' on cell 'rf_reg[1][19]'
         to break a timing loop. (OPT-314)
Warning: Disabling timing arc between pins 'Q' and 'QN' on cell 'rf_reg[3][19]'
         to break a timing loop. (OPT-314)
Warning: Disabling timing arc between pins 'Q' and 'QN' on cell 'rf_reg[3][19]'
         to break a timing loop. (OPT-314)
Warning: Disabling timing arc between pins 'Q' and 'QN' on cell 'rf_reg[24][16]'
         to break a timing loop. (OPT-314)
Warning: Disabling timing arc between pins 'Q' and 'QN' on cell 'rf_reg[24][16]'
         to break a timing loop. (OPT-314)
Warning: Disabling timing arc between pins 'Q' and 'QN' on cell 'rf_reg[29][16]'
         to break a timing loop. (OPT-314)
Warning: Disabling timing arc between pins 'Q' and 'QN' on cell 'rf_reg[29][16]'
         to break a timing loop. (OPT-314)
Warning: Disabling timing arc between pins 'Q' and 'QN' on cell 'rf_reg[13][16]'
         to break a timing loop. (OPT-314)
Warning: Disabling timing arc between pins 'Q' and 'QN' on cell 'rf_reg[13][16]'
         to break a timing loop. (OPT-314)
Warning: Disabling timing arc between pins 'Q' and 'QN' on cell 'rf_reg[18][16]'
         to break a timing loop. (OPT-314)
Warning: Disabling timing arc between pins 'Q' and 'QN' on cell 'rf_reg[18][16]'
         to break a timing loop. (OPT-314)
Warning: Disabling timing arc between pins 'Q' and 'QN' on cell 'rf_reg[6][16]'
         to break a timing loop. (OPT-314)
Warning: Disabling timing arc between pins 'Q' and 'QN' on cell 'rf_reg[6][16]'
         to break a timing loop. (OPT-314)
Warning: Disabling timing arc between pins 'Q' and 'QN' on cell 'rf_reg[26][16]'
         to break a timing loop. (OPT-314)
Warning: Disabling timing arc between pins 'Q' and 'QN' on cell 'rf_reg[26][16]'
         to break a timing loop. (OPT-314)
Warning: Disabling timing arc between pins 'Q' and 'QN' on cell 'rf_reg[17][16]'
         to break a timing loop. (OPT-314)
Warning: Disabling timing arc between pins 'Q' and 'QN' on cell 'rf_reg[17][16]'
         to break a timing loop. (OPT-314)
Warning: Disabling timing arc between pins 'Q' and 'QN' on cell 'rf_reg[14][16]'
         to break a timing loop. (OPT-314)
Warning: Disabling timing arc between pins 'Q' and 'QN' on cell 'rf_reg[14][16]'
         to break a timing loop. (OPT-314)
Warning: Disabling timing arc between pins 'Q' and 'QN' on cell 'rf_reg[22][16]'
         to break a timing loop. (OPT-314)
Warning: Disabling timing arc between pins 'Q' and 'QN' on cell 'rf_reg[22][16]'
         to break a timing loop. (OPT-314)
Warning: Disabling timing arc between pins 'Q' and 'QN' on cell 'rf_reg[7][16]'
         to break a timing loop. (OPT-314)
Warning: Disabling timing arc between pins 'Q' and 'QN' on cell 'rf_reg[7][16]'
         to break a timing loop. (OPT-314)
Warning: Disabling timing arc between pins 'Q' and 'QN' on cell 'rf_reg[10][16]'
         to break a timing loop. (OPT-314)
Warning: Disabling timing arc between pins 'Q' and 'QN' on cell 'rf_reg[10][16]'
         to break a timing loop. (OPT-314)
Warning: Disabling timing arc between pins 'Q' and 'QN' on cell 'rf_reg[15][16]'
         to break a timing loop. (OPT-314)
Warning: Disabling timing arc between pins 'Q' and 'QN' on cell 'rf_reg[15][16]'
         to break a timing loop. (OPT-314)
Warning: Disabling timing arc between pins 'Q' and 'QN' on cell 'rf_reg[28][16]'
         to break a timing loop. (OPT-314)
Warning: Disabling timing arc between pins 'Q' and 'QN' on cell 'rf_reg[28][16]'
         to break a timing loop. (OPT-314)
Warning: Disabling timing arc between pins 'Q' and 'QN' on cell 'rf_reg[20][16]'
         to break a timing loop. (OPT-314)
Warning: Disabling timing arc between pins 'Q' and 'QN' on cell 'rf_reg[20][16]'
         to break a timing loop. (OPT-314)
Warning: Disabling timing arc between pins 'Q' and 'QN' on cell 'rf_reg[19][16]'
         to break a timing loop. (OPT-314)
Warning: Disabling timing arc between pins 'Q' and 'QN' on cell 'rf_reg[19][16]'
         to break a timing loop. (OPT-314)
Warning: Disabling timing arc between pins 'Q' and 'QN' on cell 'rf_reg[12][16]'
         to break a timing loop. (OPT-314)
Warning: Disabling timing arc between pins 'Q' and 'QN' on cell 'rf_reg[12][16]'
         to break a timing loop. (OPT-314)
Warning: Disabling timing arc between pins 'Q' and 'QN' on cell 'rf_reg[16][16]'
         to break a timing loop. (OPT-314)
Warning: Disabling timing arc between pins 'Q' and 'QN' on cell 'rf_reg[16][16]'
         to break a timing loop. (OPT-314)
Warning: Disabling timing arc between pins 'Q' and 'QN' on cell 'rf_reg[23][16]'
         to break a timing loop. (OPT-314)
Warning: Disabling timing arc between pins 'Q' and 'QN' on cell 'rf_reg[23][16]'
         to break a timing loop. (OPT-314)
Warning: Disabling timing arc between pins 'Q' and 'QN' on cell 'rf_reg[25][16]'
         to break a timing loop. (OPT-314)
Warning: Disabling timing arc between pins 'Q' and 'QN' on cell 'rf_reg[25][16]'
         to break a timing loop. (OPT-314)
Warning: Disabling timing arc between pins 'Q' and 'QN' on cell 'rf_reg[21][16]'
         to break a timing loop. (OPT-314)
Warning: Disabling timing arc between pins 'Q' and 'QN' on cell 'rf_reg[21][16]'
         to break a timing loop. (OPT-314)
Warning: Disabling timing arc between pins 'Q' and 'QN' on cell 'rf_reg[31][16]'
         to break a timing loop. (OPT-314)
Warning: Disabling timing arc between pins 'Q' and 'QN' on cell 'rf_reg[31][16]'
         to break a timing loop. (OPT-314)
Warning: Disabling timing arc between pins 'Q' and 'QN' on cell 'rf_reg[27][16]'
         to break a timing loop. (OPT-314)
Warning: Disabling timing arc between pins 'Q' and 'QN' on cell 'rf_reg[27][16]'
         to break a timing loop. (OPT-314)
Warning: Disabling timing arc between pins 'Q' and 'QN' on cell 'rf_reg[11][16]'
         to break a timing loop. (OPT-314)
Warning: Disabling timing arc between pins 'Q' and 'QN' on cell 'rf_reg[11][16]'
         to break a timing loop. (OPT-314)
Warning: Disabling timing arc between pins 'Q' and 'QN' on cell 'rf_reg[9][16]'
         to break a timing loop. (OPT-314)
Warning: Disabling timing arc between pins 'Q' and 'QN' on cell 'rf_reg[9][16]'
         to break a timing loop. (OPT-314)
Warning: Disabling timing arc between pins 'Q' and 'QN' on cell 'rf_reg[5][16]'
         to break a timing loop. (OPT-314)
Warning: Disabling timing arc between pins 'Q' and 'QN' on cell 'rf_reg[5][16]'
         to break a timing loop. (OPT-314)
Warning: Disabling timing arc between pins 'Q' and 'QN' on cell 'rf_reg[2][16]'
         to break a timing loop. (OPT-314)
Warning: Disabling timing arc between pins 'Q' and 'QN' on cell 'rf_reg[2][16]'
         to break a timing loop. (OPT-314)
Warning: Disabling timing arc between pins 'Q' and 'QN' on cell 'rf_reg[8][16]'
         to break a timing loop. (OPT-314)
Warning: Disabling timing arc between pins 'Q' and 'QN' on cell 'rf_reg[8][16]'
         to break a timing loop. (OPT-314)
Warning: Disabling timing arc between pins 'Q' and 'QN' on cell 'rf_reg[30][16]'
         to break a timing loop. (OPT-314)
Warning: Disabling timing arc between pins 'Q' and 'QN' on cell 'rf_reg[30][16]'
         to break a timing loop. (OPT-314)
Warning: Disabling timing arc between pins 'Q' and 'QN' on cell 'rf_reg[4][16]'
         to break a timing loop. (OPT-314)
Warning: Disabling timing arc between pins 'Q' and 'QN' on cell 'rf_reg[4][16]'
         to break a timing loop. (OPT-314)
Warning: Disabling timing arc between pins 'Q' and 'QN' on cell 'rf_reg[1][16]'
         to break a timing loop. (OPT-314)
Warning: Disabling timing arc between pins 'Q' and 'QN' on cell 'rf_reg[1][16]'
         to break a timing loop. (OPT-314)
Warning: Disabling timing arc between pins 'Q' and 'QN' on cell 'rf_reg[3][16]'
         to break a timing loop. (OPT-314)
Warning: Disabling timing arc between pins 'Q' and 'QN' on cell 'rf_reg[3][16]'
         to break a timing loop. (OPT-314)
Warning: Disabling timing arc between pins 'Q' and 'QN' on cell 'rf_reg[24][17]'
         to break a timing loop. (OPT-314)
Warning: Disabling timing arc between pins 'Q' and 'QN' on cell 'rf_reg[24][17]'
         to break a timing loop. (OPT-314)
Warning: Disabling timing arc between pins 'Q' and 'QN' on cell 'rf_reg[29][17]'
         to break a timing loop. (OPT-314)
Warning: Disabling timing arc between pins 'Q' and 'QN' on cell 'rf_reg[29][17]'
         to break a timing loop. (OPT-314)
Warning: Disabling timing arc between pins 'Q' and 'QN' on cell 'rf_reg[13][17]'
         to break a timing loop. (OPT-314)
Warning: Disabling timing arc between pins 'Q' and 'QN' on cell 'rf_reg[13][17]'
         to break a timing loop. (OPT-314)
Warning: Disabling timing arc between pins 'Q' and 'QN' on cell 'rf_reg[18][17]'
         to break a timing loop. (OPT-314)
Warning: Disabling timing arc between pins 'Q' and 'QN' on cell 'rf_reg[18][17]'
         to break a timing loop. (OPT-314)
Warning: Disabling timing arc between pins 'Q' and 'QN' on cell 'rf_reg[17][17]'
         to break a timing loop. (OPT-314)
Warning: Disabling timing arc between pins 'Q' and 'QN' on cell 'rf_reg[17][17]'
         to break a timing loop. (OPT-314)
Warning: Disabling timing arc between pins 'Q' and 'QN' on cell 'rf_reg[6][17]'
         to break a timing loop. (OPT-314)
Warning: Disabling timing arc between pins 'Q' and 'QN' on cell 'rf_reg[6][17]'
         to break a timing loop. (OPT-314)
Warning: Disabling timing arc between pins 'Q' and 'QN' on cell 'rf_reg[14][17]'
         to break a timing loop. (OPT-314)
Warning: Disabling timing arc between pins 'Q' and 'QN' on cell 'rf_reg[14][17]'
         to break a timing loop. (OPT-314)
Warning: Disabling timing arc between pins 'Q' and 'QN' on cell 'rf_reg[26][17]'
         to break a timing loop. (OPT-314)
Warning: Disabling timing arc between pins 'Q' and 'QN' on cell 'rf_reg[26][17]'
         to break a timing loop. (OPT-314)
Warning: Disabling timing arc between pins 'Q' and 'QN' on cell 'rf_reg[22][17]'
         to break a timing loop. (OPT-314)
Warning: Disabling timing arc between pins 'Q' and 'QN' on cell 'rf_reg[22][17]'
         to break a timing loop. (OPT-314)
Warning: Disabling timing arc between pins 'Q' and 'QN' on cell 'rf_reg[7][17]'
         to break a timing loop. (OPT-314)
Warning: Disabling timing arc between pins 'Q' and 'QN' on cell 'rf_reg[7][17]'
         to break a timing loop. (OPT-314)
Warning: Disabling timing arc between pins 'Q' and 'QN' on cell 'rf_reg[10][17]'
         to break a timing loop. (OPT-314)
Warning: Disabling timing arc between pins 'Q' and 'QN' on cell 'rf_reg[10][17]'
         to break a timing loop. (OPT-314)
Warning: Disabling timing arc between pins 'Q' and 'QN' on cell 'rf_reg[15][17]'
         to break a timing loop. (OPT-314)
Warning: Disabling timing arc between pins 'Q' and 'QN' on cell 'rf_reg[15][17]'
         to break a timing loop. (OPT-314)
Warning: Disabling timing arc between pins 'Q' and 'QN' on cell 'rf_reg[28][17]'
         to break a timing loop. (OPT-314)
Warning: Disabling timing arc between pins 'Q' and 'QN' on cell 'rf_reg[28][17]'
         to break a timing loop. (OPT-314)
Warning: Disabling timing arc between pins 'Q' and 'QN' on cell 'rf_reg[20][17]'
         to break a timing loop. (OPT-314)
Warning: Disabling timing arc between pins 'Q' and 'QN' on cell 'rf_reg[20][17]'
         to break a timing loop. (OPT-314)
Warning: Disabling timing arc between pins 'Q' and 'QN' on cell 'rf_reg[19][17]'
         to break a timing loop. (OPT-314)
Warning: Disabling timing arc between pins 'Q' and 'QN' on cell 'rf_reg[19][17]'
         to break a timing loop. (OPT-314)
Warning: Disabling timing arc between pins 'Q' and 'QN' on cell 'rf_reg[12][17]'
         to break a timing loop. (OPT-314)
Warning: Disabling timing arc between pins 'Q' and 'QN' on cell 'rf_reg[12][17]'
         to break a timing loop. (OPT-314)
Warning: Disabling timing arc between pins 'Q' and 'QN' on cell 'rf_reg[16][17]'
         to break a timing loop. (OPT-314)
Warning: Disabling timing arc between pins 'Q' and 'QN' on cell 'rf_reg[16][17]'
         to break a timing loop. (OPT-314)
Warning: Disabling timing arc between pins 'Q' and 'QN' on cell 'rf_reg[23][17]'
         to break a timing loop. (OPT-314)
Warning: Disabling timing arc between pins 'Q' and 'QN' on cell 'rf_reg[23][17]'
         to break a timing loop. (OPT-314)
Warning: Disabling timing arc between pins 'Q' and 'QN' on cell 'rf_reg[25][17]'
         to break a timing loop. (OPT-314)
Warning: Disabling timing arc between pins 'Q' and 'QN' on cell 'rf_reg[25][17]'
         to break a timing loop. (OPT-314)
Warning: Disabling timing arc between pins 'Q' and 'QN' on cell 'rf_reg[21][17]'
         to break a timing loop. (OPT-314)
Warning: Disabling timing arc between pins 'Q' and 'QN' on cell 'rf_reg[21][17]'
         to break a timing loop. (OPT-314)
Warning: Disabling timing arc between pins 'Q' and 'QN' on cell 'rf_reg[27][17]'
         to break a timing loop. (OPT-314)
Warning: Disabling timing arc between pins 'Q' and 'QN' on cell 'rf_reg[27][17]'
         to break a timing loop. (OPT-314)
Warning: Disabling timing arc between pins 'Q' and 'QN' on cell 'rf_reg[31][17]'
         to break a timing loop. (OPT-314)
Warning: Disabling timing arc between pins 'Q' and 'QN' on cell 'rf_reg[31][17]'
         to break a timing loop. (OPT-314)
Warning: Disabling timing arc between pins 'Q' and 'QN' on cell 'rf_reg[11][17]'
         to break a timing loop. (OPT-314)
Warning: Disabling timing arc between pins 'Q' and 'QN' on cell 'rf_reg[11][17]'
         to break a timing loop. (OPT-314)
Warning: Disabling timing arc between pins 'Q' and 'QN' on cell 'rf_reg[9][17]'
         to break a timing loop. (OPT-314)
Warning: Disabling timing arc between pins 'Q' and 'QN' on cell 'rf_reg[9][17]'
         to break a timing loop. (OPT-314)
Warning: Disabling timing arc between pins 'Q' and 'QN' on cell 'rf_reg[5][17]'
         to break a timing loop. (OPT-314)
Warning: Disabling timing arc between pins 'Q' and 'QN' on cell 'rf_reg[5][17]'
         to break a timing loop. (OPT-314)
Warning: Disabling timing arc between pins 'Q' and 'QN' on cell 'rf_reg[2][17]'
         to break a timing loop. (OPT-314)
Warning: Disabling timing arc between pins 'Q' and 'QN' on cell 'rf_reg[2][17]'
         to break a timing loop. (OPT-314)
Warning: Disabling timing arc between pins 'Q' and 'QN' on cell 'rf_reg[8][17]'
         to break a timing loop. (OPT-314)
Warning: Disabling timing arc between pins 'Q' and 'QN' on cell 'rf_reg[8][17]'
         to break a timing loop. (OPT-314)
Warning: Disabling timing arc between pins 'Q' and 'QN' on cell 'rf_reg[30][17]'
         to break a timing loop. (OPT-314)
Warning: Disabling timing arc between pins 'Q' and 'QN' on cell 'rf_reg[30][17]'
         to break a timing loop. (OPT-314)
Warning: Disabling timing arc between pins 'Q' and 'QN' on cell 'rf_reg[4][17]'
         to break a timing loop. (OPT-314)
Warning: Disabling timing arc between pins 'Q' and 'QN' on cell 'rf_reg[4][17]'
         to break a timing loop. (OPT-314)
Warning: Disabling timing arc between pins 'Q' and 'QN' on cell 'rf_reg[1][17]'
         to break a timing loop. (OPT-314)
Warning: Disabling timing arc between pins 'Q' and 'QN' on cell 'rf_reg[1][17]'
         to break a timing loop. (OPT-314)
Warning: Disabling timing arc between pins 'Q' and 'QN' on cell 'rf_reg[3][17]'
         to break a timing loop. (OPT-314)
Warning: Disabling timing arc between pins 'Q' and 'QN' on cell 'rf_reg[3][17]'
         to break a timing loop. (OPT-314)
Warning: Disabling timing arc between pins 'Q' and 'QN' on cell 'rf_reg[5][30]'
         to break a timing loop. (OPT-314)
Warning: Disabling timing arc between pins 'Q' and 'QN' on cell 'rf_reg[5][30]'
         to break a timing loop. (OPT-314)
Warning: Disabling timing arc between pins 'Q' and 'QN' on cell 'rf_reg[16][30]'
         to break a timing loop. (OPT-314)
Warning: Disabling timing arc between pins 'Q' and 'QN' on cell 'rf_reg[16][30]'
         to break a timing loop. (OPT-314)
Warning: Disabling timing arc between pins 'Q' and 'QN' on cell 'rf_reg[11][30]'
         to break a timing loop. (OPT-314)
Warning: Disabling timing arc between pins 'Q' and 'QN' on cell 'rf_reg[11][30]'
         to break a timing loop. (OPT-314)
Warning: Disabling timing arc between pins 'Q' and 'QN' on cell 'rf_reg[24][30]'
         to break a timing loop. (OPT-314)
Warning: Disabling timing arc between pins 'Q' and 'QN' on cell 'rf_reg[24][30]'
         to break a timing loop. (OPT-314)
Warning: Disabling timing arc between pins 'Q' and 'QN' on cell 'rf_reg[13][30]'
         to break a timing loop. (OPT-314)
Warning: Disabling timing arc between pins 'Q' and 'QN' on cell 'rf_reg[13][30]'
         to break a timing loop. (OPT-314)
Warning: Disabling timing arc between pins 'Q' and 'QN' on cell 'rf_reg[9][30]'
         to break a timing loop. (OPT-314)
Warning: Disabling timing arc between pins 'Q' and 'QN' on cell 'rf_reg[9][30]'
         to break a timing loop. (OPT-314)
Warning: Disabling timing arc between pins 'Q' and 'QN' on cell 'rf_reg[6][30]'
         to break a timing loop. (OPT-314)
Warning: Disabling timing arc between pins 'Q' and 'QN' on cell 'rf_reg[6][30]'
         to break a timing loop. (OPT-314)
Warning: Disabling timing arc between pins 'Q' and 'QN' on cell 'rf_reg[29][30]'
         to break a timing loop. (OPT-314)
Warning: Disabling timing arc between pins 'Q' and 'QN' on cell 'rf_reg[29][30]'
         to break a timing loop. (OPT-314)
Warning: Disabling timing arc between pins 'Q' and 'QN' on cell 'rf_reg[26][30]'
         to break a timing loop. (OPT-314)
Warning: Disabling timing arc between pins 'Q' and 'QN' on cell 'rf_reg[26][30]'
         to break a timing loop. (OPT-314)
Warning: Disabling timing arc between pins 'Q' and 'QN' on cell 'rf_reg[17][30]'
         to break a timing loop. (OPT-314)
Warning: Disabling timing arc between pins 'Q' and 'QN' on cell 'rf_reg[17][30]'
         to break a timing loop. (OPT-314)
Warning: Disabling timing arc between pins 'Q' and 'QN' on cell 'rf_reg[18][30]'
         to break a timing loop. (OPT-314)
Warning: Disabling timing arc between pins 'Q' and 'QN' on cell 'rf_reg[18][30]'
         to break a timing loop. (OPT-314)
Warning: Disabling timing arc between pins 'Q' and 'QN' on cell 'rf_reg[14][30]'
         to break a timing loop. (OPT-314)
Warning: Disabling timing arc between pins 'Q' and 'QN' on cell 'rf_reg[14][30]'
         to break a timing loop. (OPT-314)
Warning: Disabling timing arc between pins 'Q' and 'QN' on cell 'rf_reg[22][30]'
         to break a timing loop. (OPT-314)
Warning: Disabling timing arc between pins 'Q' and 'QN' on cell 'rf_reg[22][30]'
         to break a timing loop. (OPT-314)
Warning: Disabling timing arc between pins 'Q' and 'QN' on cell 'rf_reg[7][30]'
         to break a timing loop. (OPT-314)
Warning: Disabling timing arc between pins 'Q' and 'QN' on cell 'rf_reg[7][30]'
         to break a timing loop. (OPT-314)
Warning: Disabling timing arc between pins 'Q' and 'QN' on cell 'rf_reg[10][30]'
         to break a timing loop. (OPT-314)
Warning: Disabling timing arc between pins 'Q' and 'QN' on cell 'rf_reg[10][30]'
         to break a timing loop. (OPT-314)
Warning: Disabling timing arc between pins 'Q' and 'QN' on cell 'rf_reg[15][30]'
         to break a timing loop. (OPT-314)
Warning: Disabling timing arc between pins 'Q' and 'QN' on cell 'rf_reg[15][30]'
         to break a timing loop. (OPT-314)
Warning: Disabling timing arc between pins 'Q' and 'QN' on cell 'rf_reg[28][30]'
         to break a timing loop. (OPT-314)
Warning: Disabling timing arc between pins 'Q' and 'QN' on cell 'rf_reg[28][30]'
         to break a timing loop. (OPT-314)
Warning: Disabling timing arc between pins 'Q' and 'QN' on cell 'rf_reg[20][30]'
         to break a timing loop. (OPT-314)
Warning: Disabling timing arc between pins 'Q' and 'QN' on cell 'rf_reg[20][30]'
         to break a timing loop. (OPT-314)
Warning: Disabling timing arc between pins 'Q' and 'QN' on cell 'rf_reg[25][30]'
         to break a timing loop. (OPT-314)
Warning: Disabling timing arc between pins 'Q' and 'QN' on cell 'rf_reg[25][30]'
         to break a timing loop. (OPT-314)
Warning: Disabling timing arc between pins 'Q' and 'QN' on cell 'rf_reg[21][30]'
         to break a timing loop. (OPT-314)
Warning: Disabling timing arc between pins 'Q' and 'QN' on cell 'rf_reg[21][30]'
         to break a timing loop. (OPT-314)
Warning: Disabling timing arc between pins 'Q' and 'QN' on cell 'rf_reg[31][30]'
         to break a timing loop. (OPT-314)
Warning: Disabling timing arc between pins 'Q' and 'QN' on cell 'rf_reg[31][30]'
         to break a timing loop. (OPT-314)
Warning: Disabling timing arc between pins 'Q' and 'QN' on cell 'rf_reg[27][30]'
         to break a timing loop. (OPT-314)
Warning: Disabling timing arc between pins 'Q' and 'QN' on cell 'rf_reg[27][30]'
         to break a timing loop. (OPT-314)
Warning: Disabling timing arc between pins 'Q' and 'QN' on cell 'rf_reg[19][30]'
         to break a timing loop. (OPT-314)
Warning: Disabling timing arc between pins 'Q' and 'QN' on cell 'rf_reg[19][30]'
         to break a timing loop. (OPT-314)
Warning: Disabling timing arc between pins 'Q' and 'QN' on cell 'rf_reg[12][30]'
         to break a timing loop. (OPT-314)
Warning: Disabling timing arc between pins 'Q' and 'QN' on cell 'rf_reg[12][30]'
         to break a timing loop. (OPT-314)
Warning: Disabling timing arc between pins 'Q' and 'QN' on cell 'rf_reg[1][30]'
         to break a timing loop. (OPT-314)
Warning: Disabling timing arc between pins 'Q' and 'QN' on cell 'rf_reg[1][30]'
         to break a timing loop. (OPT-314)
Warning: Disabling timing arc between pins 'Q' and 'QN' on cell 'rf_reg[2][30]'
         to break a timing loop. (OPT-314)
Warning: Disabling timing arc between pins 'Q' and 'QN' on cell 'rf_reg[2][30]'
         to break a timing loop. (OPT-314)
Warning: Disabling timing arc between pins 'Q' and 'QN' on cell 'rf_reg[8][30]'
         to break a timing loop. (OPT-314)
Warning: Disabling timing arc between pins 'Q' and 'QN' on cell 'rf_reg[8][30]'
         to break a timing loop. (OPT-314)
Warning: Disabling timing arc between pins 'Q' and 'QN' on cell 'rf_reg[30][30]'
         to break a timing loop. (OPT-314)
Warning: Disabling timing arc between pins 'Q' and 'QN' on cell 'rf_reg[30][30]'
         to break a timing loop. (OPT-314)
Warning: Disabling timing arc between pins 'Q' and 'QN' on cell 'rf_reg[3][30]'
         to break a timing loop. (OPT-314)
Warning: Disabling timing arc between pins 'Q' and 'QN' on cell 'rf_reg[3][30]'
         to break a timing loop. (OPT-314)
Warning: Disabling timing arc between pins 'Q' and 'QN' on cell 'rf_reg[4][30]'
         to break a timing loop. (OPT-314)
Warning: Disabling timing arc between pins 'Q' and 'QN' on cell 'rf_reg[4][30]'
         to break a timing loop. (OPT-314)
Warning: Disabling timing arc between pins 'Q' and 'QN' on cell 'rf_reg[23][30]'
         to break a timing loop. (OPT-314)
Warning: Disabling timing arc between pins 'Q' and 'QN' on cell 'rf_reg[23][30]'
         to break a timing loop. (OPT-314)
Warning: Disabling timing arc between pins 'Q' and 'QN' on cell 'rf_reg[28][29]'
         to break a timing loop. (OPT-314)
Warning: Disabling timing arc between pins 'Q' and 'QN' on cell 'rf_reg[28][29]'
         to break a timing loop. (OPT-314)
Warning: Disabling timing arc between pins 'Q' and 'QN' on cell 'rf_reg[20][29]'
         to break a timing loop. (OPT-314)
Warning: Disabling timing arc between pins 'Q' and 'QN' on cell 'rf_reg[20][29]'
         to break a timing loop. (OPT-314)
Warning: Disabling timing arc between pins 'Q' and 'QN' on cell 'rf_reg[19][29]'
         to break a timing loop. (OPT-314)
Warning: Disabling timing arc between pins 'Q' and 'QN' on cell 'rf_reg[19][29]'
         to break a timing loop. (OPT-314)
Warning: Disabling timing arc between pins 'Q' and 'QN' on cell 'rf_reg[12][29]'
         to break a timing loop. (OPT-314)
Warning: Disabling timing arc between pins 'Q' and 'QN' on cell 'rf_reg[12][29]'
         to break a timing loop. (OPT-314)
Warning: Disabling timing arc between pins 'Q' and 'QN' on cell 'rf_reg[5][29]'
         to break a timing loop. (OPT-314)
Warning: Disabling timing arc between pins 'Q' and 'QN' on cell 'rf_reg[5][29]'
         to break a timing loop. (OPT-314)
Warning: Disabling timing arc between pins 'Q' and 'QN' on cell 'rf_reg[2][29]'
         to break a timing loop. (OPT-314)
Warning: Disabling timing arc between pins 'Q' and 'QN' on cell 'rf_reg[2][29]'
         to break a timing loop. (OPT-314)
Warning: Disabling timing arc between pins 'Q' and 'QN' on cell 'rf_reg[8][29]'
         to break a timing loop. (OPT-314)
Warning: Disabling timing arc between pins 'Q' and 'QN' on cell 'rf_reg[8][29]'
         to break a timing loop. (OPT-314)
Warning: Disabling timing arc between pins 'Q' and 'QN' on cell 'rf_reg[30][29]'
         to break a timing loop. (OPT-314)
Warning: Disabling timing arc between pins 'Q' and 'QN' on cell 'rf_reg[30][29]'
         to break a timing loop. (OPT-314)
Warning: Disabling timing arc between pins 'Q' and 'QN' on cell 'rf_reg[4][29]'
         to break a timing loop. (OPT-314)
Warning: Disabling timing arc between pins 'Q' and 'QN' on cell 'rf_reg[4][29]'
         to break a timing loop. (OPT-314)
Warning: Disabling timing arc between pins 'Q' and 'QN' on cell 'rf_reg[1][29]'
         to break a timing loop. (OPT-314)
Warning: Disabling timing arc between pins 'Q' and 'QN' on cell 'rf_reg[1][29]'
         to break a timing loop. (OPT-314)
Warning: Disabling timing arc between pins 'Q' and 'QN' on cell 'rf_reg[3][29]'
         to break a timing loop. (OPT-314)
Warning: Disabling timing arc between pins 'Q' and 'QN' on cell 'rf_reg[3][29]'
         to break a timing loop. (OPT-314)
Warning: Disabling timing arc between pins 'Q' and 'QN' on cell 'rf_reg[16][29]'
         to break a timing loop. (OPT-314)
Warning: Disabling timing arc between pins 'Q' and 'QN' on cell 'rf_reg[16][29]'
         to break a timing loop. (OPT-314)
Warning: Disabling timing arc between pins 'Q' and 'QN' on cell 'rf_reg[23][29]'
         to break a timing loop. (OPT-314)
Warning: Disabling timing arc between pins 'Q' and 'QN' on cell 'rf_reg[23][29]'
         to break a timing loop. (OPT-314)
Warning: Disabling timing arc between pins 'Q' and 'QN' on cell 'rf_reg[25][29]'
         to break a timing loop. (OPT-314)
Warning: Disabling timing arc between pins 'Q' and 'QN' on cell 'rf_reg[25][29]'
         to break a timing loop. (OPT-314)
Warning: Disabling timing arc between pins 'Q' and 'QN' on cell 'rf_reg[21][29]'
         to break a timing loop. (OPT-314)
Warning: Disabling timing arc between pins 'Q' and 'QN' on cell 'rf_reg[21][29]'
         to break a timing loop. (OPT-314)
Warning: Disabling timing arc between pins 'Q' and 'QN' on cell 'rf_reg[22][29]'
         to break a timing loop. (OPT-314)
Warning: Disabling timing arc between pins 'Q' and 'QN' on cell 'rf_reg[22][29]'
         to break a timing loop. (OPT-314)
Warning: Disabling timing arc between pins 'Q' and 'QN' on cell 'rf_reg[7][29]'
         to break a timing loop. (OPT-314)
Warning: Disabling timing arc between pins 'Q' and 'QN' on cell 'rf_reg[7][29]'
         to break a timing loop. (OPT-314)
Warning: Disabling timing arc between pins 'Q' and 'QN' on cell 'rf_reg[10][29]'
         to break a timing loop. (OPT-314)
Warning: Disabling timing arc between pins 'Q' and 'QN' on cell 'rf_reg[10][29]'
         to break a timing loop. (OPT-314)
Warning: Disabling timing arc between pins 'Q' and 'QN' on cell 'rf_reg[15][29]'
         to break a timing loop. (OPT-314)
Warning: Disabling timing arc between pins 'Q' and 'QN' on cell 'rf_reg[15][29]'
         to break a timing loop. (OPT-314)
Warning: Disabling timing arc between pins 'Q' and 'QN' on cell 'rf_reg[31][29]'
         to break a timing loop. (OPT-314)
Warning: Disabling timing arc between pins 'Q' and 'QN' on cell 'rf_reg[31][29]'
         to break a timing loop. (OPT-314)
Warning: Disabling timing arc between pins 'Q' and 'QN' on cell 'rf_reg[27][29]'
         to break a timing loop. (OPT-314)
Warning: Disabling timing arc between pins 'Q' and 'QN' on cell 'rf_reg[27][29]'
         to break a timing loop. (OPT-314)
Warning: Disabling timing arc between pins 'Q' and 'QN' on cell 'rf_reg[11][29]'
         to break a timing loop. (OPT-314)
Warning: Disabling timing arc between pins 'Q' and 'QN' on cell 'rf_reg[11][29]'
         to break a timing loop. (OPT-314)
Warning: Disabling timing arc between pins 'Q' and 'QN' on cell 'rf_reg[9][29]'
         to break a timing loop. (OPT-314)
Warning: Disabling timing arc between pins 'Q' and 'QN' on cell 'rf_reg[9][29]'
         to break a timing loop. (OPT-314)
Warning: Disabling timing arc between pins 'Q' and 'QN' on cell 'rf_reg[24][29]'
         to break a timing loop. (OPT-314)
Warning: Disabling timing arc between pins 'Q' and 'QN' on cell 'rf_reg[24][29]'
         to break a timing loop. (OPT-314)
Warning: Disabling timing arc between pins 'Q' and 'QN' on cell 'rf_reg[29][29]'
         to break a timing loop. (OPT-314)
Warning: Disabling timing arc between pins 'Q' and 'QN' on cell 'rf_reg[29][29]'
         to break a timing loop. (OPT-314)
Warning: Disabling timing arc between pins 'Q' and 'QN' on cell 'rf_reg[13][29]'
         to break a timing loop. (OPT-314)
Warning: Disabling timing arc between pins 'Q' and 'QN' on cell 'rf_reg[13][29]'
         to break a timing loop. (OPT-314)
Warning: Disabling timing arc between pins 'Q' and 'QN' on cell 'rf_reg[18][29]'
         to break a timing loop. (OPT-314)
Warning: Disabling timing arc between pins 'Q' and 'QN' on cell 'rf_reg[18][29]'
         to break a timing loop. (OPT-314)
Warning: Disabling timing arc between pins 'Q' and 'QN' on cell 'rf_reg[6][29]'
         to break a timing loop. (OPT-314)
Warning: Disabling timing arc between pins 'Q' and 'QN' on cell 'rf_reg[6][29]'
         to break a timing loop. (OPT-314)
Warning: Disabling timing arc between pins 'Q' and 'QN' on cell 'rf_reg[26][29]'
         to break a timing loop. (OPT-314)
Warning: Disabling timing arc between pins 'Q' and 'QN' on cell 'rf_reg[26][29]'
         to break a timing loop. (OPT-314)
Warning: Disabling timing arc between pins 'Q' and 'QN' on cell 'rf_reg[17][29]'
         to break a timing loop. (OPT-314)
Warning: Disabling timing arc between pins 'Q' and 'QN' on cell 'rf_reg[17][29]'
         to break a timing loop. (OPT-314)
Warning: Disabling timing arc between pins 'Q' and 'QN' on cell 'rf_reg[14][29]'
         to break a timing loop. (OPT-314)
Warning: Disabling timing arc between pins 'Q' and 'QN' on cell 'rf_reg[14][29]'
         to break a timing loop. (OPT-314)
Warning: Disabling timing arc between pins 'Q' and 'QN' on cell 'rf_reg[5][28]'
         to break a timing loop. (OPT-314)
Warning: Disabling timing arc between pins 'Q' and 'QN' on cell 'rf_reg[5][28]'
         to break a timing loop. (OPT-314)
Warning: Disabling timing arc between pins 'Q' and 'QN' on cell 'rf_reg[16][28]'
         to break a timing loop. (OPT-314)
Warning: Disabling timing arc between pins 'Q' and 'QN' on cell 'rf_reg[16][28]'
         to break a timing loop. (OPT-314)
Warning: Disabling timing arc between pins 'Q' and 'QN' on cell 'rf_reg[7][28]'
         to break a timing loop. (OPT-314)
Warning: Disabling timing arc between pins 'Q' and 'QN' on cell 'rf_reg[7][28]'
         to break a timing loop. (OPT-314)
Warning: Disabling timing arc between pins 'Q' and 'QN' on cell 'rf_reg[6][28]'
         to break a timing loop. (OPT-314)
Warning: Disabling timing arc between pins 'Q' and 'QN' on cell 'rf_reg[6][28]'
         to break a timing loop. (OPT-314)
Warning: Disabling timing arc between pins 'Q' and 'QN' on cell 'rf_reg[11][28]'
         to break a timing loop. (OPT-314)
Warning: Disabling timing arc between pins 'Q' and 'QN' on cell 'rf_reg[11][28]'
         to break a timing loop. (OPT-314)
Warning: Disabling timing arc between pins 'Q' and 'QN' on cell 'rf_reg[24][28]'
         to break a timing loop. (OPT-314)
Warning: Disabling timing arc between pins 'Q' and 'QN' on cell 'rf_reg[24][28]'
         to break a timing loop. (OPT-314)
Warning: Disabling timing arc between pins 'Q' and 'QN' on cell 'rf_reg[21][28]'
         to break a timing loop. (OPT-314)
Warning: Disabling timing arc between pins 'Q' and 'QN' on cell 'rf_reg[21][28]'
         to break a timing loop. (OPT-314)
Warning: Disabling timing arc between pins 'Q' and 'QN' on cell 'rf_reg[18][28]'
         to break a timing loop. (OPT-314)
Warning: Disabling timing arc between pins 'Q' and 'QN' on cell 'rf_reg[18][28]'
         to break a timing loop. (OPT-314)
Warning: Disabling timing arc between pins 'Q' and 'QN' on cell 'rf_reg[26][28]'
         to break a timing loop. (OPT-314)
Warning: Disabling timing arc between pins 'Q' and 'QN' on cell 'rf_reg[26][28]'
         to break a timing loop. (OPT-314)
Warning: Disabling timing arc between pins 'Q' and 'QN' on cell 'rf_reg[17][28]'
         to break a timing loop. (OPT-314)
Warning: Disabling timing arc between pins 'Q' and 'QN' on cell 'rf_reg[17][28]'
         to break a timing loop. (OPT-314)
Warning: Disabling timing arc between pins 'Q' and 'QN' on cell 'rf_reg[31][28]'
         to break a timing loop. (OPT-314)
Warning: Disabling timing arc between pins 'Q' and 'QN' on cell 'rf_reg[31][28]'
         to break a timing loop. (OPT-314)
Warning: Disabling timing arc between pins 'Q' and 'QN' on cell 'rf_reg[27][28]'
         to break a timing loop. (OPT-314)
Warning: Disabling timing arc between pins 'Q' and 'QN' on cell 'rf_reg[27][28]'
         to break a timing loop. (OPT-314)
Warning: Disabling timing arc between pins 'Q' and 'QN' on cell 'rf_reg[19][28]'
         to break a timing loop. (OPT-314)
Warning: Disabling timing arc between pins 'Q' and 'QN' on cell 'rf_reg[19][28]'
         to break a timing loop. (OPT-314)
Warning: Disabling timing arc between pins 'Q' and 'QN' on cell 'rf_reg[12][28]'
         to break a timing loop. (OPT-314)
Warning: Disabling timing arc between pins 'Q' and 'QN' on cell 'rf_reg[12][28]'
         to break a timing loop. (OPT-314)
Warning: Disabling timing arc between pins 'Q' and 'QN' on cell 'rf_reg[10][28]'
         to break a timing loop. (OPT-314)
Warning: Disabling timing arc between pins 'Q' and 'QN' on cell 'rf_reg[10][28]'
         to break a timing loop. (OPT-314)
Warning: Disabling timing arc between pins 'Q' and 'QN' on cell 'rf_reg[3][28]'
         to break a timing loop. (OPT-314)
Warning: Disabling timing arc between pins 'Q' and 'QN' on cell 'rf_reg[3][28]'
         to break a timing loop. (OPT-314)
Warning: Disabling timing arc between pins 'Q' and 'QN' on cell 'rf_reg[25][28]'
         to break a timing loop. (OPT-314)
Warning: Disabling timing arc between pins 'Q' and 'QN' on cell 'rf_reg[25][28]'
         to break a timing loop. (OPT-314)
Warning: Disabling timing arc between pins 'Q' and 'QN' on cell 'rf_reg[2][28]'
         to break a timing loop. (OPT-314)
Warning: Disabling timing arc between pins 'Q' and 'QN' on cell 'rf_reg[2][28]'
         to break a timing loop. (OPT-314)
Warning: Disabling timing arc between pins 'Q' and 'QN' on cell 'rf_reg[8][28]'
         to break a timing loop. (OPT-314)
Warning: Disabling timing arc between pins 'Q' and 'QN' on cell 'rf_reg[8][28]'
         to break a timing loop. (OPT-314)
Warning: Disabling timing arc between pins 'Q' and 'QN' on cell 'rf_reg[1][28]'
         to break a timing loop. (OPT-314)
Warning: Disabling timing arc between pins 'Q' and 'QN' on cell 'rf_reg[1][28]'
         to break a timing loop. (OPT-314)
Warning: Disabling timing arc between pins 'Q' and 'QN' on cell 'rf_reg[29][28]'
         to break a timing loop. (OPT-314)
Warning: Disabling timing arc between pins 'Q' and 'QN' on cell 'rf_reg[29][28]'
         to break a timing loop. (OPT-314)
Warning: Disabling timing arc between pins 'Q' and 'QN' on cell 'rf_reg[15][28]'
         to break a timing loop. (OPT-314)
Warning: Disabling timing arc between pins 'Q' and 'QN' on cell 'rf_reg[15][28]'
         to break a timing loop. (OPT-314)
Warning: Disabling timing arc between pins 'Q' and 'QN' on cell 'rf_reg[13][28]'
         to break a timing loop. (OPT-314)
Warning: Disabling timing arc between pins 'Q' and 'QN' on cell 'rf_reg[13][28]'
         to break a timing loop. (OPT-314)
Warning: Disabling timing arc between pins 'Q' and 'QN' on cell 'rf_reg[9][28]'
         to break a timing loop. (OPT-314)
Warning: Disabling timing arc between pins 'Q' and 'QN' on cell 'rf_reg[9][28]'
         to break a timing loop. (OPT-314)
Warning: Disabling timing arc between pins 'Q' and 'QN' on cell 'rf_reg[22][28]'
         to break a timing loop. (OPT-314)
Warning: Disabling timing arc between pins 'Q' and 'QN' on cell 'rf_reg[22][28]'
         to break a timing loop. (OPT-314)
Warning: Disabling timing arc between pins 'Q' and 'QN' on cell 'rf_reg[4][28]'
         to break a timing loop. (OPT-314)
Warning: Disabling timing arc between pins 'Q' and 'QN' on cell 'rf_reg[4][28]'
         to break a timing loop. (OPT-314)
Warning: Disabling timing arc between pins 'Q' and 'QN' on cell 'rf_reg[23][28]'
         to break a timing loop. (OPT-314)
Warning: Disabling timing arc between pins 'Q' and 'QN' on cell 'rf_reg[23][28]'
         to break a timing loop. (OPT-314)
Warning: Disabling timing arc between pins 'Q' and 'QN' on cell 'rf_reg[14][28]'
         to break a timing loop. (OPT-314)
Warning: Disabling timing arc between pins 'Q' and 'QN' on cell 'rf_reg[14][28]'
         to break a timing loop. (OPT-314)
Warning: Disabling timing arc between pins 'Q' and 'QN' on cell 'rf_reg[30][28]'
         to break a timing loop. (OPT-314)
Warning: Disabling timing arc between pins 'Q' and 'QN' on cell 'rf_reg[30][28]'
         to break a timing loop. (OPT-314)
Warning: Disabling timing arc between pins 'Q' and 'QN' on cell 'rf_reg[28][28]'
         to break a timing loop. (OPT-314)
Warning: Disabling timing arc between pins 'Q' and 'QN' on cell 'rf_reg[28][28]'
         to break a timing loop. (OPT-314)
Warning: Disabling timing arc between pins 'Q' and 'QN' on cell 'rf_reg[20][28]'
         to break a timing loop. (OPT-314)
Warning: Disabling timing arc between pins 'Q' and 'QN' on cell 'rf_reg[20][28]'
         to break a timing loop. (OPT-314)
Warning: Disabling timing arc between pins 'Q' and 'QN' on cell 'rf_reg[24][27]'
         to break a timing loop. (OPT-314)
Warning: Disabling timing arc between pins 'Q' and 'QN' on cell 'rf_reg[24][27]'
         to break a timing loop. (OPT-314)
Warning: Disabling timing arc between pins 'Q' and 'QN' on cell 'rf_reg[29][27]'
         to break a timing loop. (OPT-314)
Warning: Disabling timing arc between pins 'Q' and 'QN' on cell 'rf_reg[29][27]'
         to break a timing loop. (OPT-314)
Warning: Disabling timing arc between pins 'Q' and 'QN' on cell 'rf_reg[13][27]'
         to break a timing loop. (OPT-314)
Warning: Disabling timing arc between pins 'Q' and 'QN' on cell 'rf_reg[13][27]'
         to break a timing loop. (OPT-314)
Warning: Disabling timing arc between pins 'Q' and 'QN' on cell 'rf_reg[18][27]'
         to break a timing loop. (OPT-314)
Warning: Disabling timing arc between pins 'Q' and 'QN' on cell 'rf_reg[18][27]'
         to break a timing loop. (OPT-314)
Warning: Disabling timing arc between pins 'Q' and 'QN' on cell 'rf_reg[6][27]'
         to break a timing loop. (OPT-314)
Warning: Disabling timing arc between pins 'Q' and 'QN' on cell 'rf_reg[6][27]'
         to break a timing loop. (OPT-314)
Warning: Disabling timing arc between pins 'Q' and 'QN' on cell 'rf_reg[26][27]'
         to break a timing loop. (OPT-314)
Warning: Disabling timing arc between pins 'Q' and 'QN' on cell 'rf_reg[26][27]'
         to break a timing loop. (OPT-314)
Warning: Disabling timing arc between pins 'Q' and 'QN' on cell 'rf_reg[17][27]'
         to break a timing loop. (OPT-314)
Warning: Disabling timing arc between pins 'Q' and 'QN' on cell 'rf_reg[17][27]'
         to break a timing loop. (OPT-314)
Warning: Disabling timing arc between pins 'Q' and 'QN' on cell 'rf_reg[14][27]'
         to break a timing loop. (OPT-314)
Warning: Disabling timing arc between pins 'Q' and 'QN' on cell 'rf_reg[14][27]'
         to break a timing loop. (OPT-314)
Warning: Disabling timing arc between pins 'Q' and 'QN' on cell 'rf_reg[22][27]'
         to break a timing loop. (OPT-314)
Warning: Disabling timing arc between pins 'Q' and 'QN' on cell 'rf_reg[22][27]'
         to break a timing loop. (OPT-314)
Warning: Disabling timing arc between pins 'Q' and 'QN' on cell 'rf_reg[7][27]'
         to break a timing loop. (OPT-314)
Warning: Disabling timing arc between pins 'Q' and 'QN' on cell 'rf_reg[7][27]'
         to break a timing loop. (OPT-314)
Warning: Disabling timing arc between pins 'Q' and 'QN' on cell 'rf_reg[10][27]'
         to break a timing loop. (OPT-314)
Warning: Disabling timing arc between pins 'Q' and 'QN' on cell 'rf_reg[10][27]'
         to break a timing loop. (OPT-314)
Warning: Disabling timing arc between pins 'Q' and 'QN' on cell 'rf_reg[15][27]'
         to break a timing loop. (OPT-314)
Warning: Disabling timing arc between pins 'Q' and 'QN' on cell 'rf_reg[15][27]'
         to break a timing loop. (OPT-314)
Warning: Disabling timing arc between pins 'Q' and 'QN' on cell 'rf_reg[28][27]'
         to break a timing loop. (OPT-314)
Warning: Disabling timing arc between pins 'Q' and 'QN' on cell 'rf_reg[28][27]'
         to break a timing loop. (OPT-314)
Warning: Disabling timing arc between pins 'Q' and 'QN' on cell 'rf_reg[20][27]'
         to break a timing loop. (OPT-314)
Warning: Disabling timing arc between pins 'Q' and 'QN' on cell 'rf_reg[20][27]'
         to break a timing loop. (OPT-314)
Warning: Disabling timing arc between pins 'Q' and 'QN' on cell 'rf_reg[19][27]'
         to break a timing loop. (OPT-314)
Warning: Disabling timing arc between pins 'Q' and 'QN' on cell 'rf_reg[19][27]'
         to break a timing loop. (OPT-314)
Warning: Disabling timing arc between pins 'Q' and 'QN' on cell 'rf_reg[12][27]'
         to break a timing loop. (OPT-314)
Warning: Disabling timing arc between pins 'Q' and 'QN' on cell 'rf_reg[12][27]'
         to break a timing loop. (OPT-314)
Warning: Disabling timing arc between pins 'Q' and 'QN' on cell 'rf_reg[25][27]'
         to break a timing loop. (OPT-314)
Warning: Disabling timing arc between pins 'Q' and 'QN' on cell 'rf_reg[25][27]'
         to break a timing loop. (OPT-314)
Warning: Disabling timing arc between pins 'Q' and 'QN' on cell 'rf_reg[21][27]'
         to break a timing loop. (OPT-314)
Warning: Disabling timing arc between pins 'Q' and 'QN' on cell 'rf_reg[21][27]'
         to break a timing loop. (OPT-314)
Warning: Disabling timing arc between pins 'Q' and 'QN' on cell 'rf_reg[23][27]'
         to break a timing loop. (OPT-314)
Warning: Disabling timing arc between pins 'Q' and 'QN' on cell 'rf_reg[23][27]'
         to break a timing loop. (OPT-314)
Warning: Disabling timing arc between pins 'Q' and 'QN' on cell 'rf_reg[16][27]'
         to break a timing loop. (OPT-314)
Warning: Disabling timing arc between pins 'Q' and 'QN' on cell 'rf_reg[16][27]'
         to break a timing loop. (OPT-314)
Warning: Disabling timing arc between pins 'Q' and 'QN' on cell 'rf_reg[31][27]'
         to break a timing loop. (OPT-314)
Warning: Disabling timing arc between pins 'Q' and 'QN' on cell 'rf_reg[31][27]'
         to break a timing loop. (OPT-314)
Warning: Disabling timing arc between pins 'Q' and 'QN' on cell 'rf_reg[27][27]'
         to break a timing loop. (OPT-314)
Warning: Disabling timing arc between pins 'Q' and 'QN' on cell 'rf_reg[27][27]'
         to break a timing loop. (OPT-314)
Warning: Disabling timing arc between pins 'Q' and 'QN' on cell 'rf_reg[11][27]'
         to break a timing loop. (OPT-314)
Warning: Disabling timing arc between pins 'Q' and 'QN' on cell 'rf_reg[11][27]'
         to break a timing loop. (OPT-314)
Warning: Disabling timing arc between pins 'Q' and 'QN' on cell 'rf_reg[9][27]'
         to break a timing loop. (OPT-314)
Warning: Disabling timing arc between pins 'Q' and 'QN' on cell 'rf_reg[9][27]'
         to break a timing loop. (OPT-314)
Warning: Disabling timing arc between pins 'Q' and 'QN' on cell 'rf_reg[5][27]'
         to break a timing loop. (OPT-314)
Warning: Disabling timing arc between pins 'Q' and 'QN' on cell 'rf_reg[5][27]'
         to break a timing loop. (OPT-314)
Warning: Disabling timing arc between pins 'Q' and 'QN' on cell 'rf_reg[2][27]'
         to break a timing loop. (OPT-314)
Warning: Disabling timing arc between pins 'Q' and 'QN' on cell 'rf_reg[2][27]'
         to break a timing loop. (OPT-314)
Warning: Disabling timing arc between pins 'Q' and 'QN' on cell 'rf_reg[8][27]'
         to break a timing loop. (OPT-314)
Warning: Disabling timing arc between pins 'Q' and 'QN' on cell 'rf_reg[8][27]'
         to break a timing loop. (OPT-314)
Warning: Disabling timing arc between pins 'Q' and 'QN' on cell 'rf_reg[30][27]'
         to break a timing loop. (OPT-314)
Warning: Disabling timing arc between pins 'Q' and 'QN' on cell 'rf_reg[30][27]'
         to break a timing loop. (OPT-314)
Warning: Disabling timing arc between pins 'Q' and 'QN' on cell 'rf_reg[4][27]'
         to break a timing loop. (OPT-314)
Warning: Disabling timing arc between pins 'Q' and 'QN' on cell 'rf_reg[4][27]'
         to break a timing loop. (OPT-314)
Warning: Disabling timing arc between pins 'Q' and 'QN' on cell 'rf_reg[1][27]'
         to break a timing loop. (OPT-314)
Warning: Disabling timing arc between pins 'Q' and 'QN' on cell 'rf_reg[1][27]'
         to break a timing loop. (OPT-314)
Warning: Disabling timing arc between pins 'Q' and 'QN' on cell 'rf_reg[3][27]'
         to break a timing loop. (OPT-314)
Warning: Disabling timing arc between pins 'Q' and 'QN' on cell 'rf_reg[3][27]'
         to break a timing loop. (OPT-314)
Warning: Disabling timing arc between pins 'Q' and 'QN' on cell 'rf_reg[5][26]'
         to break a timing loop. (OPT-314)
Warning: Disabling timing arc between pins 'Q' and 'QN' on cell 'rf_reg[5][26]'
         to break a timing loop. (OPT-314)
Warning: Disabling timing arc between pins 'Q' and 'QN' on cell 'rf_reg[16][26]'
         to break a timing loop. (OPT-314)
Warning: Disabling timing arc between pins 'Q' and 'QN' on cell 'rf_reg[16][26]'
         to break a timing loop. (OPT-314)
Warning: Disabling timing arc between pins 'Q' and 'QN' on cell 'rf_reg[11][26]'
         to break a timing loop. (OPT-314)
Warning: Disabling timing arc between pins 'Q' and 'QN' on cell 'rf_reg[11][26]'
         to break a timing loop. (OPT-314)
Warning: Disabling timing arc between pins 'Q' and 'QN' on cell 'rf_reg[24][26]'
         to break a timing loop. (OPT-314)
Warning: Disabling timing arc between pins 'Q' and 'QN' on cell 'rf_reg[24][26]'
         to break a timing loop. (OPT-314)
Warning: Disabling timing arc between pins 'Q' and 'QN' on cell 'rf_reg[13][26]'
         to break a timing loop. (OPT-314)
Warning: Disabling timing arc between pins 'Q' and 'QN' on cell 'rf_reg[13][26]'
         to break a timing loop. (OPT-314)
Warning: Disabling timing arc between pins 'Q' and 'QN' on cell 'rf_reg[9][26]'
         to break a timing loop. (OPT-314)
Warning: Disabling timing arc between pins 'Q' and 'QN' on cell 'rf_reg[9][26]'
         to break a timing loop. (OPT-314)
Warning: Disabling timing arc between pins 'Q' and 'QN' on cell 'rf_reg[6][26]'
         to break a timing loop. (OPT-314)
Warning: Disabling timing arc between pins 'Q' and 'QN' on cell 'rf_reg[6][26]'
         to break a timing loop. (OPT-314)
Warning: Disabling timing arc between pins 'Q' and 'QN' on cell 'rf_reg[29][26]'
         to break a timing loop. (OPT-314)
Warning: Disabling timing arc between pins 'Q' and 'QN' on cell 'rf_reg[29][26]'
         to break a timing loop. (OPT-314)
Warning: Disabling timing arc between pins 'Q' and 'QN' on cell 'rf_reg[26][26]'
         to break a timing loop. (OPT-314)
Warning: Disabling timing arc between pins 'Q' and 'QN' on cell 'rf_reg[26][26]'
         to break a timing loop. (OPT-314)
Warning: Disabling timing arc between pins 'Q' and 'QN' on cell 'rf_reg[17][26]'
         to break a timing loop. (OPT-314)
Warning: Disabling timing arc between pins 'Q' and 'QN' on cell 'rf_reg[17][26]'
         to break a timing loop. (OPT-314)
Warning: Disabling timing arc between pins 'Q' and 'QN' on cell 'rf_reg[18][26]'
         to break a timing loop. (OPT-314)
Warning: Disabling timing arc between pins 'Q' and 'QN' on cell 'rf_reg[18][26]'
         to break a timing loop. (OPT-314)
Warning: Disabling timing arc between pins 'Q' and 'QN' on cell 'rf_reg[14][26]'
         to break a timing loop. (OPT-314)
Warning: Disabling timing arc between pins 'Q' and 'QN' on cell 'rf_reg[14][26]'
         to break a timing loop. (OPT-314)
Warning: Disabling timing arc between pins 'Q' and 'QN' on cell 'rf_reg[22][26]'
         to break a timing loop. (OPT-314)
Warning: Disabling timing arc between pins 'Q' and 'QN' on cell 'rf_reg[22][26]'
         to break a timing loop. (OPT-314)
Warning: Disabling timing arc between pins 'Q' and 'QN' on cell 'rf_reg[7][26]'
         to break a timing loop. (OPT-314)
Warning: Disabling timing arc between pins 'Q' and 'QN' on cell 'rf_reg[7][26]'
         to break a timing loop. (OPT-314)
Warning: Disabling timing arc between pins 'Q' and 'QN' on cell 'rf_reg[10][26]'
         to break a timing loop. (OPT-314)
Warning: Disabling timing arc between pins 'Q' and 'QN' on cell 'rf_reg[10][26]'
         to break a timing loop. (OPT-314)
Warning: Disabling timing arc between pins 'Q' and 'QN' on cell 'rf_reg[15][26]'
         to break a timing loop. (OPT-314)
Warning: Disabling timing arc between pins 'Q' and 'QN' on cell 'rf_reg[15][26]'
         to break a timing loop. (OPT-314)
Warning: Disabling timing arc between pins 'Q' and 'QN' on cell 'rf_reg[20][26]'
         to break a timing loop. (OPT-314)
Warning: Disabling timing arc between pins 'Q' and 'QN' on cell 'rf_reg[20][26]'
         to break a timing loop. (OPT-314)
Warning: Disabling timing arc between pins 'Q' and 'QN' on cell 'rf_reg[28][26]'
         to break a timing loop. (OPT-314)
Warning: Disabling timing arc between pins 'Q' and 'QN' on cell 'rf_reg[28][26]'
         to break a timing loop. (OPT-314)
Warning: Disabling timing arc between pins 'Q' and 'QN' on cell 'rf_reg[25][26]'
         to break a timing loop. (OPT-314)
Warning: Disabling timing arc between pins 'Q' and 'QN' on cell 'rf_reg[25][26]'
         to break a timing loop. (OPT-314)
Warning: Disabling timing arc between pins 'Q' and 'QN' on cell 'rf_reg[21][26]'
         to break a timing loop. (OPT-314)
Warning: Disabling timing arc between pins 'Q' and 'QN' on cell 'rf_reg[21][26]'
         to break a timing loop. (OPT-314)
Warning: Disabling timing arc between pins 'Q' and 'QN' on cell 'rf_reg[31][26]'
         to break a timing loop. (OPT-314)
Warning: Disabling timing arc between pins 'Q' and 'QN' on cell 'rf_reg[31][26]'
         to break a timing loop. (OPT-314)
Warning: Disabling timing arc between pins 'Q' and 'QN' on cell 'rf_reg[27][26]'
         to break a timing loop. (OPT-314)
Warning: Disabling timing arc between pins 'Q' and 'QN' on cell 'rf_reg[27][26]'
         to break a timing loop. (OPT-314)
Warning: Disabling timing arc between pins 'Q' and 'QN' on cell 'rf_reg[19][26]'
         to break a timing loop. (OPT-314)
Warning: Disabling timing arc between pins 'Q' and 'QN' on cell 'rf_reg[19][26]'
         to break a timing loop. (OPT-314)
Warning: Disabling timing arc between pins 'Q' and 'QN' on cell 'rf_reg[12][26]'
         to break a timing loop. (OPT-314)
Warning: Disabling timing arc between pins 'Q' and 'QN' on cell 'rf_reg[12][26]'
         to break a timing loop. (OPT-314)
Warning: Disabling timing arc between pins 'Q' and 'QN' on cell 'rf_reg[2][26]'
         to break a timing loop. (OPT-314)
Warning: Disabling timing arc between pins 'Q' and 'QN' on cell 'rf_reg[2][26]'
         to break a timing loop. (OPT-314)
Warning: Disabling timing arc between pins 'Q' and 'QN' on cell 'rf_reg[8][26]'
         to break a timing loop. (OPT-314)
Warning: Disabling timing arc between pins 'Q' and 'QN' on cell 'rf_reg[8][26]'
         to break a timing loop. (OPT-314)
Warning: Disabling timing arc between pins 'Q' and 'QN' on cell 'rf_reg[1][26]'
         to break a timing loop. (OPT-314)
Warning: Disabling timing arc between pins 'Q' and 'QN' on cell 'rf_reg[1][26]'
         to break a timing loop. (OPT-314)
Warning: Disabling timing arc between pins 'Q' and 'QN' on cell 'rf_reg[30][26]'
         to break a timing loop. (OPT-314)
Warning: Disabling timing arc between pins 'Q' and 'QN' on cell 'rf_reg[30][26]'
         to break a timing loop. (OPT-314)
Warning: Disabling timing arc between pins 'Q' and 'QN' on cell 'rf_reg[3][26]'
         to break a timing loop. (OPT-314)
Warning: Disabling timing arc between pins 'Q' and 'QN' on cell 'rf_reg[3][26]'
         to break a timing loop. (OPT-314)
Warning: Disabling timing arc between pins 'Q' and 'QN' on cell 'rf_reg[4][26]'
         to break a timing loop. (OPT-314)
Warning: Disabling timing arc between pins 'Q' and 'QN' on cell 'rf_reg[4][26]'
         to break a timing loop. (OPT-314)
Warning: Disabling timing arc between pins 'Q' and 'QN' on cell 'rf_reg[23][26]'
         to break a timing loop. (OPT-314)
Warning: Disabling timing arc between pins 'Q' and 'QN' on cell 'rf_reg[23][26]'
         to break a timing loop. (OPT-314)
Warning: Disabling timing arc between pins 'Q' and 'QN' on cell 'rf_reg[24][25]'
         to break a timing loop. (OPT-314)
Warning: Disabling timing arc between pins 'Q' and 'QN' on cell 'rf_reg[24][25]'
         to break a timing loop. (OPT-314)
Warning: Disabling timing arc between pins 'Q' and 'QN' on cell 'rf_reg[29][25]'
         to break a timing loop. (OPT-314)
Warning: Disabling timing arc between pins 'Q' and 'QN' on cell 'rf_reg[29][25]'
         to break a timing loop. (OPT-314)
Warning: Disabling timing arc between pins 'Q' and 'QN' on cell 'rf_reg[13][25]'
         to break a timing loop. (OPT-314)
Warning: Disabling timing arc between pins 'Q' and 'QN' on cell 'rf_reg[13][25]'
         to break a timing loop. (OPT-314)
Warning: Disabling timing arc between pins 'Q' and 'QN' on cell 'rf_reg[18][25]'
         to break a timing loop. (OPT-314)
Warning: Disabling timing arc between pins 'Q' and 'QN' on cell 'rf_reg[18][25]'
         to break a timing loop. (OPT-314)
Warning: Disabling timing arc between pins 'Q' and 'QN' on cell 'rf_reg[6][25]'
         to break a timing loop. (OPT-314)
Warning: Disabling timing arc between pins 'Q' and 'QN' on cell 'rf_reg[6][25]'
         to break a timing loop. (OPT-314)
Warning: Disabling timing arc between pins 'Q' and 'QN' on cell 'rf_reg[26][25]'
         to break a timing loop. (OPT-314)
Warning: Disabling timing arc between pins 'Q' and 'QN' on cell 'rf_reg[26][25]'
         to break a timing loop. (OPT-314)
Warning: Disabling timing arc between pins 'Q' and 'QN' on cell 'rf_reg[17][25]'
         to break a timing loop. (OPT-314)
Warning: Disabling timing arc between pins 'Q' and 'QN' on cell 'rf_reg[17][25]'
         to break a timing loop. (OPT-314)
Warning: Disabling timing arc between pins 'Q' and 'QN' on cell 'rf_reg[14][25]'
         to break a timing loop. (OPT-314)
Warning: Disabling timing arc between pins 'Q' and 'QN' on cell 'rf_reg[14][25]'
         to break a timing loop. (OPT-314)
Warning: Disabling timing arc between pins 'Q' and 'QN' on cell 'rf_reg[22][25]'
         to break a timing loop. (OPT-314)
Warning: Disabling timing arc between pins 'Q' and 'QN' on cell 'rf_reg[22][25]'
         to break a timing loop. (OPT-314)
Warning: Disabling timing arc between pins 'Q' and 'QN' on cell 'rf_reg[7][25]'
         to break a timing loop. (OPT-314)
Warning: Disabling timing arc between pins 'Q' and 'QN' on cell 'rf_reg[7][25]'
         to break a timing loop. (OPT-314)
Warning: Disabling timing arc between pins 'Q' and 'QN' on cell 'rf_reg[10][25]'
         to break a timing loop. (OPT-314)
Warning: Disabling timing arc between pins 'Q' and 'QN' on cell 'rf_reg[10][25]'
         to break a timing loop. (OPT-314)
Warning: Disabling timing arc between pins 'Q' and 'QN' on cell 'rf_reg[15][25]'
         to break a timing loop. (OPT-314)
Warning: Disabling timing arc between pins 'Q' and 'QN' on cell 'rf_reg[15][25]'
         to break a timing loop. (OPT-314)
Warning: Disabling timing arc between pins 'Q' and 'QN' on cell 'rf_reg[28][25]'
         to break a timing loop. (OPT-314)
Warning: Disabling timing arc between pins 'Q' and 'QN' on cell 'rf_reg[28][25]'
         to break a timing loop. (OPT-314)
Warning: Disabling timing arc between pins 'Q' and 'QN' on cell 'rf_reg[20][25]'
         to break a timing loop. (OPT-314)
Warning: Disabling timing arc between pins 'Q' and 'QN' on cell 'rf_reg[20][25]'
         to break a timing loop. (OPT-314)
Warning: Disabling timing arc between pins 'Q' and 'QN' on cell 'rf_reg[19][25]'
         to break a timing loop. (OPT-314)
Warning: Disabling timing arc between pins 'Q' and 'QN' on cell 'rf_reg[19][25]'
         to break a timing loop. (OPT-314)
Warning: Disabling timing arc between pins 'Q' and 'QN' on cell 'rf_reg[12][25]'
         to break a timing loop. (OPT-314)
Warning: Disabling timing arc between pins 'Q' and 'QN' on cell 'rf_reg[12][25]'
         to break a timing loop. (OPT-314)
Warning: Disabling timing arc between pins 'Q' and 'QN' on cell 'rf_reg[16][25]'
         to break a timing loop. (OPT-314)
Warning: Disabling timing arc between pins 'Q' and 'QN' on cell 'rf_reg[16][25]'
         to break a timing loop. (OPT-314)
Warning: Disabling timing arc between pins 'Q' and 'QN' on cell 'rf_reg[23][25]'
         to break a timing loop. (OPT-314)
Warning: Disabling timing arc between pins 'Q' and 'QN' on cell 'rf_reg[23][25]'
         to break a timing loop. (OPT-314)
Warning: Disabling timing arc between pins 'Q' and 'QN' on cell 'rf_reg[25][25]'
         to break a timing loop. (OPT-314)
Warning: Disabling timing arc between pins 'Q' and 'QN' on cell 'rf_reg[25][25]'
         to break a timing loop. (OPT-314)
Warning: Disabling timing arc between pins 'Q' and 'QN' on cell 'rf_reg[21][25]'
         to break a timing loop. (OPT-314)
Warning: Disabling timing arc between pins 'Q' and 'QN' on cell 'rf_reg[21][25]'
         to break a timing loop. (OPT-314)
Warning: Disabling timing arc between pins 'Q' and 'QN' on cell 'rf_reg[31][25]'
         to break a timing loop. (OPT-314)
Warning: Disabling timing arc between pins 'Q' and 'QN' on cell 'rf_reg[31][25]'
         to break a timing loop. (OPT-314)
Warning: Disabling timing arc between pins 'Q' and 'QN' on cell 'rf_reg[27][25]'
         to break a timing loop. (OPT-314)
Warning: Disabling timing arc between pins 'Q' and 'QN' on cell 'rf_reg[27][25]'
         to break a timing loop. (OPT-314)
Warning: Disabling timing arc between pins 'Q' and 'QN' on cell 'rf_reg[11][25]'
         to break a timing loop. (OPT-314)
Warning: Disabling timing arc between pins 'Q' and 'QN' on cell 'rf_reg[11][25]'
         to break a timing loop. (OPT-314)
Warning: Disabling timing arc between pins 'Q' and 'QN' on cell 'rf_reg[9][25]'
         to break a timing loop. (OPT-314)
Warning: Disabling timing arc between pins 'Q' and 'QN' on cell 'rf_reg[9][25]'
         to break a timing loop. (OPT-314)
Warning: Disabling timing arc between pins 'Q' and 'QN' on cell 'rf_reg[5][25]'
         to break a timing loop. (OPT-314)
Warning: Disabling timing arc between pins 'Q' and 'QN' on cell 'rf_reg[5][25]'
         to break a timing loop. (OPT-314)
Warning: Disabling timing arc between pins 'Q' and 'QN' on cell 'rf_reg[2][25]'
         to break a timing loop. (OPT-314)
Warning: Disabling timing arc between pins 'Q' and 'QN' on cell 'rf_reg[2][25]'
         to break a timing loop. (OPT-314)
Warning: Disabling timing arc between pins 'Q' and 'QN' on cell 'rf_reg[8][25]'
         to break a timing loop. (OPT-314)
Warning: Disabling timing arc between pins 'Q' and 'QN' on cell 'rf_reg[8][25]'
         to break a timing loop. (OPT-314)
Warning: Disabling timing arc between pins 'Q' and 'QN' on cell 'rf_reg[30][25]'
         to break a timing loop. (OPT-314)
Warning: Disabling timing arc between pins 'Q' and 'QN' on cell 'rf_reg[30][25]'
         to break a timing loop. (OPT-314)
Warning: Disabling timing arc between pins 'Q' and 'QN' on cell 'rf_reg[4][25]'
         to break a timing loop. (OPT-314)
Warning: Disabling timing arc between pins 'Q' and 'QN' on cell 'rf_reg[4][25]'
         to break a timing loop. (OPT-314)
Warning: Disabling timing arc between pins 'Q' and 'QN' on cell 'rf_reg[1][25]'
         to break a timing loop. (OPT-314)
Warning: Disabling timing arc between pins 'Q' and 'QN' on cell 'rf_reg[1][25]'
         to break a timing loop. (OPT-314)
Warning: Disabling timing arc between pins 'Q' and 'QN' on cell 'rf_reg[3][25]'
         to break a timing loop. (OPT-314)
Warning: Disabling timing arc between pins 'Q' and 'QN' on cell 'rf_reg[3][25]'
         to break a timing loop. (OPT-314)
Warning: Disabling timing arc between pins 'Q' and 'QN' on cell 'rf_reg[5][24]'
         to break a timing loop. (OPT-314)
Warning: Disabling timing arc between pins 'Q' and 'QN' on cell 'rf_reg[5][24]'
         to break a timing loop. (OPT-314)
Warning: Disabling timing arc between pins 'Q' and 'QN' on cell 'rf_reg[16][24]'
         to break a timing loop. (OPT-314)
Warning: Disabling timing arc between pins 'Q' and 'QN' on cell 'rf_reg[16][24]'
         to break a timing loop. (OPT-314)
Warning: Disabling timing arc between pins 'Q' and 'QN' on cell 'rf_reg[11][24]'
         to break a timing loop. (OPT-314)
Warning: Disabling timing arc between pins 'Q' and 'QN' on cell 'rf_reg[11][24]'
         to break a timing loop. (OPT-314)
Warning: Disabling timing arc between pins 'Q' and 'QN' on cell 'rf_reg[24][24]'
         to break a timing loop. (OPT-314)
Warning: Disabling timing arc between pins 'Q' and 'QN' on cell 'rf_reg[24][24]'
         to break a timing loop. (OPT-314)
Warning: Disabling timing arc between pins 'Q' and 'QN' on cell 'rf_reg[13][24]'
         to break a timing loop. (OPT-314)
Warning: Disabling timing arc between pins 'Q' and 'QN' on cell 'rf_reg[13][24]'
         to break a timing loop. (OPT-314)
Warning: Disabling timing arc between pins 'Q' and 'QN' on cell 'rf_reg[9][24]'
         to break a timing loop. (OPT-314)
Warning: Disabling timing arc between pins 'Q' and 'QN' on cell 'rf_reg[9][24]'
         to break a timing loop. (OPT-314)
Warning: Disabling timing arc between pins 'Q' and 'QN' on cell 'rf_reg[6][24]'
         to break a timing loop. (OPT-314)
Warning: Disabling timing arc between pins 'Q' and 'QN' on cell 'rf_reg[6][24]'
         to break a timing loop. (OPT-314)
Warning: Disabling timing arc between pins 'Q' and 'QN' on cell 'rf_reg[29][24]'
         to break a timing loop. (OPT-314)
Warning: Disabling timing arc between pins 'Q' and 'QN' on cell 'rf_reg[29][24]'
         to break a timing loop. (OPT-314)
Warning: Disabling timing arc between pins 'Q' and 'QN' on cell 'rf_reg[26][24]'
         to break a timing loop. (OPT-314)
Warning: Disabling timing arc between pins 'Q' and 'QN' on cell 'rf_reg[26][24]'
         to break a timing loop. (OPT-314)
Warning: Disabling timing arc between pins 'Q' and 'QN' on cell 'rf_reg[17][24]'
         to break a timing loop. (OPT-314)
Warning: Disabling timing arc between pins 'Q' and 'QN' on cell 'rf_reg[17][24]'
         to break a timing loop. (OPT-314)
Warning: Disabling timing arc between pins 'Q' and 'QN' on cell 'rf_reg[18][24]'
         to break a timing loop. (OPT-314)
Warning: Disabling timing arc between pins 'Q' and 'QN' on cell 'rf_reg[18][24]'
         to break a timing loop. (OPT-314)
Warning: Disabling timing arc between pins 'Q' and 'QN' on cell 'rf_reg[14][24]'
         to break a timing loop. (OPT-314)
Warning: Disabling timing arc between pins 'Q' and 'QN' on cell 'rf_reg[14][24]'
         to break a timing loop. (OPT-314)
Warning: Disabling timing arc between pins 'Q' and 'QN' on cell 'rf_reg[22][24]'
         to break a timing loop. (OPT-314)
Warning: Disabling timing arc between pins 'Q' and 'QN' on cell 'rf_reg[22][24]'
         to break a timing loop. (OPT-314)
Warning: Disabling timing arc between pins 'Q' and 'QN' on cell 'rf_reg[7][24]'
         to break a timing loop. (OPT-314)
Warning: Disabling timing arc between pins 'Q' and 'QN' on cell 'rf_reg[7][24]'
         to break a timing loop. (OPT-314)
Warning: Disabling timing arc between pins 'Q' and 'QN' on cell 'rf_reg[10][24]'
         to break a timing loop. (OPT-314)
Warning: Disabling timing arc between pins 'Q' and 'QN' on cell 'rf_reg[10][24]'
         to break a timing loop. (OPT-314)
Warning: Disabling timing arc between pins 'Q' and 'QN' on cell 'rf_reg[15][24]'
         to break a timing loop. (OPT-314)
Warning: Disabling timing arc between pins 'Q' and 'QN' on cell 'rf_reg[15][24]'
         to break a timing loop. (OPT-314)
Warning: Disabling timing arc between pins 'Q' and 'QN' on cell 'rf_reg[28][24]'
         to break a timing loop. (OPT-314)
Warning: Disabling timing arc between pins 'Q' and 'QN' on cell 'rf_reg[28][24]'
         to break a timing loop. (OPT-314)
Warning: Disabling timing arc between pins 'Q' and 'QN' on cell 'rf_reg[20][24]'
         to break a timing loop. (OPT-314)
Warning: Disabling timing arc between pins 'Q' and 'QN' on cell 'rf_reg[20][24]'
         to break a timing loop. (OPT-314)
Warning: Disabling timing arc between pins 'Q' and 'QN' on cell 'rf_reg[25][24]'
         to break a timing loop. (OPT-314)
Warning: Disabling timing arc between pins 'Q' and 'QN' on cell 'rf_reg[25][24]'
         to break a timing loop. (OPT-314)
Warning: Disabling timing arc between pins 'Q' and 'QN' on cell 'rf_reg[21][24]'
         to break a timing loop. (OPT-314)
Warning: Disabling timing arc between pins 'Q' and 'QN' on cell 'rf_reg[21][24]'
         to break a timing loop. (OPT-314)
Warning: Disabling timing arc between pins 'Q' and 'QN' on cell 'rf_reg[31][24]'
         to break a timing loop. (OPT-314)
Warning: Disabling timing arc between pins 'Q' and 'QN' on cell 'rf_reg[31][24]'
         to break a timing loop. (OPT-314)
Warning: Disabling timing arc between pins 'Q' and 'QN' on cell 'rf_reg[27][24]'
         to break a timing loop. (OPT-314)
Warning: Disabling timing arc between pins 'Q' and 'QN' on cell 'rf_reg[27][24]'
         to break a timing loop. (OPT-314)
Warning: Disabling timing arc between pins 'Q' and 'QN' on cell 'rf_reg[19][24]'
         to break a timing loop. (OPT-314)
Warning: Disabling timing arc between pins 'Q' and 'QN' on cell 'rf_reg[19][24]'
         to break a timing loop. (OPT-314)
Warning: Disabling timing arc between pins 'Q' and 'QN' on cell 'rf_reg[12][24]'
         to break a timing loop. (OPT-314)
Warning: Disabling timing arc between pins 'Q' and 'QN' on cell 'rf_reg[12][24]'
         to break a timing loop. (OPT-314)
Warning: Disabling timing arc between pins 'Q' and 'QN' on cell 'rf_reg[2][24]'
         to break a timing loop. (OPT-314)
Warning: Disabling timing arc between pins 'Q' and 'QN' on cell 'rf_reg[2][24]'
         to break a timing loop. (OPT-314)
Warning: Disabling timing arc between pins 'Q' and 'QN' on cell 'rf_reg[8][24]'
         to break a timing loop. (OPT-314)
Warning: Disabling timing arc between pins 'Q' and 'QN' on cell 'rf_reg[8][24]'
         to break a timing loop. (OPT-314)
Warning: Disabling timing arc between pins 'Q' and 'QN' on cell 'rf_reg[1][24]'
         to break a timing loop. (OPT-314)
Warning: Disabling timing arc between pins 'Q' and 'QN' on cell 'rf_reg[1][24]'
         to break a timing loop. (OPT-314)
Warning: Disabling timing arc between pins 'Q' and 'QN' on cell 'rf_reg[30][24]'
         to break a timing loop. (OPT-314)
Warning: Disabling timing arc between pins 'Q' and 'QN' on cell 'rf_reg[30][24]'
         to break a timing loop. (OPT-314)
Warning: Disabling timing arc between pins 'Q' and 'QN' on cell 'rf_reg[3][24]'
         to break a timing loop. (OPT-314)
Warning: Disabling timing arc between pins 'Q' and 'QN' on cell 'rf_reg[3][24]'
         to break a timing loop. (OPT-314)
Warning: Disabling timing arc between pins 'Q' and 'QN' on cell 'rf_reg[4][24]'
         to break a timing loop. (OPT-314)
Warning: Disabling timing arc between pins 'Q' and 'QN' on cell 'rf_reg[4][24]'
         to break a timing loop. (OPT-314)
Warning: Disabling timing arc between pins 'Q' and 'QN' on cell 'rf_reg[23][24]'
         to break a timing loop. (OPT-314)
Warning: Disabling timing arc between pins 'Q' and 'QN' on cell 'rf_reg[23][24]'
         to break a timing loop. (OPT-314)
 
****************************************
Report : constraint
        -all_violators
Design : riscvsingle
Version: V-2023.12-SP3
Date   : Fri May 23 09:52:16 2025
****************************************


   max_delay/setup ('clk' group)

                             Required        Actual
   Endpoint                 Path Delay     Path Delay        Slack
   -----------------------------------------------------------------
   q_reg[13]/D              0.969567       2.358788 r     -1.389221 (VIOLATED)
   q_reg[6]/D               0.969567       2.358787 r     -1.389220 (VIOLATED)
   q_reg[24]/D              0.970092       2.358776 r     -1.388684 (VIOLATED)
   q_reg[17]/D              0.969449       2.357940 r     -1.388491 (VIOLATED)
   q_reg[2]/D               0.969567       2.356996 r     -1.387429 (VIOLATED)
   q_reg[14]/D              0.969449       2.356593 r     -1.387144 (VIOLATED)
   q_reg[23]/D              0.969449       2.356593 r     -1.387144 (VIOLATED)
   q_reg[1]/D               0.969567       2.356593 r     -1.387026 (VIOLATED)
   q_reg[3]/D               0.969567       2.356593 r     -1.387026 (VIOLATED)
   q_reg[12]/D              0.969567       2.356593 r     -1.387026 (VIOLATED)
   q_reg[15]/D              0.969567       2.356593 r     -1.387026 (VIOLATED)
   q_reg[30]/D              0.969567       2.356593 r     -1.387026 (VIOLATED)
   q_reg[5]/D               0.969449       2.356232 r     -1.386783 (VIOLATED)
   q_reg[27]/D              0.969567       2.356214 r     -1.386647 (VIOLATED)
   q_reg[19]/D              0.969567       2.355460 r     -1.385893 (VIOLATED)
   q_reg[4]/D               0.969567       2.355451 r     -1.385884 (VIOLATED)
   q_reg[22]/D              0.969567       2.355448 r     -1.385880 (VIOLATED)
   q_reg[11]/D              0.969449       2.354457 r     -1.385008 (VIOLATED)
   q_reg[8]/D               0.969449       2.354448 r     -1.384999 (VIOLATED)
   q_reg[26]/D              0.969449       2.354435 r     -1.384986 (VIOLATED)
   q_reg[18]/D              0.969567       2.354465 r     -1.384898 (VIOLATED)
   q_reg[20]/D              0.969567       2.354435 r     -1.384868 (VIOLATED)
   q_reg[21]/D              0.969567       2.354435 r     -1.384868 (VIOLATED)
   q_reg[29]/D              0.969449       2.354248 r     -1.384798 (VIOLATED)
   q_reg[9]/D               0.969567       2.354257 r     -1.384689 (VIOLATED)
   q_reg[28]/D              0.969567       2.354248 r     -1.384681 (VIOLATED)
   q_reg[16]/D              0.970097       2.353098 r     -1.383001 (VIOLATED)
   q_reg[25]/D              0.969567       2.352005 r     -1.382437 (VIOLATED)
   q_reg[10]/D              0.970094       2.351125 r     -1.381031 (VIOLATED)
   rf_reg[17][29]/D         1.001841       2.380338 r     -1.378497 (VIOLATED)
   rf_reg[20][29]/D         1.001841       2.380338 r     -1.378497 (VIOLATED)
   rf_reg[29][29]/D         1.001841       2.380338 r     -1.378497 (VIOLATED)
   rf_reg[11][29]/D         1.001841       2.380333 r     -1.378492 (VIOLATED)
   rf_reg[7][29]/D          1.001841       2.380314 r     -1.378473 (VIOLATED)
   rf_reg[2][29]/D          1.001841       2.380314 r     -1.378473 (VIOLATED)
   rf_reg[11][25]/D         1.001841       2.379607 r     -1.377766 (VIOLATED)
   rf_reg[14][25]/D         1.001841       2.379607 r     -1.377766 (VIOLATED)
   rf_reg[8][25]/D          1.001841       2.379607 r     -1.377766 (VIOLATED)
   rf_reg[10][25]/D         1.001841       2.379607 r     -1.377766 (VIOLATED)
   rf_reg[12][25]/D         1.001841       2.379607 r     -1.377766 (VIOLATED)
   rf_reg[13][25]/D         1.001841       2.379607 r     -1.377766 (VIOLATED)
   rf_reg[15][25]/D         1.001841       2.379607 r     -1.377766 (VIOLATED)
   rf_reg[17][25]/D         1.001841       2.379607 r     -1.377766 (VIOLATED)
   rf_reg[19][25]/D         1.001841       2.379607 r     -1.377766 (VIOLATED)
   rf_reg[22][25]/D         1.001841       2.379607 r     -1.377766 (VIOLATED)
   rf_reg[25][25]/D         1.001841       2.379607 r     -1.377766 (VIOLATED)
   rf_reg[30][25]/D         1.001841       2.379607 r     -1.377766 (VIOLATED)
   rf_reg[16][25]/D         1.001841       2.379607 r     -1.377766 (VIOLATED)
   rf_reg[20][25]/D         1.001841       2.379607 r     -1.377766 (VIOLATED)
   rf_reg[21][25]/D         1.001841       2.379607 r     -1.377766 (VIOLATED)
   rf_reg[23][25]/D         1.001841       2.379607 r     -1.377766 (VIOLATED)
   rf_reg[24][25]/D         1.001841       2.379607 r     -1.377766 (VIOLATED)
   rf_reg[28][25]/D         1.001841       2.379607 r     -1.377766 (VIOLATED)
   rf_reg[29][25]/D         1.001841       2.379607 r     -1.377766 (VIOLATED)
   rf_reg[31][25]/D         1.001841       2.379607 r     -1.377766 (VIOLATED)
   rf_reg[26][25]/D         1.001841       2.379607 r     -1.377766 (VIOLATED)
   rf_reg[1][25]/D          1.001841       2.379583 r     -1.377742 (VIOLATED)
   rf_reg[3][25]/D          1.001841       2.379583 r     -1.377742 (VIOLATED)
   rf_reg[6][25]/D          1.001841       2.379583 r     -1.377742 (VIOLATED)
   rf_reg[4][25]/D          1.001841       2.379583 r     -1.377742 (VIOLATED)
   rf_reg[5][25]/D          1.001841       2.379583 r     -1.377742 (VIOLATED)
   rf_reg[7][25]/D          1.001841       2.379583 r     -1.377742 (VIOLATED)
   rf_reg[2][25]/D          1.001841       2.379583 r     -1.377742 (VIOLATED)
   rf_reg[9][24]/D          1.001841       2.379408 r     -1.377567 (VIOLATED)
   rf_reg[10][24]/D         1.001841       2.379408 r     -1.377567 (VIOLATED)
   rf_reg[27][24]/D         1.001841       2.379408 r     -1.377567 (VIOLATED)
   rf_reg[28][24]/D         1.001841       2.379408 r     -1.377567 (VIOLATED)
   rf_reg[18][24]/D         1.001841       2.379408 r     -1.377566 (VIOLATED)
   rf_reg[12][17]/D         1.001841       2.379348 r     -1.377507 (VIOLATED)
   rf_reg[13][17]/D         1.001841       2.379348 r     -1.377507 (VIOLATED)
   rf_reg[17][17]/D         1.001841       2.379348 r     -1.377507 (VIOLATED)
   rf_reg[22][17]/D         1.001841       2.379348 r     -1.377507 (VIOLATED)
   rf_reg[30][17]/D         1.001841       2.379348 r     -1.377507 (VIOLATED)
   rf_reg[20][17]/D         1.001841       2.379348 r     -1.377507 (VIOLATED)
   rf_reg[21][17]/D         1.001841       2.379348 r     -1.377507 (VIOLATED)
   rf_reg[24][17]/D         1.001841       2.379348 r     -1.377507 (VIOLATED)
   rf_reg[29][17]/D         1.001841       2.379348 r     -1.377507 (VIOLATED)
   rf_reg[26][17]/D         1.001841       2.379348 r     -1.377507 (VIOLATED)
   rf_reg[3][17]/D          1.001841       2.379324 r     -1.377483 (VIOLATED)
   rf_reg[4][17]/D          1.001841       2.379324 r     -1.377483 (VIOLATED)
   rf_reg[7][17]/D          1.001841       2.379324 r     -1.377483 (VIOLATED)
   rf_reg[2][17]/D          1.001841       2.379324 r     -1.377483 (VIOLATED)
   rf_reg[31][17]/D         1.001841       2.378807 r     -1.376966 (VIOLATED)
   q_reg[7]/D               0.969567       2.346324 r     -1.376757 (VIOLATED)
   rf_reg[14][2]/D          1.001841       2.378267 r     -1.376426 (VIOLATED)
   rf_reg[8][2]/D           1.001841       2.378267 r     -1.376426 (VIOLATED)
   rf_reg[10][2]/D          1.001841       2.378267 r     -1.376426 (VIOLATED)
   rf_reg[12][2]/D          1.001841       2.378267 r     -1.376426 (VIOLATED)
   rf_reg[13][2]/D          1.001841       2.378267 r     -1.376426 (VIOLATED)
   rf_reg[15][2]/D          1.001841       2.378267 r     -1.376426 (VIOLATED)
   rf_reg[17][2]/D          1.001841       2.378266 r     -1.376425 (VIOLATED)
   rf_reg[19][2]/D          1.001841       2.378266 r     -1.376425 (VIOLATED)
   rf_reg[22][2]/D          1.001841       2.378266 r     -1.376425 (VIOLATED)
   rf_reg[25][2]/D          1.001841       2.378266 r     -1.376425 (VIOLATED)
   rf_reg[27][2]/D          1.001841       2.378266 r     -1.376425 (VIOLATED)
   rf_reg[30][2]/D          1.001841       2.378266 r     -1.376425 (VIOLATED)
   rf_reg[16][2]/D          1.001841       2.378266 r     -1.376425 (VIOLATED)
   rf_reg[20][2]/D          1.001841       2.378266 r     -1.376425 (VIOLATED)
   rf_reg[21][2]/D          1.001841       2.378266 r     -1.376425 (VIOLATED)
   rf_reg[23][2]/D          1.001841       2.378266 r     -1.376425 (VIOLATED)
   rf_reg[24][2]/D          1.001841       2.378266 r     -1.376425 (VIOLATED)
   rf_reg[28][2]/D          1.001841       2.378266 r     -1.376425 (VIOLATED)
   rf_reg[29][2]/D          1.001841       2.378266 r     -1.376425 (VIOLATED)
   rf_reg[18][2]/D          1.001841       2.378266 r     -1.376425 (VIOLATED)
   rf_reg[26][2]/D          1.001841       2.378266 r     -1.376425 (VIOLATED)
   rf_reg[11][2]/D          1.001841       2.378261 r     -1.376420 (VIOLATED)
   rf_reg[1][2]/D           1.001841       2.378243 r     -1.376402 (VIOLATED)
   rf_reg[3][2]/D           1.001841       2.378243 r     -1.376402 (VIOLATED)
   rf_reg[6][2]/D           1.001841       2.378243 r     -1.376402 (VIOLATED)
   rf_reg[4][2]/D           1.001841       2.378243 r     -1.376402 (VIOLATED)
   rf_reg[5][2]/D           1.001841       2.378243 r     -1.376402 (VIOLATED)
   rf_reg[7][2]/D           1.001841       2.378243 r     -1.376402 (VIOLATED)
   rf_reg[2][2]/D           1.001841       2.378243 r     -1.376402 (VIOLATED)
   rf_reg[31][2]/D          1.001841       2.377725 r     -1.375884 (VIOLATED)
   q_reg[31]/D              0.970598       2.346397 r     -1.375799 (VIOLATED)
   rf_reg[11][21]/D         1.001841       2.377435 r     -1.375594 (VIOLATED)
   rf_reg[11][26]/D         1.001841       2.377435 r     -1.375594 (VIOLATED)
   rf_reg[14][21]/D         1.001841       2.377435 r     -1.375594 (VIOLATED)
   rf_reg[14][26]/D         1.001841       2.377435 r     -1.375594 (VIOLATED)
   rf_reg[8][21]/D          1.001841       2.377435 r     -1.375594 (VIOLATED)
   rf_reg[8][26]/D          1.001841       2.377435 r     -1.375594 (VIOLATED)
   rf_reg[10][21]/D         1.001841       2.377435 r     -1.375594 (VIOLATED)
   rf_reg[10][26]/D         1.001841       2.377435 r     -1.375594 (VIOLATED)
   rf_reg[12][21]/D         1.001841       2.377435 r     -1.375594 (VIOLATED)
   rf_reg[12][26]/D         1.001841       2.377435 r     -1.375594 (VIOLATED)
   rf_reg[13][21]/D         1.001841       2.377435 r     -1.375594 (VIOLATED)
   rf_reg[13][26]/D         1.001841       2.377435 r     -1.375594 (VIOLATED)
   rf_reg[15][21]/D         1.001841       2.377435 r     -1.375594 (VIOLATED)
   rf_reg[15][26]/D         1.001841       2.377435 r     -1.375594 (VIOLATED)
   rf_reg[17][21]/D         1.001841       2.377434 r     -1.375594 (VIOLATED)
   rf_reg[17][26]/D         1.001841       2.377434 r     -1.375594 (VIOLATED)
   rf_reg[19][21]/D         1.001841       2.377434 r     -1.375594 (VIOLATED)
   rf_reg[19][26]/D         1.001841       2.377434 r     -1.375594 (VIOLATED)
   rf_reg[22][21]/D         1.001841       2.377434 r     -1.375594 (VIOLATED)
   rf_reg[22][26]/D         1.001841       2.377434 r     -1.375594 (VIOLATED)
   rf_reg[25][21]/D         1.001841       2.377434 r     -1.375594 (VIOLATED)
   rf_reg[25][26]/D         1.001841       2.377434 r     -1.375594 (VIOLATED)
   rf_reg[30][21]/D         1.001841       2.377434 r     -1.375594 (VIOLATED)
   rf_reg[30][26]/D         1.001841       2.377434 r     -1.375594 (VIOLATED)
   rf_reg[16][21]/D         1.001841       2.377434 r     -1.375593 (VIOLATED)
   rf_reg[16][26]/D         1.001841       2.377434 r     -1.375593 (VIOLATED)
   rf_reg[20][21]/D         1.001841       2.377434 r     -1.375593 (VIOLATED)
   rf_reg[20][26]/D         1.001841       2.377434 r     -1.375593 (VIOLATED)
   rf_reg[21][21]/D         1.001841       2.377434 r     -1.375593 (VIOLATED)
   rf_reg[21][26]/D         1.001841       2.377434 r     -1.375593 (VIOLATED)
   rf_reg[23][21]/D         1.001841       2.377434 r     -1.375593 (VIOLATED)
   rf_reg[23][26]/D         1.001841       2.377434 r     -1.375593 (VIOLATED)
   rf_reg[24][21]/D         1.001841       2.377434 r     -1.375593 (VIOLATED)
   rf_reg[24][26]/D         1.001841       2.377434 r     -1.375593 (VIOLATED)
   rf_reg[28][21]/D         1.001841       2.377434 r     -1.375593 (VIOLATED)
   rf_reg[28][26]/D         1.001841       2.377434 r     -1.375593 (VIOLATED)
   rf_reg[29][21]/D         1.001841       2.377434 r     -1.375593 (VIOLATED)
   rf_reg[29][26]/D         1.001841       2.377434 r     -1.375593 (VIOLATED)
   rf_reg[31][21]/D         1.001841       2.377434 r     -1.375593 (VIOLATED)
   rf_reg[31][26]/D         1.001841       2.377434 r     -1.375593 (VIOLATED)
   rf_reg[26][21]/D         1.001841       2.377434 r     -1.375593 (VIOLATED)
   rf_reg[26][26]/D         1.001841       2.377434 r     -1.375593 (VIOLATED)
   rf_reg[1][21]/D          1.001841       2.377411 r     -1.375570 (VIOLATED)
   rf_reg[1][26]/D          1.001841       2.377411 r     -1.375570 (VIOLATED)
   rf_reg[3][21]/D          1.001841       2.377411 r     -1.375570 (VIOLATED)
   rf_reg[3][26]/D          1.001841       2.377411 r     -1.375570 (VIOLATED)
   rf_reg[6][21]/D          1.001841       2.377411 r     -1.375570 (VIOLATED)
   rf_reg[6][26]/D          1.001841       2.377411 r     -1.375570 (VIOLATED)
   rf_reg[4][21]/D          1.001841       2.377411 r     -1.375570 (VIOLATED)
   rf_reg[4][26]/D          1.001841       2.377411 r     -1.375570 (VIOLATED)
   rf_reg[5][21]/D          1.001841       2.377411 r     -1.375570 (VIOLATED)
   rf_reg[5][26]/D          1.001841       2.377411 r     -1.375570 (VIOLATED)
   rf_reg[7][21]/D          1.001841       2.377411 r     -1.375570 (VIOLATED)
   rf_reg[7][26]/D          1.001841       2.377411 r     -1.375570 (VIOLATED)
   rf_reg[2][21]/D          1.001841       2.377411 r     -1.375570 (VIOLATED)
   rf_reg[2][26]/D          1.001841       2.377411 r     -1.375570 (VIOLATED)
   rf_reg[8][14]/D          1.001841       2.375112 r     -1.373271 (VIOLATED)
   rf_reg[10][14]/D         1.001841       2.375112 r     -1.373271 (VIOLATED)
   rf_reg[12][14]/D         1.001841       2.375112 r     -1.373271 (VIOLATED)
   rf_reg[13][14]/D         1.001841       2.375112 r     -1.373271 (VIOLATED)
   rf_reg[15][14]/D         1.001841       2.375112 r     -1.373271 (VIOLATED)
   rf_reg[19][14]/D         1.001841       2.375112 r     -1.373271 (VIOLATED)
   rf_reg[22][14]/D         1.001841       2.375112 r     -1.373271 (VIOLATED)
   rf_reg[25][14]/D         1.001841       2.375112 r     -1.373271 (VIOLATED)
   rf_reg[30][14]/D         1.001841       2.375112 r     -1.373271 (VIOLATED)
   rf_reg[16][14]/D         1.001841       2.375112 r     -1.373271 (VIOLATED)
   rf_reg[21][14]/D         1.001841       2.375112 r     -1.373271 (VIOLATED)
   rf_reg[23][14]/D         1.001841       2.375112 r     -1.373271 (VIOLATED)
   rf_reg[24][14]/D         1.001841       2.375112 r     -1.373271 (VIOLATED)
   rf_reg[28][14]/D         1.001841       2.375112 r     -1.373271 (VIOLATED)
   rf_reg[31][14]/D         1.001841       2.375112 r     -1.373271 (VIOLATED)
   rf_reg[26][14]/D         1.001841       2.375112 r     -1.373270 (VIOLATED)
   rf_reg[1][14]/D          1.001841       2.375088 r     -1.373247 (VIOLATED)
   rf_reg[3][14]/D          1.001841       2.375088 r     -1.373247 (VIOLATED)
   rf_reg[6][14]/D          1.001841       2.375088 r     -1.373247 (VIOLATED)
   rf_reg[4][14]/D          1.001841       2.375088 r     -1.373247 (VIOLATED)
   rf_reg[9][16]/D          1.001841       2.374341 r     -1.372500 (VIOLATED)
   rf_reg[9][22]/D          1.001841       2.374341 r     -1.372500 (VIOLATED)
   rf_reg[14][16]/D         1.001841       2.374341 r     -1.372500 (VIOLATED)
   rf_reg[14][22]/D         1.001841       2.374341 r     -1.372500 (VIOLATED)
   rf_reg[8][16]/D          1.001841       2.374341 r     -1.372500 (VIOLATED)
   rf_reg[8][22]/D          1.001841       2.374341 r     -1.372500 (VIOLATED)
   rf_reg[10][16]/D         1.001841       2.374341 r     -1.372500 (VIOLATED)
   rf_reg[10][22]/D         1.001841       2.374341 r     -1.372500 (VIOLATED)
   rf_reg[15][16]/D         1.001841       2.374341 r     -1.372500 (VIOLATED)
   rf_reg[15][22]/D         1.001841       2.374341 r     -1.372500 (VIOLATED)
   rf_reg[19][16]/D         1.001841       2.374341 r     -1.372500 (VIOLATED)
   rf_reg[19][22]/D         1.001841       2.374341 r     -1.372500 (VIOLATED)
   rf_reg[25][16]/D         1.001841       2.374341 r     -1.372500 (VIOLATED)
   rf_reg[25][22]/D         1.001841       2.374341 r     -1.372500 (VIOLATED)
   rf_reg[27][16]/D         1.001841       2.374341 r     -1.372500 (VIOLATED)
   rf_reg[27][22]/D         1.001841       2.374341 r     -1.372500 (VIOLATED)
   rf_reg[16][16]/D         1.001841       2.374341 r     -1.372499 (VIOLATED)
   rf_reg[16][22]/D         1.001841       2.374341 r     -1.372499 (VIOLATED)
   rf_reg[23][16]/D         1.001841       2.374341 r     -1.372499 (VIOLATED)
   rf_reg[23][22]/D         1.001841       2.374341 r     -1.372499 (VIOLATED)
   rf_reg[28][16]/D         1.001841       2.374341 r     -1.372499 (VIOLATED)
   rf_reg[28][22]/D         1.001841       2.374341 r     -1.372499 (VIOLATED)
   rf_reg[18][16]/D         1.001841       2.374341 r     -1.372499 (VIOLATED)
   rf_reg[18][22]/D         1.001841       2.374341 r     -1.372499 (VIOLATED)
   rf_reg[9][31]/D          1.001841       2.374322 r     -1.372481 (VIOLATED)
   rf_reg[14][31]/D         1.001841       2.374322 r     -1.372481 (VIOLATED)
   rf_reg[8][31]/D          1.001841       2.374322 r     -1.372481 (VIOLATED)
   rf_reg[10][31]/D         1.001841       2.374322 r     -1.372481 (VIOLATED)
   rf_reg[15][31]/D         1.001841       2.374322 r     -1.372481 (VIOLATED)
   rf_reg[19][31]/D         1.001841       2.374322 r     -1.372481 (VIOLATED)
   rf_reg[25][31]/D         1.001841       2.374322 r     -1.372481 (VIOLATED)
   rf_reg[27][31]/D         1.001841       2.374322 r     -1.372481 (VIOLATED)
   rf_reg[16][31]/D         1.001841       2.374322 r     -1.372481 (VIOLATED)
   rf_reg[23][31]/D         1.001841       2.374322 r     -1.372481 (VIOLATED)
   rf_reg[28][31]/D         1.001841       2.374322 r     -1.372481 (VIOLATED)
   rf_reg[18][31]/D         1.001841       2.374322 r     -1.372481 (VIOLATED)
   rf_reg[1][16]/D          1.001841       2.374317 r     -1.372476 (VIOLATED)
   rf_reg[1][22]/D          1.001841       2.374317 r     -1.372476 (VIOLATED)
   rf_reg[6][16]/D          1.001841       2.374317 r     -1.372476 (VIOLATED)
   rf_reg[6][22]/D          1.001841       2.374317 r     -1.372476 (VIOLATED)
   rf_reg[5][16]/D          1.001841       2.374317 r     -1.372476 (VIOLATED)
   rf_reg[5][22]/D          1.001841       2.374317 r     -1.372476 (VIOLATED)
   rf_reg[1][31]/D          1.001841       2.374298 r     -1.372457 (VIOLATED)
   rf_reg[6][31]/D          1.001841       2.374298 r     -1.372457 (VIOLATED)
   rf_reg[5][31]/D          1.001841       2.374298 r     -1.372457 (VIOLATED)
   rf_reg[12][16]/D         1.001841       2.373413 r     -1.371572 (VIOLATED)
   rf_reg[12][22]/D         1.001841       2.373413 r     -1.371572 (VIOLATED)
   rf_reg[13][16]/D         1.001841       2.373413 r     -1.371572 (VIOLATED)
   rf_reg[13][22]/D         1.001841       2.373413 r     -1.371572 (VIOLATED)
   rf_reg[17][16]/D         1.001841       2.373412 r     -1.371571 (VIOLATED)
   rf_reg[17][22]/D         1.001841       2.373412 r     -1.371571 (VIOLATED)
   rf_reg[22][16]/D         1.001841       2.373412 r     -1.371571 (VIOLATED)
   rf_reg[22][22]/D         1.001841       2.373412 r     -1.371571 (VIOLATED)
   rf_reg[30][16]/D         1.001841       2.373412 r     -1.371571 (VIOLATED)
   rf_reg[30][22]/D         1.001841       2.373412 r     -1.371571 (VIOLATED)
   rf_reg[20][16]/D         1.001841       2.373412 r     -1.371571 (VIOLATED)
   rf_reg[20][22]/D         1.001841       2.373412 r     -1.371571 (VIOLATED)
   rf_reg[21][16]/D         1.001841       2.373412 r     -1.371571 (VIOLATED)
   rf_reg[21][22]/D         1.001841       2.373412 r     -1.371571 (VIOLATED)
   rf_reg[24][16]/D         1.001841       2.373412 r     -1.371571 (VIOLATED)
   rf_reg[24][22]/D         1.001841       2.373412 r     -1.371571 (VIOLATED)
   rf_reg[29][16]/D         1.001841       2.373412 r     -1.371571 (VIOLATED)
   rf_reg[29][22]/D         1.001841       2.373412 r     -1.371571 (VIOLATED)
   rf_reg[26][16]/D         1.001841       2.373412 r     -1.371571 (VIOLATED)
   rf_reg[26][22]/D         1.001841       2.373412 r     -1.371571 (VIOLATED)
   rf_reg[11][16]/D         1.001841       2.373407 r     -1.371566 (VIOLATED)
   rf_reg[11][22]/D         1.001841       2.373407 r     -1.371566 (VIOLATED)
   rf_reg[12][31]/D         1.001841       2.373394 r     -1.371553 (VIOLATED)
   rf_reg[13][31]/D         1.001841       2.373394 r     -1.371553 (VIOLATED)
   rf_reg[17][31]/D         1.001841       2.373393 r     -1.371552 (VIOLATED)
   rf_reg[22][31]/D         1.001841       2.373393 r     -1.371552 (VIOLATED)
   rf_reg[30][31]/D         1.001841       2.373393 r     -1.371552 (VIOLATED)
   rf_reg[20][31]/D         1.001841       2.373393 r     -1.371552 (VIOLATED)
   rf_reg[21][31]/D         1.001841       2.373393 r     -1.371552 (VIOLATED)
   rf_reg[24][31]/D         1.001841       2.373393 r     -1.371552 (VIOLATED)
   rf_reg[29][31]/D         1.001841       2.373393 r     -1.371552 (VIOLATED)
   rf_reg[31][31]/D         1.001841       2.373393 r     -1.371552 (VIOLATED)
   rf_reg[26][31]/D         1.001841       2.373393 r     -1.371552 (VIOLATED)
   rf_reg[3][16]/D          1.001841       2.373389 r     -1.371548 (VIOLATED)
   rf_reg[3][22]/D          1.001841       2.373389 r     -1.371548 (VIOLATED)
   rf_reg[4][16]/D          1.001841       2.373389 r     -1.371548 (VIOLATED)
   rf_reg[4][22]/D          1.001841       2.373389 r     -1.371548 (VIOLATED)
   rf_reg[7][16]/D          1.001841       2.373389 r     -1.371548 (VIOLATED)
   rf_reg[7][22]/D          1.001841       2.373389 r     -1.371548 (VIOLATED)
   rf_reg[2][16]/D          1.001841       2.373389 r     -1.371548 (VIOLATED)
   rf_reg[2][22]/D          1.001841       2.373389 r     -1.371548 (VIOLATED)
   rf_reg[11][31]/D         1.001841       2.373388 r     -1.371547 (VIOLATED)
   rf_reg[3][31]/D          1.001841       2.373370 r     -1.371529 (VIOLATED)
   rf_reg[4][31]/D          1.001841       2.373370 r     -1.371529 (VIOLATED)
   rf_reg[7][31]/D          1.001841       2.373370 r     -1.371529 (VIOLATED)
   rf_reg[2][31]/D          1.001841       2.373370 r     -1.371529 (VIOLATED)
   rf_reg[31][16]/D         1.001841       2.372871 r     -1.371030 (VIOLATED)
   rf_reg[31][22]/D         1.001841       2.372871 r     -1.371030 (VIOLATED)
   rf_reg[17][0]/D          1.054369       2.424502 f     -1.370133 (VIOLATED)
   rf_reg[30][0]/D          1.054369       2.424502 f     -1.370133 (VIOLATED)
   rf_reg[3][0]/D           1.054370       2.424502 f     -1.370132 (VIOLATED)
   rf_reg[12][0]/D          1.054369       2.424494 f     -1.370124 (VIOLATED)
   rf_reg[21][0]/D          1.054369       2.424494 f     -1.370124 (VIOLATED)
   rf_reg[7][0]/D           1.054370       2.424494 f     -1.370123 (VIOLATED)
   rf_reg[14][5]/D          1.001841       2.369700 r     -1.367859 (VIOLATED)
   rf_reg[14][6]/D          1.001841       2.369700 r     -1.367859 (VIOLATED)
   rf_reg[8][5]/D           1.001841       2.369700 r     -1.367859 (VIOLATED)
   rf_reg[8][6]/D           1.001841       2.369700 r     -1.367859 (VIOLATED)
   rf_reg[10][5]/D          1.001841       2.369700 r     -1.367859 (VIOLATED)
   rf_reg[10][6]/D          1.001841       2.369700 r     -1.367859 (VIOLATED)
   rf_reg[12][5]/D          1.001841       2.369700 r     -1.367859 (VIOLATED)
   rf_reg[12][6]/D          1.001841       2.369700 r     -1.367859 (VIOLATED)
   rf_reg[13][5]/D          1.001841       2.369700 r     -1.367859 (VIOLATED)
   rf_reg[13][6]/D          1.001841       2.369700 r     -1.367859 (VIOLATED)
   rf_reg[15][5]/D          1.001841       2.369700 r     -1.367859 (VIOLATED)
   rf_reg[15][6]/D          1.001841       2.369700 r     -1.367859 (VIOLATED)
   rf_reg[17][5]/D          1.001841       2.369699 r     -1.367859 (VIOLATED)
   rf_reg[17][6]/D          1.001841       2.369699 r     -1.367859 (VIOLATED)
   rf_reg[19][5]/D          1.001841       2.369699 r     -1.367859 (VIOLATED)
   rf_reg[19][6]/D          1.001841       2.369699 r     -1.367859 (VIOLATED)
   rf_reg[22][5]/D          1.001841       2.369699 r     -1.367859 (VIOLATED)
   rf_reg[22][6]/D          1.001841       2.369699 r     -1.367859 (VIOLATED)
   rf_reg[25][5]/D          1.001841       2.369699 r     -1.367859 (VIOLATED)
   rf_reg[25][6]/D          1.001841       2.369699 r     -1.367859 (VIOLATED)
   rf_reg[30][5]/D          1.001841       2.369699 r     -1.367859 (VIOLATED)
   rf_reg[30][6]/D          1.001841       2.369699 r     -1.367859 (VIOLATED)
   rf_reg[16][5]/D          1.001841       2.369699 r     -1.367858 (VIOLATED)
   rf_reg[16][6]/D          1.001841       2.369699 r     -1.367858 (VIOLATED)
   rf_reg[20][5]/D          1.001841       2.369699 r     -1.367858 (VIOLATED)
   rf_reg[20][6]/D          1.001841       2.369699 r     -1.367858 (VIOLATED)
   rf_reg[21][5]/D          1.001841       2.369699 r     -1.367858 (VIOLATED)
   rf_reg[21][6]/D          1.001841       2.369699 r     -1.367858 (VIOLATED)
   rf_reg[23][5]/D          1.001841       2.369699 r     -1.367858 (VIOLATED)
   rf_reg[23][6]/D          1.001841       2.369699 r     -1.367858 (VIOLATED)
   rf_reg[24][5]/D          1.001841       2.369699 r     -1.367858 (VIOLATED)
   rf_reg[24][6]/D          1.001841       2.369699 r     -1.367858 (VIOLATED)
   rf_reg[28][5]/D          1.001841       2.369699 r     -1.367858 (VIOLATED)
   rf_reg[28][6]/D          1.001841       2.369699 r     -1.367858 (VIOLATED)
   rf_reg[29][5]/D          1.001841       2.369699 r     -1.367858 (VIOLATED)
   rf_reg[29][6]/D          1.001841       2.369699 r     -1.367858 (VIOLATED)
   rf_reg[31][3]/D          1.001841       2.369699 r     -1.367858 (VIOLATED)
   rf_reg[31][4]/D          1.001841       2.369699 r     -1.367858 (VIOLATED)
   rf_reg[26][5]/D          1.001841       2.369699 r     -1.367858 (VIOLATED)
   rf_reg[26][6]/D          1.001841       2.369699 r     -1.367858 (VIOLATED)
   rf_reg[11][1]/D          1.001841       2.369699 r     -1.367858 (VIOLATED)
   rf_reg[14][1]/D          1.001841       2.369699 r     -1.367858 (VIOLATED)
   rf_reg[8][1]/D           1.001841       2.369699 r     -1.367858 (VIOLATED)
   rf_reg[10][1]/D          1.001841       2.369699 r     -1.367858 (VIOLATED)
   rf_reg[12][1]/D          1.001841       2.369699 r     -1.367858 (VIOLATED)
   rf_reg[13][1]/D          1.001841       2.369699 r     -1.367858 (VIOLATED)
   rf_reg[15][1]/D          1.001841       2.369699 r     -1.367858 (VIOLATED)
   rf_reg[17][1]/D          1.001841       2.369698 r     -1.367857 (VIOLATED)
   rf_reg[19][1]/D          1.001841       2.369698 r     -1.367857 (VIOLATED)
   rf_reg[22][1]/D          1.001841       2.369698 r     -1.367857 (VIOLATED)
   rf_reg[25][1]/D          1.001841       2.369698 r     -1.367857 (VIOLATED)
   rf_reg[30][1]/D          1.001841       2.369698 r     -1.367857 (VIOLATED)
   rf_reg[16][1]/D          1.001841       2.369698 r     -1.367857 (VIOLATED)
   rf_reg[20][1]/D          1.001841       2.369698 r     -1.367857 (VIOLATED)
   rf_reg[21][1]/D          1.001841       2.369698 r     -1.367857 (VIOLATED)
   rf_reg[23][1]/D          1.001841       2.369698 r     -1.367857 (VIOLATED)
   rf_reg[24][1]/D          1.001841       2.369698 r     -1.367857 (VIOLATED)
   rf_reg[28][1]/D          1.001841       2.369698 r     -1.367857 (VIOLATED)
   rf_reg[29][1]/D          1.001841       2.369698 r     -1.367857 (VIOLATED)
   rf_reg[31][1]/D          1.001841       2.369698 r     -1.367857 (VIOLATED)
   rf_reg[26][1]/D          1.001841       2.369698 r     -1.367857 (VIOLATED)
   rf_reg[11][5]/D          1.001841       2.369694 r     -1.367854 (VIOLATED)
   rf_reg[11][6]/D          1.001841       2.369694 r     -1.367854 (VIOLATED)
   rf_reg[1][5]/D           1.001841       2.369676 r     -1.367835 (VIOLATED)
   rf_reg[1][6]/D           1.001841       2.369676 r     -1.367835 (VIOLATED)
   rf_reg[3][5]/D           1.001841       2.369676 r     -1.367835 (VIOLATED)
   rf_reg[3][6]/D           1.001841       2.369676 r     -1.367835 (VIOLATED)
   rf_reg[6][5]/D           1.001841       2.369676 r     -1.367835 (VIOLATED)
   rf_reg[6][6]/D           1.001841       2.369676 r     -1.367835 (VIOLATED)
   rf_reg[4][5]/D           1.001841       2.369676 r     -1.367835 (VIOLATED)
   rf_reg[4][6]/D           1.001841       2.369676 r     -1.367835 (VIOLATED)
   rf_reg[5][5]/D           1.001841       2.369676 r     -1.367835 (VIOLATED)
   rf_reg[5][6]/D           1.001841       2.369676 r     -1.367835 (VIOLATED)
   rf_reg[7][5]/D           1.001841       2.369676 r     -1.367835 (VIOLATED)
   rf_reg[7][6]/D           1.001841       2.369676 r     -1.367835 (VIOLATED)
   rf_reg[2][5]/D           1.001841       2.369676 r     -1.367835 (VIOLATED)
   rf_reg[2][6]/D           1.001841       2.369676 r     -1.367835 (VIOLATED)
   rf_reg[1][1]/D           1.001841       2.369675 r     -1.367834 (VIOLATED)
   rf_reg[3][1]/D           1.001841       2.369675 r     -1.367834 (VIOLATED)
   rf_reg[6][1]/D           1.001841       2.369675 r     -1.367834 (VIOLATED)
   rf_reg[4][1]/D           1.001841       2.369675 r     -1.367834 (VIOLATED)
   rf_reg[5][1]/D           1.001841       2.369675 r     -1.367834 (VIOLATED)
   rf_reg[7][1]/D           1.001841       2.369675 r     -1.367834 (VIOLATED)
   rf_reg[2][1]/D           1.001841       2.369675 r     -1.367833 (VIOLATED)
   rf_reg[14][11]/D         1.001841       2.369602 r     -1.367761 (VIOLATED)
   rf_reg[14][18]/D         1.001841       2.369602 r     -1.367761 (VIOLATED)
   rf_reg[14][27]/D         1.001841       2.369602 r     -1.367761 (VIOLATED)
   rf_reg[8][11]/D          1.001841       2.369602 r     -1.367761 (VIOLATED)
   rf_reg[8][18]/D          1.001841       2.369602 r     -1.367761 (VIOLATED)
   rf_reg[8][27]/D          1.001841       2.369602 r     -1.367761 (VIOLATED)
   rf_reg[10][11]/D         1.001841       2.369602 r     -1.367761 (VIOLATED)
   rf_reg[10][18]/D         1.001841       2.369602 r     -1.367761 (VIOLATED)
   rf_reg[10][27]/D         1.001841       2.369602 r     -1.367761 (VIOLATED)
   rf_reg[12][11]/D         1.001841       2.369602 r     -1.367761 (VIOLATED)
   rf_reg[12][18]/D         1.001841       2.369602 r     -1.367761 (VIOLATED)
   rf_reg[12][27]/D         1.001841       2.369602 r     -1.367761 (VIOLATED)
   rf_reg[13][11]/D         1.001841       2.369602 r     -1.367761 (VIOLATED)
   rf_reg[13][18]/D         1.001841       2.369602 r     -1.367761 (VIOLATED)
   rf_reg[13][27]/D         1.001841       2.369602 r     -1.367761 (VIOLATED)
   rf_reg[15][11]/D         1.001841       2.369602 r     -1.367761 (VIOLATED)
   rf_reg[15][18]/D         1.001841       2.369602 r     -1.367761 (VIOLATED)
   rf_reg[15][27]/D         1.001841       2.369602 r     -1.367761 (VIOLATED)
   rf_reg[17][11]/D         1.001841       2.369601 r     -1.367761 (VIOLATED)
   rf_reg[17][18]/D         1.001841       2.369601 r     -1.367761 (VIOLATED)
   rf_reg[17][27]/D         1.001841       2.369601 r     -1.367761 (VIOLATED)
   rf_reg[19][11]/D         1.001841       2.369601 r     -1.367761 (VIOLATED)
   rf_reg[19][18]/D         1.001841       2.369601 r     -1.367761 (VIOLATED)
   rf_reg[19][27]/D         1.001841       2.369601 r     -1.367761 (VIOLATED)
   rf_reg[22][11]/D         1.001841       2.369601 r     -1.367761 (VIOLATED)
   rf_reg[22][18]/D         1.001841       2.369601 r     -1.367761 (VIOLATED)
   rf_reg[22][27]/D         1.001841       2.369601 r     -1.367761 (VIOLATED)
   rf_reg[25][11]/D         1.001841       2.369601 r     -1.367761 (VIOLATED)
   rf_reg[25][18]/D         1.001841       2.369601 r     -1.367761 (VIOLATED)
   rf_reg[25][27]/D         1.001841       2.369601 r     -1.367761 (VIOLATED)
   rf_reg[30][11]/D         1.001841       2.369601 r     -1.367761 (VIOLATED)
   rf_reg[30][18]/D         1.001841       2.369601 r     -1.367761 (VIOLATED)
   rf_reg[30][27]/D         1.001841       2.369601 r     -1.367761 (VIOLATED)
   rf_reg[16][11]/D         1.001841       2.369601 r     -1.367760 (VIOLATED)
   rf_reg[16][18]/D         1.001841       2.369601 r     -1.367760 (VIOLATED)
   rf_reg[16][27]/D         1.001841       2.369601 r     -1.367760 (VIOLATED)
   rf_reg[20][11]/D         1.001841       2.369601 r     -1.367760 (VIOLATED)
   rf_reg[20][18]/D         1.001841       2.369601 r     -1.367760 (VIOLATED)
   rf_reg[20][27]/D         1.001841       2.369601 r     -1.367760 (VIOLATED)
   rf_reg[21][11]/D         1.001841       2.369601 r     -1.367760 (VIOLATED)
   rf_reg[21][18]/D         1.001841       2.369601 r     -1.367760 (VIOLATED)
   rf_reg[21][27]/D         1.001841       2.369601 r     -1.367760 (VIOLATED)
   rf_reg[23][11]/D         1.001841       2.369601 r     -1.367760 (VIOLATED)
   rf_reg[23][18]/D         1.001841       2.369601 r     -1.367760 (VIOLATED)
   rf_reg[23][27]/D         1.001841       2.369601 r     -1.367760 (VIOLATED)
   rf_reg[24][11]/D         1.001841       2.369601 r     -1.367760 (VIOLATED)
   rf_reg[24][18]/D         1.001841       2.369601 r     -1.367760 (VIOLATED)
   rf_reg[24][27]/D         1.001841       2.369601 r     -1.367760 (VIOLATED)
   rf_reg[28][11]/D         1.001841       2.369601 r     -1.367760 (VIOLATED)
   rf_reg[28][18]/D         1.001841       2.369601 r     -1.367760 (VIOLATED)
   rf_reg[28][27]/D         1.001841       2.369601 r     -1.367760 (VIOLATED)
   rf_reg[29][11]/D         1.001841       2.369601 r     -1.367760 (VIOLATED)
   rf_reg[29][18]/D         1.001841       2.369601 r     -1.367760 (VIOLATED)
   rf_reg[29][27]/D         1.001841       2.369601 r     -1.367760 (VIOLATED)
   rf_reg[31][12]/D         1.001841       2.369601 r     -1.367760 (VIOLATED)
   rf_reg[26][11]/D         1.001841       2.369601 r     -1.367760 (VIOLATED)
   rf_reg[26][18]/D         1.001841       2.369601 r     -1.367760 (VIOLATED)
   rf_reg[26][27]/D         1.001841       2.369601 r     -1.367760 (VIOLATED)
   rf_reg[11][11]/D         1.001841       2.369596 r     -1.367756 (VIOLATED)
   rf_reg[11][18]/D         1.001841       2.369596 r     -1.367756 (VIOLATED)
   rf_reg[11][27]/D         1.001841       2.369596 r     -1.367756 (VIOLATED)
   rf_reg[1][11]/D          1.001841       2.369578 r     -1.367737 (VIOLATED)
   rf_reg[1][18]/D          1.001841       2.369578 r     -1.367737 (VIOLATED)
   rf_reg[1][27]/D          1.001841       2.369578 r     -1.367737 (VIOLATED)
   rf_reg[3][11]/D          1.001841       2.369578 r     -1.367737 (VIOLATED)
   rf_reg[3][18]/D          1.001841       2.369578 r     -1.367737 (VIOLATED)
   rf_reg[3][27]/D          1.001841       2.369578 r     -1.367737 (VIOLATED)
   rf_reg[6][11]/D          1.001841       2.369578 r     -1.367737 (VIOLATED)
   rf_reg[6][18]/D          1.001841       2.369578 r     -1.367737 (VIOLATED)
   rf_reg[6][27]/D          1.001841       2.369578 r     -1.367737 (VIOLATED)
   rf_reg[4][11]/D          1.001841       2.369578 r     -1.367737 (VIOLATED)
   rf_reg[4][18]/D          1.001841       2.369578 r     -1.367737 (VIOLATED)
   rf_reg[4][27]/D          1.001841       2.369578 r     -1.367737 (VIOLATED)
   rf_reg[5][11]/D          1.001841       2.369578 r     -1.367737 (VIOLATED)
   rf_reg[5][18]/D          1.001841       2.369578 r     -1.367737 (VIOLATED)
   rf_reg[5][27]/D          1.001841       2.369578 r     -1.367737 (VIOLATED)
   rf_reg[7][11]/D          1.001841       2.369578 r     -1.367737 (VIOLATED)
   rf_reg[7][18]/D          1.001841       2.369578 r     -1.367737 (VIOLATED)
   rf_reg[7][27]/D          1.001841       2.369578 r     -1.367737 (VIOLATED)
   rf_reg[2][11]/D          1.001841       2.369578 r     -1.367737 (VIOLATED)
   rf_reg[2][18]/D          1.001841       2.369578 r     -1.367737 (VIOLATED)
   rf_reg[2][27]/D          1.001841       2.369578 r     -1.367737 (VIOLATED)
   rf_reg[11][3]/D          1.001841       2.369159 r     -1.367318 (VIOLATED)
   rf_reg[11][4]/D          1.001841       2.369159 r     -1.367318 (VIOLATED)
   rf_reg[14][3]/D          1.001841       2.369159 r     -1.367318 (VIOLATED)
   rf_reg[14][4]/D          1.001841       2.369159 r     -1.367318 (VIOLATED)
   rf_reg[8][3]/D           1.001841       2.369159 r     -1.367318 (VIOLATED)
   rf_reg[8][4]/D           1.001841       2.369159 r     -1.367318 (VIOLATED)
   rf_reg[10][3]/D          1.001841       2.369159 r     -1.367318 (VIOLATED)
   rf_reg[10][4]/D          1.001841       2.369159 r     -1.367318 (VIOLATED)
   rf_reg[12][3]/D          1.001841       2.369159 r     -1.367318 (VIOLATED)
   rf_reg[12][4]/D          1.001841       2.369159 r     -1.367318 (VIOLATED)
   rf_reg[13][3]/D          1.001841       2.369159 r     -1.367318 (VIOLATED)
   rf_reg[13][4]/D          1.001841       2.369159 r     -1.367318 (VIOLATED)
   rf_reg[15][3]/D          1.001841       2.369159 r     -1.367318 (VIOLATED)
   rf_reg[15][4]/D          1.001841       2.369159 r     -1.367318 (VIOLATED)
   rf_reg[17][3]/D          1.001841       2.369158 r     -1.367317 (VIOLATED)
   rf_reg[17][4]/D          1.001841       2.369158 r     -1.367317 (VIOLATED)
   rf_reg[19][3]/D          1.001841       2.369158 r     -1.367317 (VIOLATED)
   rf_reg[19][4]/D          1.001841       2.369158 r     -1.367317 (VIOLATED)
   rf_reg[22][3]/D          1.001841       2.369158 r     -1.367317 (VIOLATED)
   rf_reg[22][4]/D          1.001841       2.369158 r     -1.367317 (VIOLATED)
   rf_reg[25][3]/D          1.001841       2.369158 r     -1.367317 (VIOLATED)
   rf_reg[25][4]/D          1.001841       2.369158 r     -1.367317 (VIOLATED)
   rf_reg[30][3]/D          1.001841       2.369158 r     -1.367317 (VIOLATED)
   rf_reg[30][4]/D          1.001841       2.369158 r     -1.367317 (VIOLATED)
   rf_reg[16][3]/D          1.001841       2.369158 r     -1.367317 (VIOLATED)
   rf_reg[16][4]/D          1.001841       2.369158 r     -1.367317 (VIOLATED)
   rf_reg[20][3]/D          1.001841       2.369158 r     -1.367317 (VIOLATED)
   rf_reg[20][4]/D          1.001841       2.369158 r     -1.367317 (VIOLATED)
   rf_reg[21][3]/D          1.001841       2.369158 r     -1.367317 (VIOLATED)
   rf_reg[21][4]/D          1.001841       2.369158 r     -1.367317 (VIOLATED)
   rf_reg[23][3]/D          1.001841       2.369158 r     -1.367317 (VIOLATED)
   rf_reg[23][4]/D          1.001841       2.369158 r     -1.367317 (VIOLATED)
   rf_reg[24][3]/D          1.001841       2.369158 r     -1.367317 (VIOLATED)
   rf_reg[24][4]/D          1.001841       2.369158 r     -1.367317 (VIOLATED)
   rf_reg[28][3]/D          1.001841       2.369158 r     -1.367317 (VIOLATED)
   rf_reg[28][4]/D          1.001841       2.369158 r     -1.367317 (VIOLATED)
   rf_reg[29][3]/D          1.001841       2.369158 r     -1.367317 (VIOLATED)
   rf_reg[29][4]/D          1.001841       2.369158 r     -1.367317 (VIOLATED)
   rf_reg[31][5]/D          1.001841       2.369158 r     -1.367317 (VIOLATED)
   rf_reg[31][6]/D          1.001841       2.369158 r     -1.367317 (VIOLATED)
   rf_reg[26][3]/D          1.001841       2.369158 r     -1.367317 (VIOLATED)
   rf_reg[26][4]/D          1.001841       2.369158 r     -1.367317 (VIOLATED)
   rf_reg[1][3]/D           1.001841       2.369132 r     -1.367291 (VIOLATED)
   rf_reg[1][4]/D           1.001841       2.369132 r     -1.367291 (VIOLATED)
   rf_reg[3][3]/D           1.001841       2.369132 r     -1.367291 (VIOLATED)
   rf_reg[3][4]/D           1.001841       2.369132 r     -1.367291 (VIOLATED)
   rf_reg[6][3]/D           1.001841       2.369132 r     -1.367291 (VIOLATED)
   rf_reg[6][4]/D           1.001841       2.369132 r     -1.367291 (VIOLATED)
   rf_reg[4][3]/D           1.001841       2.369132 r     -1.367291 (VIOLATED)
   rf_reg[4][4]/D           1.001841       2.369132 r     -1.367291 (VIOLATED)
   rf_reg[5][3]/D           1.001841       2.369132 r     -1.367291 (VIOLATED)
   rf_reg[5][4]/D           1.001841       2.369132 r     -1.367291 (VIOLATED)
   rf_reg[7][3]/D           1.001841       2.369132 r     -1.367291 (VIOLATED)
   rf_reg[7][4]/D           1.001841       2.369132 r     -1.367291 (VIOLATED)
   rf_reg[2][3]/D           1.001841       2.369132 r     -1.367291 (VIOLATED)
   rf_reg[2][4]/D           1.001841       2.369132 r     -1.367291 (VIOLATED)
   rf_reg[11][12]/D         1.001841       2.369061 r     -1.367220 (VIOLATED)
   rf_reg[14][12]/D         1.001841       2.369061 r     -1.367220 (VIOLATED)
   rf_reg[8][12]/D          1.001841       2.369061 r     -1.367220 (VIOLATED)
   rf_reg[10][12]/D         1.001841       2.369061 r     -1.367220 (VIOLATED)
   rf_reg[12][12]/D         1.001841       2.369061 r     -1.367220 (VIOLATED)
   rf_reg[13][12]/D         1.001841       2.369061 r     -1.367220 (VIOLATED)
   rf_reg[15][12]/D         1.001841       2.369061 r     -1.367220 (VIOLATED)
   rf_reg[17][12]/D         1.001841       2.369060 r     -1.367219 (VIOLATED)
   rf_reg[19][12]/D         1.001841       2.369060 r     -1.367219 (VIOLATED)
   rf_reg[22][12]/D         1.001841       2.369060 r     -1.367219 (VIOLATED)
   rf_reg[25][12]/D         1.001841       2.369060 r     -1.367219 (VIOLATED)
   rf_reg[30][12]/D         1.001841       2.369060 r     -1.367219 (VIOLATED)
   rf_reg[16][12]/D         1.001841       2.369060 r     -1.367219 (VIOLATED)
   rf_reg[20][12]/D         1.001841       2.369060 r     -1.367219 (VIOLATED)
   rf_reg[21][12]/D         1.001841       2.369060 r     -1.367219 (VIOLATED)
   rf_reg[23][12]/D         1.001841       2.369060 r     -1.367219 (VIOLATED)
   rf_reg[24][12]/D         1.001841       2.369060 r     -1.367219 (VIOLATED)
   rf_reg[28][12]/D         1.001841       2.369060 r     -1.367219 (VIOLATED)
   rf_reg[29][12]/D         1.001841       2.369060 r     -1.367219 (VIOLATED)
   rf_reg[31][11]/D         1.001841       2.369060 r     -1.367219 (VIOLATED)
   rf_reg[31][18]/D         1.001841       2.369060 r     -1.367219 (VIOLATED)
   rf_reg[31][27]/D         1.001841       2.369060 r     -1.367219 (VIOLATED)
   rf_reg[26][12]/D         1.001841       2.369060 r     -1.367219 (VIOLATED)
   rf_reg[1][12]/D          1.001841       2.369034 r     -1.367193 (VIOLATED)
   rf_reg[3][12]/D          1.001841       2.369034 r     -1.367193 (VIOLATED)
   rf_reg[6][12]/D          1.001841       2.369034 r     -1.367193 (VIOLATED)
   rf_reg[4][12]/D          1.001841       2.369034 r     -1.367193 (VIOLATED)
   rf_reg[5][12]/D          1.001841       2.369034 r     -1.367193 (VIOLATED)
   rf_reg[7][12]/D          1.001841       2.369034 r     -1.367193 (VIOLATED)
   rf_reg[2][12]/D          1.001841       2.369034 r     -1.367193 (VIOLATED)
   rf_reg[9][17]/D          1.001841       2.368078 r     -1.366237 (VIOLATED)
   rf_reg[14][17]/D         1.001841       2.368078 r     -1.366237 (VIOLATED)
   rf_reg[8][17]/D          1.001841       2.368078 r     -1.366236 (VIOLATED)
   rf_reg[10][17]/D         1.001841       2.368078 r     -1.366236 (VIOLATED)
   rf_reg[15][17]/D         1.001841       2.368078 r     -1.366236 (VIOLATED)
   rf_reg[19][17]/D         1.001841       2.368077 r     -1.366236 (VIOLATED)
   rf_reg[25][17]/D         1.001841       2.368077 r     -1.366236 (VIOLATED)
   rf_reg[27][17]/D         1.001841       2.368077 r     -1.366236 (VIOLATED)
   rf_reg[16][17]/D         1.001841       2.368077 r     -1.366236 (VIOLATED)
   rf_reg[23][17]/D         1.001841       2.368077 r     -1.366236 (VIOLATED)
   rf_reg[28][17]/D         1.001841       2.368077 r     -1.366236 (VIOLATED)
   rf_reg[18][17]/D         1.001841       2.368077 r     -1.366236 (VIOLATED)
   rf_reg[1][17]/D          1.001841       2.368053 r     -1.366212 (VIOLATED)
   rf_reg[6][17]/D          1.001841       2.368053 r     -1.366212 (VIOLATED)
   rf_reg[5][17]/D          1.001841       2.368053 r     -1.366212 (VIOLATED)
   rf_reg[9][15]/D          1.001841       2.368033 r     -1.366192 (VIOLATED)
   rf_reg[14][15]/D         1.001841       2.368033 r     -1.366192 (VIOLATED)
   rf_reg[8][15]/D          1.001841       2.368033 r     -1.366192 (VIOLATED)
   rf_reg[10][15]/D         1.001841       2.368033 r     -1.366192 (VIOLATED)
   rf_reg[15][15]/D         1.001841       2.368033 r     -1.366192 (VIOLATED)
   rf_reg[19][15]/D         1.001841       2.368032 r     -1.366192 (VIOLATED)
   rf_reg[25][15]/D         1.001841       2.368032 r     -1.366192 (VIOLATED)
   rf_reg[27][15]/D         1.001841       2.368032 r     -1.366192 (VIOLATED)
   rf_reg[16][15]/D         1.001841       2.368032 r     -1.366191 (VIOLATED)
   rf_reg[23][15]/D         1.001841       2.368032 r     -1.366191 (VIOLATED)
   rf_reg[28][15]/D         1.001841       2.368032 r     -1.366191 (VIOLATED)
   rf_reg[18][15]/D         1.001841       2.368032 r     -1.366191 (VIOLATED)
   rf_reg[1][15]/D          1.001841       2.368009 r     -1.366168 (VIOLATED)
   rf_reg[6][15]/D          1.001841       2.368009 r     -1.366168 (VIOLATED)
   rf_reg[5][15]/D          1.001841       2.368009 r     -1.366168 (VIOLATED)
   rf_reg[11][24]/D         1.001841       2.367498 r     -1.365657 (VIOLATED)
   rf_reg[15][24]/D         1.001841       2.367498 r     -1.365657 (VIOLATED)
   rf_reg[19][24]/D         1.001841       2.367498 r     -1.365657 (VIOLATED)
   rf_reg[25][24]/D         1.001841       2.367498 r     -1.365657 (VIOLATED)
   rf_reg[16][24]/D         1.001841       2.367498 r     -1.365657 (VIOLATED)
   rf_reg[20][24]/D         1.001841       2.367498 r     -1.365657 (VIOLATED)
   rf_reg[29][24]/D         1.001841       2.367498 r     -1.365657 (VIOLATED)
   rf_reg[1][24]/D          1.001841       2.367472 r     -1.365631 (VIOLATED)
   rf_reg[6][24]/D          1.001841       2.367472 r     -1.365631 (VIOLATED)
   rf_reg[2][24]/D          1.001841       2.367472 r     -1.365631 (VIOLATED)
   rf_reg[9][29]/D          1.001841       2.367375 r     -1.365534 (VIOLATED)
   rf_reg[14][29]/D         1.001841       2.367375 r     -1.365534 (VIOLATED)
   rf_reg[8][29]/D          1.001841       2.367375 r     -1.365534 (VIOLATED)
   rf_reg[10][29]/D         1.001841       2.367375 r     -1.365534 (VIOLATED)
   rf_reg[12][29]/D         1.001841       2.367375 r     -1.365534 (VIOLATED)
   rf_reg[13][29]/D         1.001841       2.367375 r     -1.365534 (VIOLATED)
   rf_reg[15][29]/D         1.001841       2.367375 r     -1.365534 (VIOLATED)
   rf_reg[19][29]/D         1.001841       2.367375 r     -1.365534 (VIOLATED)
   rf_reg[22][29]/D         1.001841       2.367375 r     -1.365534 (VIOLATED)
   rf_reg[25][29]/D         1.001841       2.367375 r     -1.365534 (VIOLATED)
   rf_reg[27][29]/D         1.001841       2.367375 r     -1.365534 (VIOLATED)
   rf_reg[30][29]/D         1.001841       2.367375 r     -1.365534 (VIOLATED)
   rf_reg[16][29]/D         1.001841       2.367375 r     -1.365534 (VIOLATED)
   rf_reg[21][29]/D         1.001841       2.367375 r     -1.365534 (VIOLATED)
   rf_reg[23][29]/D         1.001841       2.367375 r     -1.365534 (VIOLATED)
   rf_reg[24][29]/D         1.001841       2.367375 r     -1.365534 (VIOLATED)
   rf_reg[28][29]/D         1.001841       2.367375 r     -1.365534 (VIOLATED)
   rf_reg[18][29]/D         1.001841       2.367375 r     -1.365533 (VIOLATED)
   rf_reg[26][29]/D         1.001841       2.367375 r     -1.365533 (VIOLATED)
   rf_reg[1][29]/D          1.001841       2.367351 r     -1.365510 (VIOLATED)
   rf_reg[3][29]/D          1.001841       2.367351 r     -1.365510 (VIOLATED)
   rf_reg[6][29]/D          1.001841       2.367351 r     -1.365510 (VIOLATED)
   rf_reg[4][29]/D          1.001841       2.367351 r     -1.365510 (VIOLATED)
   rf_reg[5][29]/D          1.001841       2.367351 r     -1.365510 (VIOLATED)
   rf_reg[11][9]/D          1.001841       2.366969 r     -1.365128 (VIOLATED)
   rf_reg[14][9]/D          1.001841       2.366969 r     -1.365128 (VIOLATED)
   rf_reg[8][9]/D           1.001841       2.366969 r     -1.365128 (VIOLATED)
   rf_reg[10][9]/D          1.001841       2.366969 r     -1.365128 (VIOLATED)
   rf_reg[12][9]/D          1.001841       2.366969 r     -1.365128 (VIOLATED)
   rf_reg[13][9]/D          1.001841       2.366969 r     -1.365128 (VIOLATED)
   rf_reg[15][9]/D          1.001841       2.366969 r     -1.365128 (VIOLATED)
   rf_reg[11][8]/D          1.001841       2.366968 r     -1.365127 (VIOLATED)
   rf_reg[14][8]/D          1.001841       2.366968 r     -1.365127 (VIOLATED)
   rf_reg[17][9]/D          1.001841       2.366968 r     -1.365127 (VIOLATED)
   rf_reg[19][9]/D          1.001841       2.366968 r     -1.365127 (VIOLATED)
   rf_reg[22][9]/D          1.001841       2.366968 r     -1.365127 (VIOLATED)
   rf_reg[25][9]/D          1.001841       2.366968 r     -1.365127 (VIOLATED)
   rf_reg[30][9]/D          1.001841       2.366968 r     -1.365127 (VIOLATED)
   rf_reg[8][8]/D           1.001841       2.366968 r     -1.365127 (VIOLATED)
   rf_reg[10][8]/D          1.001841       2.366968 r     -1.365127 (VIOLATED)
   rf_reg[12][8]/D          1.001841       2.366968 r     -1.365127 (VIOLATED)
   rf_reg[13][8]/D          1.001841       2.366968 r     -1.365127 (VIOLATED)
   rf_reg[15][8]/D          1.001841       2.366968 r     -1.365127 (VIOLATED)
   rf_reg[16][9]/D          1.001841       2.366968 r     -1.365127 (VIOLATED)
   rf_reg[20][9]/D          1.001841       2.366968 r     -1.365127 (VIOLATED)
   rf_reg[21][9]/D          1.001841       2.366968 r     -1.365127 (VIOLATED)
   rf_reg[23][9]/D          1.001841       2.366968 r     -1.365127 (VIOLATED)
   rf_reg[24][9]/D          1.001841       2.366968 r     -1.365127 (VIOLATED)
   rf_reg[28][9]/D          1.001841       2.366968 r     -1.365127 (VIOLATED)
   rf_reg[29][9]/D          1.001841       2.366968 r     -1.365127 (VIOLATED)
   rf_reg[31][9]/D          1.001841       2.366968 r     -1.365127 (VIOLATED)
   rf_reg[26][9]/D          1.001841       2.366968 r     -1.365127 (VIOLATED)
   rf_reg[17][8]/D          1.001841       2.366968 r     -1.365127 (VIOLATED)
   rf_reg[19][8]/D          1.001841       2.366968 r     -1.365127 (VIOLATED)
   rf_reg[22][8]/D          1.001841       2.366968 r     -1.365127 (VIOLATED)
   rf_reg[25][8]/D          1.001841       2.366968 r     -1.365127 (VIOLATED)
   rf_reg[30][8]/D          1.001841       2.366968 r     -1.365127 (VIOLATED)
   rf_reg[16][8]/D          1.001841       2.366968 r     -1.365127 (VIOLATED)
   rf_reg[20][8]/D          1.001841       2.366968 r     -1.365127 (VIOLATED)
   rf_reg[21][8]/D          1.001841       2.366968 r     -1.365127 (VIOLATED)
   rf_reg[23][8]/D          1.001841       2.366968 r     -1.365127 (VIOLATED)
   rf_reg[24][8]/D          1.001841       2.366968 r     -1.365127 (VIOLATED)
   rf_reg[28][8]/D          1.001841       2.366968 r     -1.365127 (VIOLATED)
   rf_reg[29][8]/D          1.001841       2.366968 r     -1.365127 (VIOLATED)
   rf_reg[31][8]/D          1.001841       2.366968 r     -1.365127 (VIOLATED)
   rf_reg[26][8]/D          1.001841       2.366968 r     -1.365127 (VIOLATED)
   rf_reg[1][9]/D           1.001841       2.366945 r     -1.365104 (VIOLATED)
   rf_reg[3][9]/D           1.001841       2.366945 r     -1.365104 (VIOLATED)
   rf_reg[6][9]/D           1.001841       2.366945 r     -1.365104 (VIOLATED)
   rf_reg[4][9]/D           1.001841       2.366945 r     -1.365104 (VIOLATED)
   rf_reg[5][9]/D           1.001841       2.366945 r     -1.365104 (VIOLATED)
   rf_reg[7][9]/D           1.001841       2.366945 r     -1.365104 (VIOLATED)
   rf_reg[2][9]/D           1.001841       2.366945 r     -1.365104 (VIOLATED)
   rf_reg[1][8]/D           1.001841       2.366944 r     -1.365103 (VIOLATED)
   rf_reg[3][8]/D           1.001841       2.366944 r     -1.365103 (VIOLATED)
   rf_reg[6][8]/D           1.001841       2.366944 r     -1.365103 (VIOLATED)
   rf_reg[4][8]/D           1.001841       2.366944 r     -1.365103 (VIOLATED)
   rf_reg[5][8]/D           1.001841       2.366944 r     -1.365103 (VIOLATED)
   rf_reg[7][8]/D           1.001841       2.366944 r     -1.365103 (VIOLATED)
   rf_reg[2][8]/D           1.001841       2.366944 r     -1.365103 (VIOLATED)
   rf_reg[31][23]/D         1.001841       2.366943 r     -1.365102 (VIOLATED)
   rf_reg[11][20]/D         1.001841       2.366925 r     -1.365085 (VIOLATED)
   rf_reg[14][20]/D         1.001841       2.366925 r     -1.365085 (VIOLATED)
   rf_reg[8][20]/D          1.001841       2.366925 r     -1.365084 (VIOLATED)
   rf_reg[10][20]/D         1.001841       2.366925 r     -1.365084 (VIOLATED)
   rf_reg[12][20]/D         1.001841       2.366925 r     -1.365084 (VIOLATED)
   rf_reg[13][20]/D         1.001841       2.366925 r     -1.365084 (VIOLATED)
   rf_reg[15][20]/D         1.001841       2.366925 r     -1.365084 (VIOLATED)
   rf_reg[17][20]/D         1.001841       2.366925 r     -1.365084 (VIOLATED)
   rf_reg[19][20]/D         1.001841       2.366925 r     -1.365084 (VIOLATED)
   rf_reg[22][20]/D         1.001841       2.366925 r     -1.365084 (VIOLATED)
   rf_reg[25][20]/D         1.001841       2.366925 r     -1.365084 (VIOLATED)
   rf_reg[30][20]/D         1.001841       2.366925 r     -1.365084 (VIOLATED)
   rf_reg[16][20]/D         1.001841       2.366925 r     -1.365084 (VIOLATED)
   rf_reg[20][20]/D         1.001841       2.366925 r     -1.365084 (VIOLATED)
   rf_reg[21][20]/D         1.001841       2.366925 r     -1.365084 (VIOLATED)
   rf_reg[23][20]/D         1.001841       2.366925 r     -1.365084 (VIOLATED)
   rf_reg[24][20]/D         1.001841       2.366925 r     -1.365084 (VIOLATED)
   rf_reg[28][20]/D         1.001841       2.366925 r     -1.365084 (VIOLATED)
   rf_reg[29][20]/D         1.001841       2.366925 r     -1.365084 (VIOLATED)
   rf_reg[31][20]/D         1.001841       2.366925 r     -1.365084 (VIOLATED)
   rf_reg[26][20]/D         1.001841       2.366925 r     -1.365084 (VIOLATED)
   rf_reg[31][10]/D         1.001841       2.366907 r     -1.365066 (VIOLATED)
   rf_reg[31][24]/D         1.001841       2.366907 r     -1.365066 (VIOLATED)
   rf_reg[1][20]/D          1.001841       2.366901 r     -1.365060 (VIOLATED)
   rf_reg[3][20]/D          1.001841       2.366901 r     -1.365060 (VIOLATED)
   rf_reg[6][20]/D          1.001841       2.366901 r     -1.365060 (VIOLATED)
   rf_reg[4][20]/D          1.001841       2.366901 r     -1.365060 (VIOLATED)
   rf_reg[5][20]/D          1.001841       2.366901 r     -1.365060 (VIOLATED)
   rf_reg[7][20]/D          1.001841       2.366901 r     -1.365060 (VIOLATED)
   rf_reg[2][20]/D          1.001841       2.366901 r     -1.365060 (VIOLATED)
   rf_reg[11][15]/D         1.001841       2.366899 r     -1.365058 (VIOLATED)
   rf_reg[12][15]/D         1.001841       2.366899 r     -1.365058 (VIOLATED)
   rf_reg[13][15]/D         1.001841       2.366899 r     -1.365058 (VIOLATED)
   rf_reg[17][15]/D         1.001841       2.366899 r     -1.365058 (VIOLATED)
   rf_reg[22][15]/D         1.001841       2.366899 r     -1.365058 (VIOLATED)
   rf_reg[30][15]/D         1.001841       2.366899 r     -1.365058 (VIOLATED)
   rf_reg[20][15]/D         1.001841       2.366899 r     -1.365058 (VIOLATED)
   rf_reg[21][15]/D         1.001841       2.366899 r     -1.365058 (VIOLATED)
   rf_reg[24][15]/D         1.001841       2.366899 r     -1.365058 (VIOLATED)
   rf_reg[29][15]/D         1.001841       2.366899 r     -1.365058 (VIOLATED)
   rf_reg[31][15]/D         1.001841       2.366899 r     -1.365058 (VIOLATED)
   rf_reg[26][15]/D         1.001841       2.366899 r     -1.365058 (VIOLATED)
   rf_reg[3][15]/D          1.001841       2.366875 r     -1.365034 (VIOLATED)
   rf_reg[4][15]/D          1.001841       2.366875 r     -1.365034 (VIOLATED)
   rf_reg[7][15]/D          1.001841       2.366875 r     -1.365034 (VIOLATED)
   rf_reg[2][15]/D          1.001841       2.366875 r     -1.365034 (VIOLATED)
   rf_reg[31][29]/D         1.001841       2.366833 r     -1.364992 (VIOLATED)
   rf_reg[11][28]/D         1.001841       2.366525 r     -1.364684 (VIOLATED)
   rf_reg[14][28]/D         1.001841       2.366525 r     -1.364684 (VIOLATED)
   rf_reg[8][28]/D          1.001841       2.366525 r     -1.364684 (VIOLATED)
   rf_reg[10][28]/D         1.001841       2.366525 r     -1.364684 (VIOLATED)
   rf_reg[12][28]/D         1.001841       2.366525 r     -1.364684 (VIOLATED)
   rf_reg[13][28]/D         1.001841       2.366525 r     -1.364684 (VIOLATED)
   rf_reg[15][28]/D         1.001841       2.366525 r     -1.364684 (VIOLATED)
   rf_reg[17][28]/D         1.001841       2.366524 r     -1.364683 (VIOLATED)
   rf_reg[19][28]/D         1.001841       2.366524 r     -1.364683 (VIOLATED)
   rf_reg[22][28]/D         1.001841       2.366524 r     -1.364683 (VIOLATED)
   rf_reg[25][28]/D         1.001841       2.366524 r     -1.364683 (VIOLATED)
   rf_reg[30][28]/D         1.001841       2.366524 r     -1.364683 (VIOLATED)
   rf_reg[16][28]/D         1.001841       2.366524 r     -1.364683 (VIOLATED)
   rf_reg[20][28]/D         1.001841       2.366524 r     -1.364683 (VIOLATED)
   rf_reg[21][28]/D         1.001841       2.366524 r     -1.364683 (VIOLATED)
   rf_reg[23][28]/D         1.001841       2.366524 r     -1.364683 (VIOLATED)
   rf_reg[24][28]/D         1.001841       2.366524 r     -1.364683 (VIOLATED)
   rf_reg[28][28]/D         1.001841       2.366524 r     -1.364683 (VIOLATED)
   rf_reg[29][28]/D         1.001841       2.366524 r     -1.364683 (VIOLATED)
   rf_reg[31][28]/D         1.001841       2.366524 r     -1.364683 (VIOLATED)
   rf_reg[26][28]/D         1.001841       2.366524 r     -1.364683 (VIOLATED)
   rf_reg[1][28]/D          1.001841       2.366501 r     -1.364660 (VIOLATED)
   rf_reg[3][28]/D          1.001841       2.366501 r     -1.364660 (VIOLATED)
   rf_reg[6][28]/D          1.001841       2.366501 r     -1.364660 (VIOLATED)
   rf_reg[4][28]/D          1.001841       2.366501 r     -1.364660 (VIOLATED)
   rf_reg[5][28]/D          1.001841       2.366501 r     -1.364660 (VIOLATED)
   rf_reg[7][28]/D          1.001841       2.366501 r     -1.364660 (VIOLATED)
   rf_reg[2][28]/D          1.001841       2.366501 r     -1.364659 (VIOLATED)
   rf_reg[11][23]/D         1.001841       2.366402 r     -1.364561 (VIOLATED)
   rf_reg[14][23]/D         1.001841       2.366402 r     -1.364561 (VIOLATED)
   rf_reg[8][23]/D          1.001841       2.366402 r     -1.364561 (VIOLATED)
   rf_reg[10][23]/D         1.001841       2.366402 r     -1.364561 (VIOLATED)
   rf_reg[12][23]/D         1.001841       2.366402 r     -1.364561 (VIOLATED)
   rf_reg[13][23]/D         1.001841       2.366402 r     -1.364561 (VIOLATED)
   rf_reg[15][23]/D         1.001841       2.366402 r     -1.364561 (VIOLATED)
   rf_reg[17][23]/D         1.001841       2.366402 r     -1.364561 (VIOLATED)
   rf_reg[19][23]/D         1.001841       2.366402 r     -1.364561 (VIOLATED)
   rf_reg[22][23]/D         1.001841       2.366402 r     -1.364561 (VIOLATED)
   rf_reg[25][23]/D         1.001841       2.366402 r     -1.364561 (VIOLATED)
   rf_reg[30][23]/D         1.001841       2.366402 r     -1.364561 (VIOLATED)
   rf_reg[16][23]/D         1.001841       2.366402 r     -1.364561 (VIOLATED)
   rf_reg[20][23]/D         1.001841       2.366402 r     -1.364561 (VIOLATED)
   rf_reg[21][23]/D         1.001841       2.366402 r     -1.364561 (VIOLATED)
   rf_reg[23][23]/D         1.001841       2.366402 r     -1.364561 (VIOLATED)
   rf_reg[24][23]/D         1.001841       2.366402 r     -1.364561 (VIOLATED)
   rf_reg[28][23]/D         1.001841       2.366402 r     -1.364561 (VIOLATED)
   rf_reg[29][23]/D         1.001841       2.366402 r     -1.364561 (VIOLATED)
   rf_reg[26][23]/D         1.001841       2.366402 r     -1.364560 (VIOLATED)
   rf_reg[1][23]/D          1.001841       2.366376 r     -1.364535 (VIOLATED)
   rf_reg[3][23]/D          1.001841       2.366376 r     -1.364535 (VIOLATED)
   rf_reg[6][23]/D          1.001841       2.366376 r     -1.364535 (VIOLATED)
   rf_reg[4][23]/D          1.001841       2.366376 r     -1.364535 (VIOLATED)
   rf_reg[5][23]/D          1.001841       2.366376 r     -1.364535 (VIOLATED)
   rf_reg[7][23]/D          1.001841       2.366376 r     -1.364535 (VIOLATED)
   rf_reg[2][23]/D          1.001841       2.366376 r     -1.364534 (VIOLATED)
   rf_reg[11][10]/D         1.001841       2.366366 r     -1.364525 (VIOLATED)
   rf_reg[14][10]/D         1.001841       2.366366 r     -1.364525 (VIOLATED)
   rf_reg[8][10]/D          1.001841       2.366366 r     -1.364525 (VIOLATED)
   rf_reg[10][10]/D         1.001841       2.366366 r     -1.364525 (VIOLATED)
   rf_reg[12][10]/D         1.001841       2.366366 r     -1.364525 (VIOLATED)
   rf_reg[13][10]/D         1.001841       2.366366 r     -1.364525 (VIOLATED)
   rf_reg[15][10]/D         1.001841       2.366366 r     -1.364525 (VIOLATED)
   rf_reg[17][10]/D         1.001841       2.366366 r     -1.364525 (VIOLATED)
   rf_reg[19][10]/D         1.001841       2.366366 r     -1.364525 (VIOLATED)
   rf_reg[22][10]/D         1.001841       2.366366 r     -1.364525 (VIOLATED)
   rf_reg[25][10]/D         1.001841       2.366366 r     -1.364525 (VIOLATED)
   rf_reg[30][10]/D         1.001841       2.366366 r     -1.364525 (VIOLATED)
   rf_reg[12][24]/D         1.001841       2.366366 r     -1.364525 (VIOLATED)
   rf_reg[13][24]/D         1.001841       2.366366 r     -1.364525 (VIOLATED)
   rf_reg[16][10]/D         1.001841       2.366366 r     -1.364525 (VIOLATED)
   rf_reg[20][10]/D         1.001841       2.366366 r     -1.364525 (VIOLATED)
   rf_reg[21][10]/D         1.001841       2.366366 r     -1.364525 (VIOLATED)
   rf_reg[23][10]/D         1.001841       2.366366 r     -1.364525 (VIOLATED)
   rf_reg[24][10]/D         1.001841       2.366366 r     -1.364525 (VIOLATED)
   rf_reg[28][10]/D         1.001841       2.366366 r     -1.364525 (VIOLATED)
   rf_reg[29][10]/D         1.001841       2.366366 r     -1.364525 (VIOLATED)
   rf_reg[26][10]/D         1.001841       2.366366 r     -1.364525 (VIOLATED)
   rf_reg[17][24]/D         1.001841       2.366365 r     -1.364524 (VIOLATED)
   rf_reg[22][24]/D         1.001841       2.366365 r     -1.364524 (VIOLATED)
   rf_reg[30][24]/D         1.001841       2.366365 r     -1.364524 (VIOLATED)
   rf_reg[21][24]/D         1.001841       2.366365 r     -1.364524 (VIOLATED)
   rf_reg[24][24]/D         1.001841       2.366365 r     -1.364524 (VIOLATED)
   rf_reg[26][24]/D         1.001841       2.366365 r     -1.364524 (VIOLATED)
   rf_reg[1][10]/D          1.001841       2.366340 r     -1.364499 (VIOLATED)
   rf_reg[3][10]/D          1.001841       2.366340 r     -1.364499 (VIOLATED)
   rf_reg[6][10]/D          1.001841       2.366340 r     -1.364499 (VIOLATED)
   rf_reg[4][10]/D          1.001841       2.366340 r     -1.364499 (VIOLATED)
   rf_reg[5][10]/D          1.001841       2.366340 r     -1.364499 (VIOLATED)
   rf_reg[7][10]/D          1.001841       2.366340 r     -1.364499 (VIOLATED)
   rf_reg[2][10]/D          1.001841       2.366340 r     -1.364499 (VIOLATED)
   rf_reg[3][24]/D          1.001841       2.366339 r     -1.364498 (VIOLATED)
   rf_reg[4][24]/D          1.001841       2.366339 r     -1.364498 (VIOLATED)
   rf_reg[7][24]/D          1.001841       2.366339 r     -1.364498 (VIOLATED)
   rf_reg[9][25]/D          1.001841       2.365952 r     -1.364112 (VIOLATED)
   rf_reg[27][25]/D         1.001841       2.365952 r     -1.364111 (VIOLATED)
   rf_reg[18][25]/D         1.001841       2.365952 r     -1.364111 (VIOLATED)
   rf_reg[11][14]/D         1.001841       2.364095 r     -1.362254 (VIOLATED)
   rf_reg[17][14]/D         1.001841       2.364094 r     -1.362254 (VIOLATED)
   rf_reg[20][14]/D         1.001841       2.364094 r     -1.362253 (VIOLATED)
   rf_reg[29][14]/D         1.001841       2.364094 r     -1.362253 (VIOLATED)
   rf_reg[7][14]/D          1.001841       2.364071 r     -1.362230 (VIOLATED)
   rf_reg[2][14]/D          1.001841       2.364071 r     -1.362230 (VIOLATED)
   rf_reg[9][21]/D          1.001841       2.363709 r     -1.361868 (VIOLATED)
   rf_reg[9][26]/D          1.001841       2.363709 r     -1.361868 (VIOLATED)
   rf_reg[27][21]/D         1.001841       2.363709 r     -1.361868 (VIOLATED)
   rf_reg[27][26]/D         1.001841       2.363709 r     -1.361868 (VIOLATED)
   rf_reg[18][21]/D         1.001841       2.363709 r     -1.361868 (VIOLATED)
   rf_reg[18][26]/D         1.001841       2.363709 r     -1.361868 (VIOLATED)
   rf_reg[31][0]/D          1.054369       2.415495 f     -1.361126 (VIOLATED)
   rf_reg[9][0]/D           1.054369       2.415128 f     -1.360759 (VIOLATED)
   rf_reg[11][0]/D          1.054369       2.415128 f     -1.360759 (VIOLATED)
   rf_reg[14][0]/D          1.054369       2.415128 f     -1.360759 (VIOLATED)
   rf_reg[19][0]/D          1.054369       2.415128 f     -1.360759 (VIOLATED)
   rf_reg[22][0]/D          1.054369       2.415128 f     -1.360759 (VIOLATED)
   rf_reg[25][0]/D          1.054369       2.415128 f     -1.360759 (VIOLATED)
   rf_reg[27][0]/D          1.054369       2.415128 f     -1.360759 (VIOLATED)
   rf_reg[1][0]/D           1.054370       2.415128 f     -1.360758 (VIOLATED)
   rf_reg[6][0]/D           1.054370       2.415128 f     -1.360758 (VIOLATED)
   rf_reg[8][0]/D           1.054369       2.415121 f     -1.360751 (VIOLATED)
   rf_reg[16][0]/D          1.054369       2.415121 f     -1.360751 (VIOLATED)
   rf_reg[24][0]/D          1.054369       2.415121 f     -1.360751 (VIOLATED)
   rf_reg[13][0]/D          1.054369       2.415120 f     -1.360750 (VIOLATED)
   rf_reg[15][0]/D          1.054369       2.415120 f     -1.360750 (VIOLATED)
   rf_reg[20][0]/D          1.054369       2.415120 f     -1.360750 (VIOLATED)
   rf_reg[23][0]/D          1.054369       2.415120 f     -1.360750 (VIOLATED)
   rf_reg[28][0]/D          1.054369       2.415120 f     -1.360750 (VIOLATED)
   rf_reg[29][0]/D          1.054369       2.415120 f     -1.360750 (VIOLATED)
   rf_reg[4][0]/D           1.054370       2.415120 f     -1.360749 (VIOLATED)
   rf_reg[5][0]/D           1.054370       2.415120 f     -1.360749 (VIOLATED)
   rf_reg[10][0]/D          1.054369       2.415115 f     -1.360746 (VIOLATED)
   rf_reg[18][0]/D          1.054369       2.415111 f     -1.360741 (VIOLATED)
   rf_reg[26][0]/D          1.054369       2.415111 f     -1.360741 (VIOLATED)
   rf_reg[2][0]/D           1.054370       2.415109 f     -1.360739 (VIOLATED)
   rf_reg[31][13]/D         1.001841       2.362066 r     -1.360225 (VIOLATED)
   rf_reg[11][13]/D         1.001841       2.361525 r     -1.359684 (VIOLATED)
   rf_reg[14][13]/D         1.001841       2.361525 r     -1.359684 (VIOLATED)
   rf_reg[8][13]/D          1.001841       2.361525 r     -1.359684 (VIOLATED)
   rf_reg[10][13]/D         1.001841       2.361525 r     -1.359684 (VIOLATED)
   rf_reg[12][13]/D         1.001841       2.361525 r     -1.359684 (VIOLATED)
   rf_reg[13][13]/D         1.001841       2.361525 r     -1.359684 (VIOLATED)
   rf_reg[15][13]/D         1.001841       2.361525 r     -1.359684 (VIOLATED)
   rf_reg[17][13]/D         1.001841       2.361525 r     -1.359684 (VIOLATED)
   rf_reg[19][13]/D         1.001841       2.361525 r     -1.359684 (VIOLATED)
   rf_reg[22][13]/D         1.001841       2.361525 r     -1.359684 (VIOLATED)
   rf_reg[25][13]/D         1.001841       2.361525 r     -1.359684 (VIOLATED)
   rf_reg[30][13]/D         1.001841       2.361525 r     -1.359684 (VIOLATED)
   rf_reg[16][13]/D         1.001841       2.361525 r     -1.359684 (VIOLATED)
   rf_reg[20][13]/D         1.001841       2.361525 r     -1.359684 (VIOLATED)
   rf_reg[21][13]/D         1.001841       2.361525 r     -1.359684 (VIOLATED)
   rf_reg[23][13]/D         1.001841       2.361525 r     -1.359684 (VIOLATED)
   rf_reg[24][13]/D         1.001841       2.361525 r     -1.359684 (VIOLATED)
   rf_reg[28][13]/D         1.001841       2.361525 r     -1.359684 (VIOLATED)
   rf_reg[29][13]/D         1.001841       2.361525 r     -1.359684 (VIOLATED)
   rf_reg[26][13]/D         1.001841       2.361525 r     -1.359683 (VIOLATED)
   rf_reg[1][13]/D          1.001841       2.361499 r     -1.359658 (VIOLATED)
   rf_reg[3][13]/D          1.001841       2.361499 r     -1.359658 (VIOLATED)
   rf_reg[6][13]/D          1.001841       2.361499 r     -1.359658 (VIOLATED)
   rf_reg[4][13]/D          1.001841       2.361499 r     -1.359658 (VIOLATED)
   rf_reg[5][13]/D          1.001841       2.361499 r     -1.359658 (VIOLATED)
   rf_reg[7][13]/D          1.001841       2.361499 r     -1.359658 (VIOLATED)
   rf_reg[2][13]/D          1.001841       2.361499 r     -1.359657 (VIOLATED)
   rf_reg[9][19]/D          1.001841       2.360009 r     -1.358168 (VIOLATED)
   rf_reg[11][19]/D         1.001841       2.360009 r     -1.358168 (VIOLATED)
   rf_reg[10][19]/D         1.001841       2.360009 r     -1.358168 (VIOLATED)
   rf_reg[15][19]/D         1.001841       2.360009 r     -1.358168 (VIOLATED)
   rf_reg[19][19]/D         1.001841       2.360008 r     -1.358167 (VIOLATED)
   rf_reg[25][19]/D         1.001841       2.360008 r     -1.358167 (VIOLATED)
   rf_reg[27][19]/D         1.001841       2.360008 r     -1.358167 (VIOLATED)
   rf_reg[16][19]/D         1.001841       2.360008 r     -1.358167 (VIOLATED)
   rf_reg[20][19]/D         1.001841       2.360008 r     -1.358167 (VIOLATED)
   rf_reg[28][19]/D         1.001841       2.360008 r     -1.358167 (VIOLATED)
   rf_reg[29][19]/D         1.001841       2.360008 r     -1.358167 (VIOLATED)
   rf_reg[18][19]/D         1.001841       2.360008 r     -1.358167 (VIOLATED)
   rf_reg[1][19]/D          1.001841       2.359982 r     -1.358141 (VIOLATED)
   rf_reg[6][19]/D          1.001841       2.359982 r     -1.358141 (VIOLATED)
   rf_reg[2][19]/D          1.001841       2.359982 r     -1.358141 (VIOLATED)
   rf_reg[31][19]/D         1.001841       2.359416 r     -1.357575 (VIOLATED)
   rf_reg[14][19]/D         1.001841       2.358875 r     -1.357034 (VIOLATED)
   rf_reg[8][19]/D          1.001841       2.358875 r     -1.357034 (VIOLATED)
   rf_reg[12][19]/D         1.001841       2.358875 r     -1.357034 (VIOLATED)
   rf_reg[13][19]/D         1.001841       2.358875 r     -1.357034 (VIOLATED)
   rf_reg[17][19]/D         1.001841       2.358875 r     -1.357034 (VIOLATED)
   rf_reg[22][19]/D         1.001841       2.358875 r     -1.357034 (VIOLATED)
   rf_reg[30][19]/D         1.001841       2.358875 r     -1.357034 (VIOLATED)
   rf_reg[21][19]/D         1.001841       2.358875 r     -1.357034 (VIOLATED)
   rf_reg[23][19]/D         1.001841       2.358875 r     -1.357034 (VIOLATED)
   rf_reg[24][19]/D         1.001841       2.358875 r     -1.357034 (VIOLATED)
   rf_reg[26][19]/D         1.001841       2.358875 r     -1.357034 (VIOLATED)
   rf_reg[3][19]/D          1.001841       2.358849 r     -1.357008 (VIOLATED)
   rf_reg[4][19]/D          1.001841       2.358849 r     -1.357008 (VIOLATED)
   rf_reg[5][19]/D          1.001841       2.358849 r     -1.357008 (VIOLATED)
   rf_reg[7][19]/D          1.001841       2.358849 r     -1.357008 (VIOLATED)
   rf_reg[9][5]/D           1.001841       2.356046 r     -1.354205 (VIOLATED)
   rf_reg[9][6]/D           1.001841       2.356046 r     -1.354205 (VIOLATED)
   rf_reg[27][5]/D          1.001841       2.356046 r     -1.354205 (VIOLATED)
   rf_reg[27][6]/D          1.001841       2.356046 r     -1.354205 (VIOLATED)
   rf_reg[18][5]/D          1.001841       2.356046 r     -1.354205 (VIOLATED)
   rf_reg[18][6]/D          1.001841       2.356046 r     -1.354205 (VIOLATED)
   rf_reg[9][1]/D           1.001841       2.356045 r     -1.354204 (VIOLATED)
   rf_reg[27][1]/D          1.001841       2.356045 r     -1.354204 (VIOLATED)
   rf_reg[18][1]/D          1.001841       2.356045 r     -1.354203 (VIOLATED)
   rf_reg[9][11]/D          1.001841       2.355940 r     -1.354099 (VIOLATED)
   rf_reg[9][18]/D          1.001841       2.355940 r     -1.354099 (VIOLATED)
   rf_reg[9][27]/D          1.001841       2.355940 r     -1.354099 (VIOLATED)
   rf_reg[27][11]/D         1.001841       2.355940 r     -1.354099 (VIOLATED)
   rf_reg[27][18]/D         1.001841       2.355940 r     -1.354099 (VIOLATED)
   rf_reg[27][27]/D         1.001841       2.355940 r     -1.354099 (VIOLATED)
   rf_reg[18][11]/D         1.001841       2.355940 r     -1.354099 (VIOLATED)
   rf_reg[18][18]/D         1.001841       2.355940 r     -1.354099 (VIOLATED)
   rf_reg[18][27]/D         1.001841       2.355940 r     -1.354099 (VIOLATED)
   rf_reg[9][3]/D           1.001841       2.355505 r     -1.353664 (VIOLATED)
   rf_reg[9][4]/D           1.001841       2.355505 r     -1.353664 (VIOLATED)
   rf_reg[27][3]/D          1.001841       2.355505 r     -1.353664 (VIOLATED)
   rf_reg[27][4]/D          1.001841       2.355505 r     -1.353664 (VIOLATED)
   rf_reg[18][3]/D          1.001841       2.355505 r     -1.353663 (VIOLATED)
   rf_reg[18][4]/D          1.001841       2.355505 r     -1.353663 (VIOLATED)
   rf_reg[9][12]/D          1.001841       2.355399 r     -1.353558 (VIOLATED)
   rf_reg[27][12]/D         1.001841       2.355399 r     -1.353558 (VIOLATED)
   rf_reg[18][12]/D         1.001841       2.355399 r     -1.353557 (VIOLATED)
   rf_reg[14][24]/D         1.001841       2.354499 r     -1.352658 (VIOLATED)
   rf_reg[8][24]/D          1.001841       2.354499 r     -1.352658 (VIOLATED)
   rf_reg[23][24]/D         1.001841       2.354498 r     -1.352657 (VIOLATED)
   rf_reg[5][24]/D          1.001841       2.354472 r     -1.352631 (VIOLATED)
   rf_reg[9][9]/D           1.001841       2.353315 r     -1.351474 (VIOLATED)
   rf_reg[27][9]/D          1.001841       2.353315 r     -1.351474 (VIOLATED)
   rf_reg[18][9]/D          1.001841       2.353315 r     -1.351474 (VIOLATED)
   rf_reg[9][8]/D           1.001841       2.353314 r     -1.351473 (VIOLATED)
   rf_reg[27][8]/D          1.001841       2.353314 r     -1.351473 (VIOLATED)
   rf_reg[18][8]/D          1.001841       2.353314 r     -1.351473 (VIOLATED)
   rf_reg[9][20]/D          1.001841       2.353273 r     -1.351432 (VIOLATED)
   rf_reg[27][20]/D         1.001841       2.353272 r     -1.351431 (VIOLATED)
   rf_reg[18][20]/D         1.001841       2.353272 r     -1.351431 (VIOLATED)
   rf_reg[9][28]/D          1.001841       2.352821 r     -1.350980 (VIOLATED)
   rf_reg[27][28]/D         1.001841       2.352821 r     -1.350980 (VIOLATED)
   rf_reg[18][28]/D         1.001841       2.352821 r     -1.350979 (VIOLATED)
   rf_reg[9][23]/D          1.001841       2.352749 r     -1.350908 (VIOLATED)
   rf_reg[27][23]/D         1.001841       2.352749 r     -1.350908 (VIOLATED)
   rf_reg[18][23]/D         1.001841       2.352749 r     -1.350908 (VIOLATED)
   rf_reg[9][10]/D          1.001841       2.352714 r     -1.350873 (VIOLATED)
   rf_reg[27][10]/D         1.001841       2.352713 r     -1.350872 (VIOLATED)
   rf_reg[18][10]/D         1.001841       2.352713 r     -1.350872 (VIOLATED)
   rf_reg[9][14]/D          1.001841       2.351126 r     -1.349285 (VIOLATED)
   rf_reg[14][14]/D         1.001841       2.351126 r     -1.349285 (VIOLATED)
   rf_reg[27][14]/D         1.001841       2.351125 r     -1.349285 (VIOLATED)
   rf_reg[18][14]/D         1.001841       2.351125 r     -1.349284 (VIOLATED)
   rf_reg[5][14]/D          1.001841       2.351102 r     -1.349261 (VIOLATED)
   rf_reg[9][13]/D          1.001841       2.347835 r     -1.345994 (VIOLATED)
   rf_reg[27][13]/D         1.001841       2.347835 r     -1.345994 (VIOLATED)
   rf_reg[18][13]/D         1.001841       2.347835 r     -1.345993 (VIOLATED)
   WriteData[21]            1.125000       2.458897 r     -1.333897 (VIOLATED)
   WriteData[22]            1.125000       2.458897 r     -1.333897 (VIOLATED)
   rf_reg[12][7]/D          1.001841       2.335603 r     -1.333762 (VIOLATED)
   rf_reg[17][7]/D          1.001841       2.335602 r     -1.333761 (VIOLATED)
   rf_reg[24][7]/D          1.001841       2.335602 r     -1.333761 (VIOLATED)
   rf_reg[26][7]/D          1.001841       2.335602 r     -1.333761 (VIOLATED)
   rf_reg[3][7]/D           1.001841       2.335576 r     -1.333735 (VIOLATED)
   rf_reg[7][7]/D           1.001841       2.335576 r     -1.333735 (VIOLATED)
   WriteData[8]             1.125000       2.456711 r     -1.331711 (VIOLATED)
   WriteData[9]             1.125000       2.456711 r     -1.331711 (VIOLATED)
   WriteData[13]            1.125000       2.456711 r     -1.331711 (VIOLATED)
   WriteData[16]            1.125000       2.451854 r     -1.326854 (VIOLATED)
   WriteData[18]            1.125000       2.451854 r     -1.326854 (VIOLATED)
   WriteData[24]            1.125000       2.451854 r     -1.326854 (VIOLATED)
   WriteData[25]            1.125000       2.451854 r     -1.326854 (VIOLATED)
   WriteData[27]            1.125000       2.451854 r     -1.326854 (VIOLATED)
   WriteData[31]            1.125000       2.451854 r     -1.326854 (VIOLATED)
   rf_reg[11][17]/D         1.001841       2.327756 r     -1.325915 (VIOLATED)
   WriteData[11]            1.125000       2.449165 r     -1.324165 (VIOLATED)
   WriteData[12]            1.125000       2.449165 r     -1.324165 (VIOLATED)
   WriteData[15]            1.125000       2.449165 r     -1.324165 (VIOLATED)
   WriteData[10]            1.125000       2.448983 r     -1.323983 (VIOLATED)
   WriteData[0]             1.125000       2.447573 r     -1.322573 (VIOLATED)
   WriteData[2]             1.125000       2.447573 r     -1.322573 (VIOLATED)
   WriteData[3]             1.125000       2.447573 r     -1.322573 (VIOLATED)
   WriteData[4]             1.125000       2.447573 r     -1.322573 (VIOLATED)
   WriteData[5]             1.125000       2.447573 r     -1.322573 (VIOLATED)
   WriteData[6]             1.125000       2.447573 r     -1.322573 (VIOLATED)
   rf_reg[31][7]/D          1.001841       2.323182 r     -1.321341 (VIOLATED)
   rf_reg[9][7]/D           1.001841       2.322641 r     -1.320800 (VIOLATED)
   rf_reg[11][7]/D          1.001841       2.322641 r     -1.320800 (VIOLATED)
   rf_reg[14][7]/D          1.001841       2.322641 r     -1.320800 (VIOLATED)
   rf_reg[8][7]/D           1.001841       2.322641 r     -1.320800 (VIOLATED)
   rf_reg[10][7]/D          1.001841       2.322641 r     -1.320800 (VIOLATED)
   rf_reg[13][7]/D          1.001841       2.322641 r     -1.320800 (VIOLATED)
   rf_reg[15][7]/D          1.001841       2.322641 r     -1.320800 (VIOLATED)
   rf_reg[19][7]/D          1.001841       2.322641 r     -1.320800 (VIOLATED)
   rf_reg[22][7]/D          1.001841       2.322641 r     -1.320800 (VIOLATED)
   rf_reg[25][7]/D          1.001841       2.322641 r     -1.320800 (VIOLATED)
   rf_reg[27][7]/D          1.001841       2.322641 r     -1.320800 (VIOLATED)
   rf_reg[30][7]/D          1.001841       2.322641 r     -1.320800 (VIOLATED)
   rf_reg[16][7]/D          1.001841       2.322641 r     -1.320800 (VIOLATED)
   rf_reg[20][7]/D          1.001841       2.322641 r     -1.320800 (VIOLATED)
   rf_reg[21][7]/D          1.001841       2.322641 r     -1.320800 (VIOLATED)
   rf_reg[23][7]/D          1.001841       2.322641 r     -1.320800 (VIOLATED)
   rf_reg[28][7]/D          1.001841       2.322641 r     -1.320800 (VIOLATED)
   rf_reg[29][7]/D          1.001841       2.322641 r     -1.320800 (VIOLATED)
   rf_reg[18][7]/D          1.001841       2.322641 r     -1.320799 (VIOLATED)
   rf_reg[1][7]/D           1.001841       2.322615 r     -1.320774 (VIOLATED)
   rf_reg[6][7]/D           1.001841       2.322615 r     -1.320774 (VIOLATED)
   rf_reg[4][7]/D           1.001841       2.322615 r     -1.320774 (VIOLATED)
   rf_reg[5][7]/D           1.001841       2.322615 r     -1.320774 (VIOLATED)
   rf_reg[2][7]/D           1.001841       2.322615 r     -1.320773 (VIOLATED)
   WriteData[1]             1.125000       2.423175 f     -1.298175 (VIOLATED)
   WriteData[7]             1.125000       2.423175 f     -1.298175 (VIOLATED)
   rf_reg[11][30]/D         1.001841       2.296375 r     -1.294534 (VIOLATED)
   rf_reg[14][30]/D         1.001841       2.296375 r     -1.294534 (VIOLATED)
   rf_reg[8][30]/D          1.001841       2.296375 r     -1.294534 (VIOLATED)
   rf_reg[10][30]/D         1.001841       2.296375 r     -1.294534 (VIOLATED)
   rf_reg[12][30]/D         1.001841       2.296375 r     -1.294534 (VIOLATED)
   rf_reg[13][30]/D         1.001841       2.296375 r     -1.294534 (VIOLATED)
   rf_reg[15][30]/D         1.001841       2.296375 r     -1.294534 (VIOLATED)
   rf_reg[17][30]/D         1.001841       2.296374 r     -1.294533 (VIOLATED)
   rf_reg[19][30]/D         1.001841       2.296374 r     -1.294533 (VIOLATED)
   rf_reg[22][30]/D         1.001841       2.296374 r     -1.294533 (VIOLATED)
   rf_reg[25][30]/D         1.001841       2.296374 r     -1.294533 (VIOLATED)
   rf_reg[30][30]/D         1.001841       2.296374 r     -1.294533 (VIOLATED)
   rf_reg[16][30]/D         1.001841       2.296374 r     -1.294533 (VIOLATED)
   rf_reg[20][30]/D         1.001841       2.296374 r     -1.294533 (VIOLATED)
   rf_reg[21][30]/D         1.001841       2.296374 r     -1.294533 (VIOLATED)
   rf_reg[23][30]/D         1.001841       2.296374 r     -1.294533 (VIOLATED)
   rf_reg[24][30]/D         1.001841       2.296374 r     -1.294533 (VIOLATED)
   rf_reg[28][30]/D         1.001841       2.296374 r     -1.294533 (VIOLATED)
   rf_reg[29][30]/D         1.001841       2.296374 r     -1.294533 (VIOLATED)
   rf_reg[31][30]/D         1.001841       2.296374 r     -1.294533 (VIOLATED)
   rf_reg[26][30]/D         1.001841       2.296374 r     -1.294533 (VIOLATED)
   rf_reg[1][30]/D          1.001841       2.296351 r     -1.294510 (VIOLATED)
   rf_reg[3][30]/D          1.001841       2.296351 r     -1.294510 (VIOLATED)
   rf_reg[6][30]/D          1.001841       2.296351 r     -1.294510 (VIOLATED)
   rf_reg[4][30]/D          1.001841       2.296351 r     -1.294510 (VIOLATED)
   rf_reg[5][30]/D          1.001841       2.296351 r     -1.294510 (VIOLATED)
   rf_reg[7][30]/D          1.001841       2.296351 r     -1.294510 (VIOLATED)
   rf_reg[2][30]/D          1.001841       2.296351 r     -1.294510 (VIOLATED)
   rf_reg[9][30]/D          1.001841       2.282705 r     -1.280864 (VIOLATED)
   rf_reg[27][30]/D         1.001841       2.282705 r     -1.280864 (VIOLATED)
   rf_reg[18][30]/D         1.001841       2.282705 r     -1.280863 (VIOLATED)
   WriteData[19]            1.125000       2.396118 r     -1.271118 (VIOLATED)
   WriteData[28]            1.125000       2.396118 r     -1.271118 (VIOLATED)
   WriteData[30]            1.125000       2.396118 r     -1.271118 (VIOLATED)
   WriteData[14]            1.125000       2.377616 f     -1.252616 (VIOLATED)
   rf_reg[9][2]/D           1.054369       2.306166 f     -1.251797 (VIOLATED)
   WriteData[17]            1.125000       2.370444 r     -1.245444 (VIOLATED)
   WriteData[20]            1.125000       2.370444 r     -1.245444 (VIOLATED)
   WriteData[23]            1.125000       2.370444 r     -1.245444 (VIOLATED)
   WriteData[26]            1.125000       2.370075 r     -1.245075 (VIOLATED)
   WriteData[29]            1.125000       2.370075 r     -1.245075 (VIOLATED)
   q_reg[0]/D               0.971515       2.145457 r     -1.173941 (VIOLATED)
   ALUResult[0]             1.125000       2.056633 r     -0.931633 (VIOLATED)
   ALUResult[1]             1.125000       1.882099 r     -0.757099 (VIOLATED)
   ALUResult[31]            1.125000       1.876522 r     -0.751522 (VIOLATED)
   ALUResult[30]            1.125000       1.861302 r     -0.736302 (VIOLATED)
   ALUResult[24]            1.125000       1.842174 f     -0.717174 (VIOLATED)
   ALUResult[18]            1.125000       1.837518 r     -0.712518 (VIOLATED)
   ALUResult[28]            1.125000       1.833422 f     -0.708422 (VIOLATED)
   ALUResult[29]            1.125000       1.828509 r     -0.703509 (VIOLATED)
   ALUResult[25]            1.125000       1.821095 r     -0.696095 (VIOLATED)
   ALUResult[17]            1.125000       1.812720 r     -0.687720 (VIOLATED)
   ALUResult[20]            1.125000       1.808008 r     -0.683008 (VIOLATED)
   ALUResult[22]            1.125000       1.789532 f     -0.664532 (VIOLATED)
   ALUResult[26]            1.125000       1.789116 r     -0.664116 (VIOLATED)
   ALUResult[23]            1.125000       1.786651 r     -0.661651 (VIOLATED)
   ALUResult[27]            1.125000       1.783470 r     -0.658470 (VIOLATED)
   ALUResult[19]            1.125000       1.775968 r     -0.650968 (VIOLATED)
   ALUResult[15]            1.125000       1.773033 r     -0.648033 (VIOLATED)
   ALUResult[12]            1.125000       1.772579 r     -0.647579 (VIOLATED)
   ALUResult[4]             1.125000       1.769855 r     -0.644855 (VIOLATED)
   ALUResult[14]            1.125000       1.764180 r     -0.639180 (VIOLATED)
   ALUResult[13]            1.125000       1.758896 r     -0.633896 (VIOLATED)
   ALUResult[16]            1.125000       1.758476 r     -0.633476 (VIOLATED)
   ALUResult[21]            1.125000       1.756522 f     -0.631522 (VIOLATED)
   ALUResult[10]            1.125000       1.748901 f     -0.623901 (VIOLATED)
   ALUResult[2]             1.125000       1.748264 r     -0.623264 (VIOLATED)
   ALUResult[8]             1.125000       1.727875 r     -0.602875 (VIOLATED)
   ALUResult[9]             1.125000       1.716235 r     -0.591235 (VIOLATED)
   ALUResult[3]             1.125000       1.698678 r     -0.573678 (VIOLATED)
   ALUResult[7]             1.125000       1.697072 r     -0.572072 (VIOLATED)
   ALUResult[6]             1.125000       1.689667 r     -0.564667 (VIOLATED)
   ALUResult[11]            1.125000       1.681471 f     -0.556471 (VIOLATED)
   ALUResult[5]             1.125000       1.653496 r     -0.528496 (VIOLATED)


   max_leakage_power

                             Required        Actual
   Design                   Leakage Power  Leakage Power     Slack
   -----------------------------------------------------------------
   riscvsingle              0.000000       87170.273438   -87170.273438
                                                                    (VIOLATED)


1
