Warning: There are infeasible paths detected in your design that were ignored during optimization. Please run 'report_timing -attributes' and/or 'create_qor_snapshot/query_qor_snapshot -infeasible_paths' to identify these paths.  (OPT-1721)
Information: Updating design information... (UID-85)
Information: Timing loop detected. (OPT-150)
	q_reg[31]/QN q_reg[31]/Q 
Information: Timing loop detected. (OPT-150)
	q_reg[31]/QN q_reg[31]/Q 
Warning: Disabling timing arc between pins 'Q' and 'QN' on cell 'q_reg[31]'
         to break a timing loop. (OPT-314)
Warning: Disabling timing arc between pins 'Q' and 'QN' on cell 'q_reg[31]'
         to break a timing loop. (OPT-314)
Warning: Disabling timing arc between pins 'Q' and 'QN' on cell 'q_reg[30]'
         to break a timing loop. (OPT-314)
Warning: Disabling timing arc between pins 'Q' and 'QN' on cell 'q_reg[30]'
         to break a timing loop. (OPT-314)
Warning: Disabling timing arc between pins 'Q' and 'QN' on cell 'q_reg[29]'
         to break a timing loop. (OPT-314)
Warning: Disabling timing arc between pins 'Q' and 'QN' on cell 'q_reg[29]'
         to break a timing loop. (OPT-314)
Warning: Disabling timing arc between pins 'Q' and 'QN' on cell 'q_reg[28]'
         to break a timing loop. (OPT-314)
Warning: Disabling timing arc between pins 'Q' and 'QN' on cell 'q_reg[28]'
         to break a timing loop. (OPT-314)
Warning: Disabling timing arc between pins 'Q' and 'QN' on cell 'q_reg[27]'
         to break a timing loop. (OPT-314)
Warning: Disabling timing arc between pins 'Q' and 'QN' on cell 'q_reg[27]'
         to break a timing loop. (OPT-314)
Warning: Disabling timing arc between pins 'Q' and 'QN' on cell 'q_reg[26]'
         to break a timing loop. (OPT-314)
Warning: Disabling timing arc between pins 'Q' and 'QN' on cell 'q_reg[26]'
         to break a timing loop. (OPT-314)
Warning: Disabling timing arc between pins 'Q' and 'QN' on cell 'q_reg[25]'
         to break a timing loop. (OPT-314)
Warning: Disabling timing arc between pins 'Q' and 'QN' on cell 'q_reg[25]'
         to break a timing loop. (OPT-314)
Warning: Disabling timing arc between pins 'Q' and 'QN' on cell 'q_reg[24]'
         to break a timing loop. (OPT-314)
Warning: Disabling timing arc between pins 'Q' and 'QN' on cell 'q_reg[24]'
         to break a timing loop. (OPT-314)
Warning: Disabling timing arc between pins 'Q' and 'QN' on cell 'q_reg[23]'
         to break a timing loop. (OPT-314)
Warning: Disabling timing arc between pins 'Q' and 'QN' on cell 'q_reg[23]'
         to break a timing loop. (OPT-314)
Warning: Disabling timing arc between pins 'Q' and 'QN' on cell 'q_reg[22]'
         to break a timing loop. (OPT-314)
Warning: Disabling timing arc between pins 'Q' and 'QN' on cell 'q_reg[22]'
         to break a timing loop. (OPT-314)
Warning: Disabling timing arc between pins 'Q' and 'QN' on cell 'q_reg[21]'
         to break a timing loop. (OPT-314)
Warning: Disabling timing arc between pins 'Q' and 'QN' on cell 'q_reg[21]'
         to break a timing loop. (OPT-314)
Warning: Disabling timing arc between pins 'Q' and 'QN' on cell 'q_reg[20]'
         to break a timing loop. (OPT-314)
Warning: Disabling timing arc between pins 'Q' and 'QN' on cell 'q_reg[20]'
         to break a timing loop. (OPT-314)
Warning: Disabling timing arc between pins 'Q' and 'QN' on cell 'q_reg[19]'
         to break a timing loop. (OPT-314)
Warning: Disabling timing arc between pins 'Q' and 'QN' on cell 'q_reg[19]'
         to break a timing loop. (OPT-314)
Warning: Disabling timing arc between pins 'Q' and 'QN' on cell 'q_reg[18]'
         to break a timing loop. (OPT-314)
Warning: Disabling timing arc between pins 'Q' and 'QN' on cell 'q_reg[18]'
         to break a timing loop. (OPT-314)
Warning: Disabling timing arc between pins 'Q' and 'QN' on cell 'q_reg[17]'
         to break a timing loop. (OPT-314)
Warning: Disabling timing arc between pins 'Q' and 'QN' on cell 'q_reg[17]'
         to break a timing loop. (OPT-314)
Warning: Disabling timing arc between pins 'Q' and 'QN' on cell 'q_reg[16]'
         to break a timing loop. (OPT-314)
Warning: Disabling timing arc between pins 'Q' and 'QN' on cell 'q_reg[16]'
         to break a timing loop. (OPT-314)
Warning: Disabling timing arc between pins 'Q' and 'QN' on cell 'q_reg[15]1'
         to break a timing loop. (OPT-314)
Warning: Disabling timing arc between pins 'Q' and 'QN' on cell 'q_reg[15]1'
         to break a timing loop. (OPT-314)
Warning: Disabling timing arc between pins 'Q' and 'QN' on cell 'q_reg[14]1'
         to break a timing loop. (OPT-314)
Warning: Disabling timing arc between pins 'Q' and 'QN' on cell 'q_reg[14]1'
         to break a timing loop. (OPT-314)
Warning: Disabling timing arc between pins 'Q' and 'QN' on cell 'q_reg[13]1'
         to break a timing loop. (OPT-314)
Warning: Disabling timing arc between pins 'Q' and 'QN' on cell 'q_reg[13]1'
         to break a timing loop. (OPT-314)
Warning: Disabling timing arc between pins 'Q' and 'QN' on cell 'q_reg[12]1'
         to break a timing loop. (OPT-314)
Warning: Disabling timing arc between pins 'Q' and 'QN' on cell 'q_reg[12]1'
         to break a timing loop. (OPT-314)
Warning: Disabling timing arc between pins 'Q' and 'QN' on cell 'q_reg[11]1'
         to break a timing loop. (OPT-314)
Warning: Disabling timing arc between pins 'Q' and 'QN' on cell 'q_reg[11]1'
         to break a timing loop. (OPT-314)
Warning: Disabling timing arc between pins 'Q' and 'QN' on cell 'q_reg[10]1'
         to break a timing loop. (OPT-314)
Warning: Disabling timing arc between pins 'Q' and 'QN' on cell 'q_reg[10]1'
         to break a timing loop. (OPT-314)
Warning: Disabling timing arc between pins 'Q' and 'QN' on cell 'q_reg[9]1'
         to break a timing loop. (OPT-314)
Warning: Disabling timing arc between pins 'Q' and 'QN' on cell 'q_reg[9]1'
         to break a timing loop. (OPT-314)
Warning: Disabling timing arc between pins 'Q' and 'QN' on cell 'q_reg[8]2'
         to break a timing loop. (OPT-314)
Warning: Disabling timing arc between pins 'Q' and 'QN' on cell 'q_reg[8]2'
         to break a timing loop. (OPT-314)
Warning: Disabling timing arc between pins 'Q' and 'QN' on cell 'q_reg[7]2'
         to break a timing loop. (OPT-314)
Warning: Disabling timing arc between pins 'Q' and 'QN' on cell 'q_reg[7]2'
         to break a timing loop. (OPT-314)
Warning: Disabling timing arc between pins 'Q' and 'QN' on cell 'q_reg[6]2'
         to break a timing loop. (OPT-314)
Warning: Disabling timing arc between pins 'Q' and 'QN' on cell 'q_reg[6]2'
         to break a timing loop. (OPT-314)
Warning: Disabling timing arc between pins 'Q' and 'QN' on cell 'q_reg[5]2'
         to break a timing loop. (OPT-314)
Warning: Disabling timing arc between pins 'Q' and 'QN' on cell 'q_reg[5]2'
         to break a timing loop. (OPT-314)
Warning: Disabling timing arc between pins 'Q' and 'QN' on cell 'q_reg[4]2'
         to break a timing loop. (OPT-314)
Warning: Disabling timing arc between pins 'Q' and 'QN' on cell 'q_reg[4]2'
         to break a timing loop. (OPT-314)
Warning: Disabling timing arc between pins 'Q' and 'QN' on cell 'q_reg[3]2'
         to break a timing loop. (OPT-314)
Warning: Disabling timing arc between pins 'Q' and 'QN' on cell 'q_reg[3]2'
         to break a timing loop. (OPT-314)
Warning: Disabling timing arc between pins 'Q' and 'QN' on cell 'q_reg[2]3'
         to break a timing loop. (OPT-314)
Warning: Disabling timing arc between pins 'Q' and 'QN' on cell 'q_reg[2]3'
         to break a timing loop. (OPT-314)
Warning: Disabling timing arc between pins 'Q' and 'QN' on cell 'q_reg[1]3'
         to break a timing loop. (OPT-314)
Warning: Disabling timing arc between pins 'Q' and 'QN' on cell 'q_reg[1]3'
         to break a timing loop. (OPT-314)
Warning: Disabling timing arc between pins 'Q' and 'QN' on cell 'q_reg[0]3'
         to break a timing loop. (OPT-314)
Warning: Disabling timing arc between pins 'Q' and 'QN' on cell 'q_reg[0]3'
         to break a timing loop. (OPT-314)
Warning: Disabling timing arc between pins 'Q' and 'QN' on cell 'q_reg[5]1'
         to break a timing loop. (OPT-314)
Warning: Disabling timing arc between pins 'Q' and 'QN' on cell 'q_reg[5]1'
         to break a timing loop. (OPT-314)
Warning: Disabling timing arc between pins 'Q' and 'QN' on cell 'q_reg[132]1'
         to break a timing loop. (OPT-314)
Warning: Disabling timing arc between pins 'Q' and 'QN' on cell 'q_reg[132]1'
         to break a timing loop. (OPT-314)
Warning: Disabling timing arc between pins 'Q' and 'QN' on cell 'q_reg[131]1'
         to break a timing loop. (OPT-314)
Warning: Disabling timing arc between pins 'Q' and 'QN' on cell 'q_reg[131]1'
         to break a timing loop. (OPT-314)
Warning: Disabling timing arc between pins 'Q' and 'QN' on cell 'q_reg[130]1'
         to break a timing loop. (OPT-314)
Warning: Disabling timing arc between pins 'Q' and 'QN' on cell 'q_reg[130]1'
         to break a timing loop. (OPT-314)
Warning: Disabling timing arc between pins 'Q' and 'QN' on cell 'q_reg[129]1'
         to break a timing loop. (OPT-314)
Warning: Disabling timing arc between pins 'Q' and 'QN' on cell 'q_reg[129]1'
         to break a timing loop. (OPT-314)
Warning: Disabling timing arc between pins 'Q' and 'QN' on cell 'q_reg[128]1'
         to break a timing loop. (OPT-314)
Warning: Disabling timing arc between pins 'Q' and 'QN' on cell 'q_reg[128]1'
         to break a timing loop. (OPT-314)
Warning: Disabling timing arc between pins 'Q' and 'QN' on cell 'q_reg[127]1'
         to break a timing loop. (OPT-314)
Warning: Disabling timing arc between pins 'Q' and 'QN' on cell 'q_reg[127]1'
         to break a timing loop. (OPT-314)
Warning: Disabling timing arc between pins 'Q' and 'QN' on cell 'q_reg[126]1'
         to break a timing loop. (OPT-314)
Warning: Disabling timing arc between pins 'Q' and 'QN' on cell 'q_reg[126]1'
         to break a timing loop. (OPT-314)
Warning: Disabling timing arc between pins 'Q' and 'QN' on cell 'q_reg[125]1'
         to break a timing loop. (OPT-314)
Warning: Disabling timing arc between pins 'Q' and 'QN' on cell 'q_reg[125]1'
         to break a timing loop. (OPT-314)
Warning: Disabling timing arc between pins 'Q' and 'QN' on cell 'q_reg[124]1'
         to break a timing loop. (OPT-314)
Warning: Disabling timing arc between pins 'Q' and 'QN' on cell 'q_reg[124]1'
         to break a timing loop. (OPT-314)
Warning: Disabling timing arc between pins 'Q' and 'QN' on cell 'q_reg[123]1'
         to break a timing loop. (OPT-314)
Warning: Disabling timing arc between pins 'Q' and 'QN' on cell 'q_reg[123]1'
         to break a timing loop. (OPT-314)
Warning: Disabling timing arc between pins 'Q' and 'QN' on cell 'q_reg[122]1'
         to break a timing loop. (OPT-314)
Warning: Disabling timing arc between pins 'Q' and 'QN' on cell 'q_reg[122]1'
         to break a timing loop. (OPT-314)
Warning: Disabling timing arc between pins 'Q' and 'QN' on cell 'q_reg[121]1'
         to break a timing loop. (OPT-314)
Warning: Disabling timing arc between pins 'Q' and 'QN' on cell 'q_reg[121]1'
         to break a timing loop. (OPT-314)
Warning: Disabling timing arc between pins 'Q' and 'QN' on cell 'q_reg[120]1'
         to break a timing loop. (OPT-314)
Warning: Disabling timing arc between pins 'Q' and 'QN' on cell 'q_reg[120]1'
         to break a timing loop. (OPT-314)
Warning: Disabling timing arc between pins 'Q' and 'QN' on cell 'q_reg[119]1'
         to break a timing loop. (OPT-314)
Warning: Disabling timing arc between pins 'Q' and 'QN' on cell 'q_reg[119]1'
         to break a timing loop. (OPT-314)
Warning: Disabling timing arc between pins 'Q' and 'QN' on cell 'q_reg[118]1'
         to break a timing loop. (OPT-314)
Warning: Disabling timing arc between pins 'Q' and 'QN' on cell 'q_reg[118]1'
         to break a timing loop. (OPT-314)
Warning: Disabling timing arc between pins 'Q' and 'QN' on cell 'q_reg[117]1'
         to break a timing loop. (OPT-314)
Warning: Disabling timing arc between pins 'Q' and 'QN' on cell 'q_reg[117]1'
         to break a timing loop. (OPT-314)
Warning: Disabling timing arc between pins 'Q' and 'QN' on cell 'q_reg[116]1'
         to break a timing loop. (OPT-314)
Warning: Disabling timing arc between pins 'Q' and 'QN' on cell 'q_reg[116]1'
         to break a timing loop. (OPT-314)
Warning: Disabling timing arc between pins 'Q' and 'QN' on cell 'q_reg[115]1'
         to break a timing loop. (OPT-314)
Warning: Disabling timing arc between pins 'Q' and 'QN' on cell 'q_reg[115]1'
         to break a timing loop. (OPT-314)
Warning: Disabling timing arc between pins 'Q' and 'QN' on cell 'q_reg[114]1'
         to break a timing loop. (OPT-314)
Warning: Disabling timing arc between pins 'Q' and 'QN' on cell 'q_reg[114]1'
         to break a timing loop. (OPT-314)
Warning: Disabling timing arc between pins 'Q' and 'QN' on cell 'q_reg[113]1'
         to break a timing loop. (OPT-314)
Warning: Disabling timing arc between pins 'Q' and 'QN' on cell 'q_reg[113]1'
         to break a timing loop. (OPT-314)
Warning: Disabling timing arc between pins 'Q' and 'QN' on cell 'q_reg[112]1'
         to break a timing loop. (OPT-314)
Warning: Disabling timing arc between pins 'Q' and 'QN' on cell 'q_reg[112]1'
         to break a timing loop. (OPT-314)
Warning: Disabling timing arc between pins 'Q' and 'QN' on cell 'q_reg[111]1'
         to break a timing loop. (OPT-314)
Warning: Disabling timing arc between pins 'Q' and 'QN' on cell 'q_reg[111]1'
         to break a timing loop. (OPT-314)
Warning: Disabling timing arc between pins 'Q' and 'QN' on cell 'q_reg[110]1'
         to break a timing loop. (OPT-314)
Warning: Disabling timing arc between pins 'Q' and 'QN' on cell 'q_reg[110]1'
         to break a timing loop. (OPT-314)
Warning: Disabling timing arc between pins 'Q' and 'QN' on cell 'q_reg[109]1'
         to break a timing loop. (OPT-314)
Warning: Disabling timing arc between pins 'Q' and 'QN' on cell 'q_reg[109]1'
         to break a timing loop. (OPT-314)
Warning: Disabling timing arc between pins 'Q' and 'QN' on cell 'q_reg[108]1'
         to break a timing loop. (OPT-314)
Warning: Disabling timing arc between pins 'Q' and 'QN' on cell 'q_reg[108]1'
         to break a timing loop. (OPT-314)
Warning: Disabling timing arc between pins 'Q' and 'QN' on cell 'q_reg[107]1'
         to break a timing loop. (OPT-314)
Warning: Disabling timing arc between pins 'Q' and 'QN' on cell 'q_reg[107]1'
         to break a timing loop. (OPT-314)
Warning: Disabling timing arc between pins 'Q' and 'QN' on cell 'q_reg[106]1'
         to break a timing loop. (OPT-314)
Warning: Disabling timing arc between pins 'Q' and 'QN' on cell 'q_reg[106]1'
         to break a timing loop. (OPT-314)
Warning: Disabling timing arc between pins 'Q' and 'QN' on cell 'q_reg[105]1'
         to break a timing loop. (OPT-314)
Warning: Disabling timing arc between pins 'Q' and 'QN' on cell 'q_reg[105]1'
         to break a timing loop. (OPT-314)
Warning: Disabling timing arc between pins 'Q' and 'QN' on cell 'q_reg[104]1'
         to break a timing loop. (OPT-314)
Warning: Disabling timing arc between pins 'Q' and 'QN' on cell 'q_reg[104]1'
         to break a timing loop. (OPT-314)
Warning: Disabling timing arc between pins 'Q' and 'QN' on cell 'q_reg[103]1'
         to break a timing loop. (OPT-314)
Warning: Disabling timing arc between pins 'Q' and 'QN' on cell 'q_reg[103]1'
         to break a timing loop. (OPT-314)
Warning: Disabling timing arc between pins 'Q' and 'QN' on cell 'q_reg[102]1'
         to break a timing loop. (OPT-314)
Warning: Disabling timing arc between pins 'Q' and 'QN' on cell 'q_reg[102]1'
         to break a timing loop. (OPT-314)
Warning: Disabling timing arc between pins 'Q' and 'QN' on cell 'q_reg[101]1'
         to break a timing loop. (OPT-314)
Warning: Disabling timing arc between pins 'Q' and 'QN' on cell 'q_reg[101]1'
         to break a timing loop. (OPT-314)
Warning: Disabling timing arc between pins 'Q' and 'QN' on cell 'q_reg[1]1'
         to break a timing loop. (OPT-314)
Warning: Disabling timing arc between pins 'Q' and 'QN' on cell 'q_reg[1]1'
         to break a timing loop. (OPT-314)
Warning: Disabling timing arc between pins 'Q' and 'QN' on cell 'q_reg[0]1'
         to break a timing loop. (OPT-314)
Warning: Disabling timing arc between pins 'Q' and 'QN' on cell 'q_reg[0]1'
         to break a timing loop. (OPT-314)
Warning: Disabling timing arc between pins 'Q' and 'QN' on cell 'q_reg[100]1'
         to break a timing loop. (OPT-314)
Warning: Disabling timing arc between pins 'Q' and 'QN' on cell 'q_reg[100]1'
         to break a timing loop. (OPT-314)
Warning: Disabling timing arc between pins 'Q' and 'QN' on cell 'q_reg[84]2'
         to break a timing loop. (OPT-314)
Warning: Disabling timing arc between pins 'Q' and 'QN' on cell 'q_reg[84]2'
         to break a timing loop. (OPT-314)
Warning: Disabling timing arc between pins 'Q' and 'QN' on cell 'q_reg[76]2'
         to break a timing loop. (OPT-314)
Warning: Disabling timing arc between pins 'Q' and 'QN' on cell 'q_reg[76]2'
         to break a timing loop. (OPT-314)
Warning: Disabling timing arc between pins 'Q' and 'QN' on cell 'q_reg[99]1'
         to break a timing loop. (OPT-314)
Warning: Disabling timing arc between pins 'Q' and 'QN' on cell 'q_reg[99]1'
         to break a timing loop. (OPT-314)
Warning: Disabling timing arc between pins 'Q' and 'QN' on cell 'q_reg[83]2'
         to break a timing loop. (OPT-314)
Warning: Disabling timing arc between pins 'Q' and 'QN' on cell 'q_reg[83]2'
         to break a timing loop. (OPT-314)
Warning: Disabling timing arc between pins 'Q' and 'QN' on cell 'q_reg[75]2'
         to break a timing loop. (OPT-314)
Warning: Disabling timing arc between pins 'Q' and 'QN' on cell 'q_reg[75]2'
         to break a timing loop. (OPT-314)
Warning: Disabling timing arc between pins 'Q' and 'QN' on cell 'q_reg[98]1'
         to break a timing loop. (OPT-314)
Warning: Disabling timing arc between pins 'Q' and 'QN' on cell 'q_reg[98]1'
         to break a timing loop. (OPT-314)
Warning: Disabling timing arc between pins 'Q' and 'QN' on cell 'q_reg[82]2'
         to break a timing loop. (OPT-314)
Warning: Disabling timing arc between pins 'Q' and 'QN' on cell 'q_reg[82]2'
         to break a timing loop. (OPT-314)
Warning: Disabling timing arc between pins 'Q' and 'QN' on cell 'q_reg[74]2'
         to break a timing loop. (OPT-314)
Warning: Disabling timing arc between pins 'Q' and 'QN' on cell 'q_reg[74]2'
         to break a timing loop. (OPT-314)
Warning: Disabling timing arc between pins 'Q' and 'QN' on cell 'q_reg[97]1'
         to break a timing loop. (OPT-314)
Warning: Disabling timing arc between pins 'Q' and 'QN' on cell 'q_reg[97]1'
         to break a timing loop. (OPT-314)
Warning: Disabling timing arc between pins 'Q' and 'QN' on cell 'q_reg[81]2'
         to break a timing loop. (OPT-314)
Warning: Disabling timing arc between pins 'Q' and 'QN' on cell 'q_reg[81]2'
         to break a timing loop. (OPT-314)
Warning: Disabling timing arc between pins 'Q' and 'QN' on cell 'q_reg[73]2'
         to break a timing loop. (OPT-314)
Warning: Disabling timing arc between pins 'Q' and 'QN' on cell 'q_reg[73]2'
         to break a timing loop. (OPT-314)
Warning: Disabling timing arc between pins 'Q' and 'QN' on cell 'q_reg[96]1'
         to break a timing loop. (OPT-314)
Warning: Disabling timing arc between pins 'Q' and 'QN' on cell 'q_reg[96]1'
         to break a timing loop. (OPT-314)
Warning: Disabling timing arc between pins 'Q' and 'QN' on cell 'q_reg[80]2'
         to break a timing loop. (OPT-314)
Warning: Disabling timing arc between pins 'Q' and 'QN' on cell 'q_reg[80]2'
         to break a timing loop. (OPT-314)
Warning: Disabling timing arc between pins 'Q' and 'QN' on cell 'q_reg[72]2'
         to break a timing loop. (OPT-314)
Warning: Disabling timing arc between pins 'Q' and 'QN' on cell 'q_reg[72]2'
         to break a timing loop. (OPT-314)
Warning: Disabling timing arc between pins 'Q' and 'QN' on cell 'q_reg[95]2'
         to break a timing loop. (OPT-314)
Warning: Disabling timing arc between pins 'Q' and 'QN' on cell 'q_reg[95]2'
         to break a timing loop. (OPT-314)
Warning: Disabling timing arc between pins 'Q' and 'QN' on cell 'q_reg[79]2'
         to break a timing loop. (OPT-314)
Warning: Disabling timing arc between pins 'Q' and 'QN' on cell 'q_reg[79]2'
         to break a timing loop. (OPT-314)
Warning: Disabling timing arc between pins 'Q' and 'QN' on cell 'q_reg[71]2'
         to break a timing loop. (OPT-314)
Warning: Disabling timing arc between pins 'Q' and 'QN' on cell 'q_reg[71]2'
         to break a timing loop. (OPT-314)
Warning: Disabling timing arc between pins 'Q' and 'QN' on cell 'q_reg[94]2'
         to break a timing loop. (OPT-314)
Warning: Disabling timing arc between pins 'Q' and 'QN' on cell 'q_reg[94]2'
         to break a timing loop. (OPT-314)
Warning: Disabling timing arc between pins 'Q' and 'QN' on cell 'q_reg[78]2'
         to break a timing loop. (OPT-314)
Warning: Disabling timing arc between pins 'Q' and 'QN' on cell 'q_reg[78]2'
         to break a timing loop. (OPT-314)
Warning: Disabling timing arc between pins 'Q' and 'QN' on cell 'q_reg[70]2'
         to break a timing loop. (OPT-314)
Warning: Disabling timing arc between pins 'Q' and 'QN' on cell 'q_reg[70]2'
         to break a timing loop. (OPT-314)
Warning: Disabling timing arc between pins 'Q' and 'QN' on cell 'q_reg[93]2'
         to break a timing loop. (OPT-314)
Warning: Disabling timing arc between pins 'Q' and 'QN' on cell 'q_reg[93]2'
         to break a timing loop. (OPT-314)
Warning: Disabling timing arc between pins 'Q' and 'QN' on cell 'q_reg[77]2'
         to break a timing loop. (OPT-314)
Warning: Disabling timing arc between pins 'Q' and 'QN' on cell 'q_reg[77]2'
         to break a timing loop. (OPT-314)
Warning: Disabling timing arc between pins 'Q' and 'QN' on cell 'q_reg[69]2'
         to break a timing loop. (OPT-314)
Warning: Disabling timing arc between pins 'Q' and 'QN' on cell 'q_reg[69]2'
         to break a timing loop. (OPT-314)
Warning: Disabling timing arc between pins 'Q' and 'QN' on cell 'q_reg[92]2'
         to break a timing loop. (OPT-314)
Warning: Disabling timing arc between pins 'Q' and 'QN' on cell 'q_reg[92]2'
         to break a timing loop. (OPT-314)
Warning: Disabling timing arc between pins 'Q' and 'QN' on cell 'q_reg[91]2'
         to break a timing loop. (OPT-314)
Warning: Disabling timing arc between pins 'Q' and 'QN' on cell 'q_reg[91]2'
         to break a timing loop. (OPT-314)
Warning: Disabling timing arc between pins 'Q' and 'QN' on cell 'q_reg[90]2'
         to break a timing loop. (OPT-314)
Warning: Disabling timing arc between pins 'Q' and 'QN' on cell 'q_reg[90]2'
         to break a timing loop. (OPT-314)
Warning: Disabling timing arc between pins 'Q' and 'QN' on cell 'q_reg[89]2'
         to break a timing loop. (OPT-314)
Warning: Disabling timing arc between pins 'Q' and 'QN' on cell 'q_reg[89]2'
         to break a timing loop. (OPT-314)
Warning: Disabling timing arc between pins 'Q' and 'QN' on cell 'q_reg[88]2'
         to break a timing loop. (OPT-314)
Warning: Disabling timing arc between pins 'Q' and 'QN' on cell 'q_reg[88]2'
         to break a timing loop. (OPT-314)
Warning: Disabling timing arc between pins 'Q' and 'QN' on cell 'q_reg[87]2'
         to break a timing loop. (OPT-314)
Warning: Disabling timing arc between pins 'Q' and 'QN' on cell 'q_reg[87]2'
         to break a timing loop. (OPT-314)
Warning: Disabling timing arc between pins 'Q' and 'QN' on cell 'q_reg[86]2'
         to break a timing loop. (OPT-314)
Warning: Disabling timing arc between pins 'Q' and 'QN' on cell 'q_reg[86]2'
         to break a timing loop. (OPT-314)
Warning: Disabling timing arc between pins 'Q' and 'QN' on cell 'q_reg[85]2'
         to break a timing loop. (OPT-314)
Warning: Disabling timing arc between pins 'Q' and 'QN' on cell 'q_reg[85]2'
         to break a timing loop. (OPT-314)
Warning: Disabling timing arc between pins 'Q' and 'QN' on cell 'q_reg[8]'
         to break a timing loop. (OPT-314)
Warning: Disabling timing arc between pins 'Q' and 'QN' on cell 'q_reg[8]'
         to break a timing loop. (OPT-314)
Warning: Disabling timing arc between pins 'Q' and 'QN' on cell 'q_reg[9]'
         to break a timing loop. (OPT-314)
Warning: Disabling timing arc between pins 'Q' and 'QN' on cell 'q_reg[9]'
         to break a timing loop. (OPT-314)
Warning: Disabling timing arc between pins 'Q' and 'QN' on cell 'q_reg[7]'
         to break a timing loop. (OPT-314)
Warning: Disabling timing arc between pins 'Q' and 'QN' on cell 'q_reg[7]'
         to break a timing loop. (OPT-314)
Warning: Disabling timing arc between pins 'Q' and 'QN' on cell 'q_reg[6]'
         to break a timing loop. (OPT-314)
Warning: Disabling timing arc between pins 'Q' and 'QN' on cell 'q_reg[6]'
         to break a timing loop. (OPT-314)
Warning: Disabling timing arc between pins 'Q' and 'QN' on cell 'q_reg[174]'
         to break a timing loop. (OPT-314)
Warning: Disabling timing arc between pins 'Q' and 'QN' on cell 'q_reg[174]'
         to break a timing loop. (OPT-314)
Warning: Disabling timing arc between pins 'Q' and 'QN' on cell 'q_reg[5]'
         to break a timing loop. (OPT-314)
Warning: Disabling timing arc between pins 'Q' and 'QN' on cell 'q_reg[5]'
         to break a timing loop. (OPT-314)
Warning: Disabling timing arc between pins 'Q' and 'QN' on cell 'q_reg[75]1'
         to break a timing loop. (OPT-314)
Warning: Disabling timing arc between pins 'Q' and 'QN' on cell 'q_reg[75]1'
         to break a timing loop. (OPT-314)
Warning: Disabling timing arc between pins 'Q' and 'QN' on cell 'q_reg[78]1'
         to break a timing loop. (OPT-314)
Warning: Disabling timing arc between pins 'Q' and 'QN' on cell 'q_reg[78]1'
         to break a timing loop. (OPT-314)
Warning: Disabling timing arc between pins 'Q' and 'QN' on cell 'q_reg[76]1'
         to break a timing loop. (OPT-314)
Warning: Disabling timing arc between pins 'Q' and 'QN' on cell 'q_reg[76]1'
         to break a timing loop. (OPT-314)
Warning: Disabling timing arc between pins 'Q' and 'QN' on cell 'q_reg[77]1'
         to break a timing loop. (OPT-314)
Warning: Disabling timing arc between pins 'Q' and 'QN' on cell 'q_reg[77]1'
         to break a timing loop. (OPT-314)
Warning: Disabling timing arc between pins 'Q' and 'QN' on cell 'q_reg[74]1'
         to break a timing loop. (OPT-314)
Warning: Disabling timing arc between pins 'Q' and 'QN' on cell 'q_reg[74]1'
         to break a timing loop. (OPT-314)
Warning: Disabling timing arc between pins 'Q' and 'QN' on cell 'q_reg[66]2'
         to break a timing loop. (OPT-314)
Warning: Disabling timing arc between pins 'Q' and 'QN' on cell 'q_reg[66]2'
         to break a timing loop. (OPT-314)
Warning: Disabling timing arc between pins 'Q' and 'QN' on cell 'q_reg[67]2'
         to break a timing loop. (OPT-314)
Warning: Disabling timing arc between pins 'Q' and 'QN' on cell 'q_reg[67]2'
         to break a timing loop. (OPT-314)
Warning: Disabling timing arc between pins 'Q' and 'QN' on cell 'q_reg[8]1'
         to break a timing loop. (OPT-314)
Warning: Disabling timing arc between pins 'Q' and 'QN' on cell 'q_reg[8]1'
         to break a timing loop. (OPT-314)
Warning: Disabling timing arc between pins 'Q' and 'QN' on cell 'q_reg[65]2'
         to break a timing loop. (OPT-314)
Warning: Disabling timing arc between pins 'Q' and 'QN' on cell 'q_reg[65]2'
         to break a timing loop. (OPT-314)
Warning: Disabling timing arc between pins 'Q' and 'QN' on cell 'q_reg[64]2'
         to break a timing loop. (OPT-314)
Warning: Disabling timing arc between pins 'Q' and 'QN' on cell 'q_reg[64]2'
         to break a timing loop. (OPT-314)
Warning: Disabling timing arc between pins 'Q' and 'QN' on cell 'q_reg[68]2'
         to break a timing loop. (OPT-314)
Warning: Disabling timing arc between pins 'Q' and 'QN' on cell 'q_reg[68]2'
         to break a timing loop. (OPT-314)
Warning: Disabling timing arc between pins 'Q' and 'QN' on cell 'q_reg[65]3'
         to break a timing loop. (OPT-314)
Warning: Disabling timing arc between pins 'Q' and 'QN' on cell 'q_reg[65]3'
         to break a timing loop. (OPT-314)
Warning: Disabling timing arc between pins 'Q' and 'QN' on cell 'q_reg[64]3'
         to break a timing loop. (OPT-314)
Warning: Disabling timing arc between pins 'Q' and 'QN' on cell 'q_reg[64]3'
         to break a timing loop. (OPT-314)
Warning: Disabling timing arc between pins 'Q' and 'QN' on cell 'q_reg[66]3'
         to break a timing loop. (OPT-314)
Warning: Disabling timing arc between pins 'Q' and 'QN' on cell 'q_reg[66]3'
         to break a timing loop. (OPT-314)
Warning: Disabling timing arc between pins 'Q' and 'QN' on cell 'q_reg[2]2'
         to break a timing loop. (OPT-314)
Warning: Disabling timing arc between pins 'Q' and 'QN' on cell 'q_reg[2]2'
         to break a timing loop. (OPT-314)
Warning: Disabling timing arc between pins 'Q' and 'QN' on cell 'q_reg[68]3'
         to break a timing loop. (OPT-314)
Warning: Disabling timing arc between pins 'Q' and 'QN' on cell 'q_reg[68]3'
         to break a timing loop. (OPT-314)
Warning: Disabling timing arc between pins 'Q' and 'QN' on cell 'q_reg[67]3'
         to break a timing loop. (OPT-314)
Warning: Disabling timing arc between pins 'Q' and 'QN' on cell 'q_reg[67]3'
         to break a timing loop. (OPT-314)
Warning: Disabling timing arc between pins 'Q' and 'QN' on cell 'q_reg[1]2'
         to break a timing loop. (OPT-314)
Warning: Disabling timing arc between pins 'Q' and 'QN' on cell 'q_reg[1]2'
         to break a timing loop. (OPT-314)
Warning: Disabling timing arc between pins 'Q' and 'QN' on cell 'q_reg[0]2'
         to break a timing loop. (OPT-314)
Warning: Disabling timing arc between pins 'Q' and 'QN' on cell 'q_reg[0]2'
         to break a timing loop. (OPT-314)
Warning: Disabling timing arc between pins 'Q' and 'QN' on cell 'q_reg[132]2'
         to break a timing loop. (OPT-314)
Warning: Disabling timing arc between pins 'Q' and 'QN' on cell 'q_reg[132]2'
         to break a timing loop. (OPT-314)
Warning: Disabling timing arc between pins 'Q' and 'QN' on cell 'q_reg[63]3'
         to break a timing loop. (OPT-314)
Warning: Disabling timing arc between pins 'Q' and 'QN' on cell 'q_reg[63]3'
         to break a timing loop. (OPT-314)
Warning: Disabling timing arc between pins 'Q' and 'QN' on cell 'q_reg[31]4'
         to break a timing loop. (OPT-314)
Warning: Disabling timing arc between pins 'Q' and 'QN' on cell 'q_reg[31]4'
         to break a timing loop. (OPT-314)
Warning: Disabling timing arc between pins 'Q' and 'QN' on cell 'q_reg[100]2'
         to break a timing loop. (OPT-314)
Warning: Disabling timing arc between pins 'Q' and 'QN' on cell 'q_reg[100]2'
         to break a timing loop. (OPT-314)
Warning: Disabling timing arc between pins 'Q' and 'QN' on cell 'q_reg[63]1'
         to break a timing loop. (OPT-314)
Warning: Disabling timing arc between pins 'Q' and 'QN' on cell 'q_reg[63]1'
         to break a timing loop. (OPT-314)
Warning: Disabling timing arc between pins 'Q' and 'QN' on cell 'q_reg[4]'
         to break a timing loop. (OPT-314)
Warning: Disabling timing arc between pins 'Q' and 'QN' on cell 'q_reg[4]'
         to break a timing loop. (OPT-314)
Warning: Disabling timing arc between pins 'Q' and 'QN' on cell 'q_reg[71]1'
         to break a timing loop. (OPT-314)
Warning: Disabling timing arc between pins 'Q' and 'QN' on cell 'q_reg[71]1'
         to break a timing loop. (OPT-314)
Warning: Disabling timing arc between pins 'Q' and 'QN' on cell 'q_reg[70]1'
         to break a timing loop. (OPT-314)
Warning: Disabling timing arc between pins 'Q' and 'QN' on cell 'q_reg[70]1'
         to break a timing loop. (OPT-314)
Warning: Disabling timing arc between pins 'Q' and 'QN' on cell 'q_reg[72]1'
         to break a timing loop. (OPT-314)
Warning: Disabling timing arc between pins 'Q' and 'QN' on cell 'q_reg[72]1'
         to break a timing loop. (OPT-314)
Warning: Disabling timing arc between pins 'Q' and 'QN' on cell 'q_reg[73]1'
         to break a timing loop. (OPT-314)
Warning: Disabling timing arc between pins 'Q' and 'QN' on cell 'q_reg[73]1'
         to break a timing loop. (OPT-314)
Warning: Disabling timing arc between pins 'Q' and 'QN' on cell 'q_reg[69]1'
         to break a timing loop. (OPT-314)
Warning: Disabling timing arc between pins 'Q' and 'QN' on cell 'q_reg[69]1'
         to break a timing loop. (OPT-314)
Warning: Disabling timing arc between pins 'Q' and 'QN' on cell 'q_reg[142]'
         to break a timing loop. (OPT-314)
Warning: Disabling timing arc between pins 'Q' and 'QN' on cell 'q_reg[142]'
         to break a timing loop. (OPT-314)
Warning: Disabling timing arc between pins 'Q' and 'QN' on cell 'q_reg[36]1'
         to break a timing loop. (OPT-314)
Warning: Disabling timing arc between pins 'Q' and 'QN' on cell 'q_reg[36]1'
         to break a timing loop. (OPT-314)
Warning: Disabling timing arc between pins 'Q' and 'QN' on cell 'q_reg[4]6'
         to break a timing loop. (OPT-314)
Warning: Disabling timing arc between pins 'Q' and 'QN' on cell 'q_reg[4]6'
         to break a timing loop. (OPT-314)
Warning: Disabling timing arc between pins 'Q' and 'QN' on cell 'q_reg[36]3'
         to break a timing loop. (OPT-314)
Warning: Disabling timing arc between pins 'Q' and 'QN' on cell 'q_reg[36]3'
         to break a timing loop. (OPT-314)
Warning: Disabling timing arc between pins 'Q' and 'QN' on cell 'q_reg[73]3'
         to break a timing loop. (OPT-314)
Warning: Disabling timing arc between pins 'Q' and 'QN' on cell 'q_reg[73]3'
         to break a timing loop. (OPT-314)
Warning: Disabling timing arc between pins 'Q' and 'QN' on cell 'q_reg[105]2'
         to break a timing loop. (OPT-314)
Warning: Disabling timing arc between pins 'Q' and 'QN' on cell 'q_reg[105]2'
         to break a timing loop. (OPT-314)
Warning: Disabling timing arc between pins 'Q' and 'QN' on cell 'q_reg[115]'
         to break a timing loop. (OPT-314)
Warning: Disabling timing arc between pins 'Q' and 'QN' on cell 'q_reg[115]'
         to break a timing loop. (OPT-314)
Warning: Disabling timing arc between pins 'Q' and 'QN' on cell 'q_reg[35]1'
         to break a timing loop. (OPT-314)
Warning: Disabling timing arc between pins 'Q' and 'QN' on cell 'q_reg[35]1'
         to break a timing loop. (OPT-314)
Warning: Disabling timing arc between pins 'Q' and 'QN' on cell 'q_reg[35]3'
         to break a timing loop. (OPT-314)
Warning: Disabling timing arc between pins 'Q' and 'QN' on cell 'q_reg[35]3'
         to break a timing loop. (OPT-314)
Warning: Disabling timing arc between pins 'Q' and 'QN' on cell 'q_reg[3]6'
         to break a timing loop. (OPT-314)
Warning: Disabling timing arc between pins 'Q' and 'QN' on cell 'q_reg[3]6'
         to break a timing loop. (OPT-314)
Warning: Disabling timing arc between pins 'Q' and 'QN' on cell 'q_reg[72]3'
         to break a timing loop. (OPT-314)
Warning: Disabling timing arc between pins 'Q' and 'QN' on cell 'q_reg[72]3'
         to break a timing loop. (OPT-314)
Warning: Disabling timing arc between pins 'Q' and 'QN' on cell 'q_reg[104]2'
         to break a timing loop. (OPT-314)
Warning: Disabling timing arc between pins 'Q' and 'QN' on cell 'q_reg[104]2'
         to break a timing loop. (OPT-314)
Warning: Disabling timing arc between pins 'Q' and 'QN' on cell 'q_reg[114]'
         to break a timing loop. (OPT-314)
Warning: Disabling timing arc between pins 'Q' and 'QN' on cell 'q_reg[114]'
         to break a timing loop. (OPT-314)
Warning: Disabling timing arc between pins 'Q' and 'QN' on cell 'q_reg[34]1'
         to break a timing loop. (OPT-314)
Warning: Disabling timing arc between pins 'Q' and 'QN' on cell 'q_reg[34]1'
         to break a timing loop. (OPT-314)
Warning: Disabling timing arc between pins 'Q' and 'QN' on cell 'q_reg[2]7'
         to break a timing loop. (OPT-314)
Warning: Disabling timing arc between pins 'Q' and 'QN' on cell 'q_reg[2]7'
         to break a timing loop. (OPT-314)
Warning: Disabling timing arc between pins 'Q' and 'QN' on cell 'q_reg[34]3'
         to break a timing loop. (OPT-314)
Warning: Disabling timing arc between pins 'Q' and 'QN' on cell 'q_reg[34]3'
         to break a timing loop. (OPT-314)
Warning: Disabling timing arc between pins 'Q' and 'QN' on cell 'q_reg[103]2'
         to break a timing loop. (OPT-314)
Warning: Disabling timing arc between pins 'Q' and 'QN' on cell 'q_reg[103]2'
         to break a timing loop. (OPT-314)
Warning: Disabling timing arc between pins 'Q' and 'QN' on cell 'q_reg[71]3'
         to break a timing loop. (OPT-314)
Warning: Disabling timing arc between pins 'Q' and 'QN' on cell 'q_reg[71]3'
         to break a timing loop. (OPT-314)
Warning: Disabling timing arc between pins 'Q' and 'QN' on cell 'q_reg[113]'
         to break a timing loop. (OPT-314)
Warning: Disabling timing arc between pins 'Q' and 'QN' on cell 'q_reg[113]'
         to break a timing loop. (OPT-314)
Warning: Disabling timing arc between pins 'Q' and 'QN' on cell 'q_reg[32]1'
         to break a timing loop. (OPT-314)
Warning: Disabling timing arc between pins 'Q' and 'QN' on cell 'q_reg[32]1'
         to break a timing loop. (OPT-314)
Warning: Disabling timing arc between pins 'Q' and 'QN' on cell 'q_reg[111]'
         to break a timing loop. (OPT-314)
Warning: Disabling timing arc between pins 'Q' and 'QN' on cell 'q_reg[111]'
         to break a timing loop. (OPT-314)
Warning: Disabling timing arc between pins 'Q' and 'QN' on cell 'q_reg[101]2'
         to break a timing loop. (OPT-314)
Warning: Disabling timing arc between pins 'Q' and 'QN' on cell 'q_reg[101]2'
         to break a timing loop. (OPT-314)
Warning: Disabling timing arc between pins 'Q' and 'QN' on cell 'q_reg[32]3'
         to break a timing loop. (OPT-314)
Warning: Disabling timing arc between pins 'Q' and 'QN' on cell 'q_reg[32]3'
         to break a timing loop. (OPT-314)
Warning: Disabling timing arc between pins 'Q' and 'QN' on cell 'q_reg[0]7'
         to break a timing loop. (OPT-314)
Warning: Disabling timing arc between pins 'Q' and 'QN' on cell 'q_reg[0]7'
         to break a timing loop. (OPT-314)
Warning: Disabling timing arc between pins 'Q' and 'QN' on cell 'q_reg[69]3'
         to break a timing loop. (OPT-314)
Warning: Disabling timing arc between pins 'Q' and 'QN' on cell 'q_reg[69]3'
         to break a timing loop. (OPT-314)
Warning: Disabling timing arc between pins 'Q' and 'QN' on cell 'q_reg[33]1'
         to break a timing loop. (OPT-314)
Warning: Disabling timing arc between pins 'Q' and 'QN' on cell 'q_reg[33]1'
         to break a timing loop. (OPT-314)
Warning: Disabling timing arc between pins 'Q' and 'QN' on cell 'q_reg[70]3'
         to break a timing loop. (OPT-314)
Warning: Disabling timing arc between pins 'Q' and 'QN' on cell 'q_reg[70]3'
         to break a timing loop. (OPT-314)
Warning: Disabling timing arc between pins 'Q' and 'QN' on cell 'q_reg[102]2'
         to break a timing loop. (OPT-314)
Warning: Disabling timing arc between pins 'Q' and 'QN' on cell 'q_reg[102]2'
         to break a timing loop. (OPT-314)
Warning: Disabling timing arc between pins 'Q' and 'QN' on cell 'q_reg[112]'
         to break a timing loop. (OPT-314)
Warning: Disabling timing arc between pins 'Q' and 'QN' on cell 'q_reg[112]'
         to break a timing loop. (OPT-314)
Warning: Disabling timing arc between pins 'Q' and 'QN' on cell 'q_reg[33]3'
         to break a timing loop. (OPT-314)
Warning: Disabling timing arc between pins 'Q' and 'QN' on cell 'q_reg[33]3'
         to break a timing loop. (OPT-314)
Warning: Disabling timing arc between pins 'Q' and 'QN' on cell 'q_reg[1]7'
         to break a timing loop. (OPT-314)
Warning: Disabling timing arc between pins 'Q' and 'QN' on cell 'q_reg[1]7'
         to break a timing loop. (OPT-314)
Warning: Disabling timing arc between pins 'Q' and 'QN' on cell 'q_reg[130]2'
         to break a timing loop. (OPT-314)
Warning: Disabling timing arc between pins 'Q' and 'QN' on cell 'q_reg[130]2'
         to break a timing loop. (OPT-314)
Warning: Disabling timing arc between pins 'Q' and 'QN' on cell 'q_reg[61]3'
         to break a timing loop. (OPT-314)
Warning: Disabling timing arc between pins 'Q' and 'QN' on cell 'q_reg[61]3'
         to break a timing loop. (OPT-314)
Warning: Disabling timing arc between pins 'Q' and 'QN' on cell 'q_reg[29]4'
         to break a timing loop. (OPT-314)
Warning: Disabling timing arc between pins 'Q' and 'QN' on cell 'q_reg[29]4'
         to break a timing loop. (OPT-314)
Warning: Disabling timing arc between pins 'Q' and 'QN' on cell 'q_reg[98]2'
         to break a timing loop. (OPT-314)
Warning: Disabling timing arc between pins 'Q' and 'QN' on cell 'q_reg[98]2'
         to break a timing loop. (OPT-314)
Warning: Disabling timing arc between pins 'Q' and 'QN' on cell 'q_reg[172]'
         to break a timing loop. (OPT-314)
Warning: Disabling timing arc between pins 'Q' and 'QN' on cell 'q_reg[172]'
         to break a timing loop. (OPT-314)
Warning: Disabling timing arc between pins 'Q' and 'QN' on cell 'q_reg[97]2'
         to break a timing loop. (OPT-314)
Warning: Disabling timing arc between pins 'Q' and 'QN' on cell 'q_reg[97]2'
         to break a timing loop. (OPT-314)
Warning: Disabling timing arc between pins 'Q' and 'QN' on cell 'q_reg[129]2'
         to break a timing loop. (OPT-314)
Warning: Disabling timing arc between pins 'Q' and 'QN' on cell 'q_reg[129]2'
         to break a timing loop. (OPT-314)
Warning: Disabling timing arc between pins 'Q' and 'QN' on cell 'q_reg[28]4'
         to break a timing loop. (OPT-314)
Warning: Disabling timing arc between pins 'Q' and 'QN' on cell 'q_reg[28]4'
         to break a timing loop. (OPT-314)
Warning: Disabling timing arc between pins 'Q' and 'QN' on cell 'q_reg[60]3'
         to break a timing loop. (OPT-314)
Warning: Disabling timing arc between pins 'Q' and 'QN' on cell 'q_reg[60]3'
         to break a timing loop. (OPT-314)
Warning: Disabling timing arc between pins 'Q' and 'QN' on cell 'q_reg[171]'
         to break a timing loop. (OPT-314)
Warning: Disabling timing arc between pins 'Q' and 'QN' on cell 'q_reg[171]'
         to break a timing loop. (OPT-314)
Warning: Disabling timing arc between pins 'Q' and 'QN' on cell 'q_reg[173]'
         to break a timing loop. (OPT-314)
Warning: Disabling timing arc between pins 'Q' and 'QN' on cell 'q_reg[173]'
         to break a timing loop. (OPT-314)
Warning: Disabling timing arc between pins 'Q' and 'QN' on cell 'q_reg[131]2'
         to break a timing loop. (OPT-314)
Warning: Disabling timing arc between pins 'Q' and 'QN' on cell 'q_reg[131]2'
         to break a timing loop. (OPT-314)
Warning: Disabling timing arc between pins 'Q' and 'QN' on cell 'q_reg[62]3'
         to break a timing loop. (OPT-314)
Warning: Disabling timing arc between pins 'Q' and 'QN' on cell 'q_reg[62]3'
         to break a timing loop. (OPT-314)
Warning: Disabling timing arc between pins 'Q' and 'QN' on cell 'q_reg[30]4'
         to break a timing loop. (OPT-314)
Warning: Disabling timing arc between pins 'Q' and 'QN' on cell 'q_reg[30]4'
         to break a timing loop. (OPT-314)
Warning: Disabling timing arc between pins 'Q' and 'QN' on cell 'q_reg[99]2'
         to break a timing loop. (OPT-314)
Warning: Disabling timing arc between pins 'Q' and 'QN' on cell 'q_reg[99]2'
         to break a timing loop. (OPT-314)
Warning: Disabling timing arc between pins 'Q' and 'QN' on cell 'q_reg[160]'
         to break a timing loop. (OPT-314)
Warning: Disabling timing arc between pins 'Q' and 'QN' on cell 'q_reg[160]'
         to break a timing loop. (OPT-314)
Warning: Disabling timing arc between pins 'Q' and 'QN' on cell 'q_reg[118]2'
         to break a timing loop. (OPT-314)
Warning: Disabling timing arc between pins 'Q' and 'QN' on cell 'q_reg[118]2'
         to break a timing loop. (OPT-314)
Warning: Disabling timing arc between pins 'Q' and 'QN' on cell 'q_reg[17]4'
         to break a timing loop. (OPT-314)
Warning: Disabling timing arc between pins 'Q' and 'QN' on cell 'q_reg[17]4'
         to break a timing loop. (OPT-314)
Warning: Disabling timing arc between pins 'Q' and 'QN' on cell 'q_reg[49]3'
         to break a timing loop. (OPT-314)
Warning: Disabling timing arc between pins 'Q' and 'QN' on cell 'q_reg[49]3'
         to break a timing loop. (OPT-314)
Warning: Disabling timing arc between pins 'Q' and 'QN' on cell 'q_reg[86]3'
         to break a timing loop. (OPT-314)
Warning: Disabling timing arc between pins 'Q' and 'QN' on cell 'q_reg[86]3'
         to break a timing loop. (OPT-314)
Warning: Disabling timing arc between pins 'Q' and 'QN' on cell 'q_reg[159]'
         to break a timing loop. (OPT-314)
Warning: Disabling timing arc between pins 'Q' and 'QN' on cell 'q_reg[159]'
         to break a timing loop. (OPT-314)
Warning: Disabling timing arc between pins 'Q' and 'QN' on cell 'q_reg[117]2'
         to break a timing loop. (OPT-314)
Warning: Disabling timing arc between pins 'Q' and 'QN' on cell 'q_reg[117]2'
         to break a timing loop. (OPT-314)
Warning: Disabling timing arc between pins 'Q' and 'QN' on cell 'q_reg[16]4'
         to break a timing loop. (OPT-314)
Warning: Disabling timing arc between pins 'Q' and 'QN' on cell 'q_reg[16]4'
         to break a timing loop. (OPT-314)
Warning: Disabling timing arc between pins 'Q' and 'QN' on cell 'q_reg[48]3'
         to break a timing loop. (OPT-314)
Warning: Disabling timing arc between pins 'Q' and 'QN' on cell 'q_reg[48]3'
         to break a timing loop. (OPT-314)
Warning: Disabling timing arc between pins 'Q' and 'QN' on cell 'q_reg[85]3'
         to break a timing loop. (OPT-314)
Warning: Disabling timing arc between pins 'Q' and 'QN' on cell 'q_reg[85]3'
         to break a timing loop. (OPT-314)
Warning: Disabling timing arc between pins 'Q' and 'QN' on cell 'q_reg[119]2'
         to break a timing loop. (OPT-314)
Warning: Disabling timing arc between pins 'Q' and 'QN' on cell 'q_reg[119]2'
         to break a timing loop. (OPT-314)
Warning: Disabling timing arc between pins 'Q' and 'QN' on cell 'q_reg[50]3'
         to break a timing loop. (OPT-314)
Warning: Disabling timing arc between pins 'Q' and 'QN' on cell 'q_reg[50]3'
         to break a timing loop. (OPT-314)
Warning: Disabling timing arc between pins 'Q' and 'QN' on cell 'q_reg[18]4'
         to break a timing loop. (OPT-314)
Warning: Disabling timing arc between pins 'Q' and 'QN' on cell 'q_reg[18]4'
         to break a timing loop. (OPT-314)
Warning: Disabling timing arc between pins 'Q' and 'QN' on cell 'q_reg[87]3'
         to break a timing loop. (OPT-314)
Warning: Disabling timing arc between pins 'Q' and 'QN' on cell 'q_reg[87]3'
         to break a timing loop. (OPT-314)
Warning: Disabling timing arc between pins 'Q' and 'QN' on cell 'q_reg[161]'
         to break a timing loop. (OPT-314)
Warning: Disabling timing arc between pins 'Q' and 'QN' on cell 'q_reg[161]'
         to break a timing loop. (OPT-314)
Warning: Disabling timing arc between pins 'Q' and 'QN' on cell 'q_reg[162]'
         to break a timing loop. (OPT-314)
Warning: Disabling timing arc between pins 'Q' and 'QN' on cell 'q_reg[162]'
         to break a timing loop. (OPT-314)
Warning: Disabling timing arc between pins 'Q' and 'QN' on cell 'q_reg[51]3'
         to break a timing loop. (OPT-314)
Warning: Disabling timing arc between pins 'Q' and 'QN' on cell 'q_reg[51]3'
         to break a timing loop. (OPT-314)
Warning: Disabling timing arc between pins 'Q' and 'QN' on cell 'q_reg[19]4'
         to break a timing loop. (OPT-314)
Warning: Disabling timing arc between pins 'Q' and 'QN' on cell 'q_reg[19]4'
         to break a timing loop. (OPT-314)
Warning: Disabling timing arc between pins 'Q' and 'QN' on cell 'q_reg[120]2'
         to break a timing loop. (OPT-314)
Warning: Disabling timing arc between pins 'Q' and 'QN' on cell 'q_reg[120]2'
         to break a timing loop. (OPT-314)
Warning: Disabling timing arc between pins 'Q' and 'QN' on cell 'q_reg[88]3'
         to break a timing loop. (OPT-314)
Warning: Disabling timing arc between pins 'Q' and 'QN' on cell 'q_reg[88]3'
         to break a timing loop. (OPT-314)
Warning: Disabling timing arc between pins 'Q' and 'QN' on cell 'q_reg[124]2'
         to break a timing loop. (OPT-314)
Warning: Disabling timing arc between pins 'Q' and 'QN' on cell 'q_reg[124]2'
         to break a timing loop. (OPT-314)
Warning: Disabling timing arc between pins 'Q' and 'QN' on cell 'q_reg[55]3'
         to break a timing loop. (OPT-314)
Warning: Disabling timing arc between pins 'Q' and 'QN' on cell 'q_reg[55]3'
         to break a timing loop. (OPT-314)
Warning: Disabling timing arc between pins 'Q' and 'QN' on cell 'q_reg[23]4'
         to break a timing loop. (OPT-314)
Warning: Disabling timing arc between pins 'Q' and 'QN' on cell 'q_reg[23]4'
         to break a timing loop. (OPT-314)
Warning: Disabling timing arc between pins 'Q' and 'QN' on cell 'q_reg[92]3'
         to break a timing loop. (OPT-314)
Warning: Disabling timing arc between pins 'Q' and 'QN' on cell 'q_reg[92]3'
         to break a timing loop. (OPT-314)
Warning: Disabling timing arc between pins 'Q' and 'QN' on cell 'q_reg[166]'
         to break a timing loop. (OPT-314)
Warning: Disabling timing arc between pins 'Q' and 'QN' on cell 'q_reg[166]'
         to break a timing loop. (OPT-314)
Warning: Disabling timing arc between pins 'Q' and 'QN' on cell 'q_reg[165]'
         to break a timing loop. (OPT-314)
Warning: Disabling timing arc between pins 'Q' and 'QN' on cell 'q_reg[165]'
         to break a timing loop. (OPT-314)
Warning: Disabling timing arc between pins 'Q' and 'QN' on cell 'q_reg[123]2'
         to break a timing loop. (OPT-314)
Warning: Disabling timing arc between pins 'Q' and 'QN' on cell 'q_reg[123]2'
         to break a timing loop. (OPT-314)
Warning: Disabling timing arc between pins 'Q' and 'QN' on cell 'q_reg[54]3'
         to break a timing loop. (OPT-314)
Warning: Disabling timing arc between pins 'Q' and 'QN' on cell 'q_reg[54]3'
         to break a timing loop. (OPT-314)
Warning: Disabling timing arc between pins 'Q' and 'QN' on cell 'q_reg[22]4'
         to break a timing loop. (OPT-314)
Warning: Disabling timing arc between pins 'Q' and 'QN' on cell 'q_reg[22]4'
         to break a timing loop. (OPT-314)
Warning: Disabling timing arc between pins 'Q' and 'QN' on cell 'q_reg[91]3'
         to break a timing loop. (OPT-314)
Warning: Disabling timing arc between pins 'Q' and 'QN' on cell 'q_reg[91]3'
         to break a timing loop. (OPT-314)
Warning: Disabling timing arc between pins 'Q' and 'QN' on cell 'q_reg[52]3'
         to break a timing loop. (OPT-314)
Warning: Disabling timing arc between pins 'Q' and 'QN' on cell 'q_reg[52]3'
         to break a timing loop. (OPT-314)
Warning: Disabling timing arc between pins 'Q' and 'QN' on cell 'q_reg[20]4'
         to break a timing loop. (OPT-314)
Warning: Disabling timing arc between pins 'Q' and 'QN' on cell 'q_reg[20]4'
         to break a timing loop. (OPT-314)
Warning: Disabling timing arc between pins 'Q' and 'QN' on cell 'q_reg[121]2'
         to break a timing loop. (OPT-314)
Warning: Disabling timing arc between pins 'Q' and 'QN' on cell 'q_reg[121]2'
         to break a timing loop. (OPT-314)
Warning: Disabling timing arc between pins 'Q' and 'QN' on cell 'q_reg[89]3'
         to break a timing loop. (OPT-314)
Warning: Disabling timing arc between pins 'Q' and 'QN' on cell 'q_reg[89]3'
         to break a timing loop. (OPT-314)
Warning: Disabling timing arc between pins 'Q' and 'QN' on cell 'q_reg[163]'
         to break a timing loop. (OPT-314)
Warning: Disabling timing arc between pins 'Q' and 'QN' on cell 'q_reg[163]'
         to break a timing loop. (OPT-314)
Warning: Disabling timing arc between pins 'Q' and 'QN' on cell 'q_reg[164]'
         to break a timing loop. (OPT-314)
Warning: Disabling timing arc between pins 'Q' and 'QN' on cell 'q_reg[164]'
         to break a timing loop. (OPT-314)
Warning: Disabling timing arc between pins 'Q' and 'QN' on cell 'q_reg[122]2'
         to break a timing loop. (OPT-314)
Warning: Disabling timing arc between pins 'Q' and 'QN' on cell 'q_reg[122]2'
         to break a timing loop. (OPT-314)
Warning: Disabling timing arc between pins 'Q' and 'QN' on cell 'q_reg[53]3'
         to break a timing loop. (OPT-314)
Warning: Disabling timing arc between pins 'Q' and 'QN' on cell 'q_reg[53]3'
         to break a timing loop. (OPT-314)
Warning: Disabling timing arc between pins 'Q' and 'QN' on cell 'q_reg[21]4'
         to break a timing loop. (OPT-314)
Warning: Disabling timing arc between pins 'Q' and 'QN' on cell 'q_reg[21]4'
         to break a timing loop. (OPT-314)
Warning: Disabling timing arc between pins 'Q' and 'QN' on cell 'q_reg[90]3'
         to break a timing loop. (OPT-314)
Warning: Disabling timing arc between pins 'Q' and 'QN' on cell 'q_reg[90]3'
         to break a timing loop. (OPT-314)
Warning: Disabling timing arc between pins 'Q' and 'QN' on cell 'q_reg[170]'
         to break a timing loop. (OPT-314)
Warning: Disabling timing arc between pins 'Q' and 'QN' on cell 'q_reg[170]'
         to break a timing loop. (OPT-314)
Warning: Disabling timing arc between pins 'Q' and 'QN' on cell 'q_reg[128]2'
         to break a timing loop. (OPT-314)
Warning: Disabling timing arc between pins 'Q' and 'QN' on cell 'q_reg[128]2'
         to break a timing loop. (OPT-314)
Warning: Disabling timing arc between pins 'Q' and 'QN' on cell 'q_reg[59]3'
         to break a timing loop. (OPT-314)
Warning: Disabling timing arc between pins 'Q' and 'QN' on cell 'q_reg[59]3'
         to break a timing loop. (OPT-314)
Warning: Disabling timing arc between pins 'Q' and 'QN' on cell 'q_reg[27]4'
         to break a timing loop. (OPT-314)
Warning: Disabling timing arc between pins 'Q' and 'QN' on cell 'q_reg[27]4'
         to break a timing loop. (OPT-314)
Warning: Disabling timing arc between pins 'Q' and 'QN' on cell 'q_reg[96]2'
         to break a timing loop. (OPT-314)
Warning: Disabling timing arc between pins 'Q' and 'QN' on cell 'q_reg[96]2'
         to break a timing loop. (OPT-314)
Warning: Disabling timing arc between pins 'Q' and 'QN' on cell 'q_reg[168]'
         to break a timing loop. (OPT-314)
Warning: Disabling timing arc between pins 'Q' and 'QN' on cell 'q_reg[168]'
         to break a timing loop. (OPT-314)
Warning: Disabling timing arc between pins 'Q' and 'QN' on cell 'q_reg[94]3'
         to break a timing loop. (OPT-314)
Warning: Disabling timing arc between pins 'Q' and 'QN' on cell 'q_reg[94]3'
         to break a timing loop. (OPT-314)
Warning: Disabling timing arc between pins 'Q' and 'QN' on cell 'q_reg[126]2'
         to break a timing loop. (OPT-314)
Warning: Disabling timing arc between pins 'Q' and 'QN' on cell 'q_reg[126]2'
         to break a timing loop. (OPT-314)
Warning: Disabling timing arc between pins 'Q' and 'QN' on cell 'q_reg[25]4'
         to break a timing loop. (OPT-314)
Warning: Disabling timing arc between pins 'Q' and 'QN' on cell 'q_reg[25]4'
         to break a timing loop. (OPT-314)
Warning: Disabling timing arc between pins 'Q' and 'QN' on cell 'q_reg[57]3'
         to break a timing loop. (OPT-314)
Warning: Disabling timing arc between pins 'Q' and 'QN' on cell 'q_reg[57]3'
         to break a timing loop. (OPT-314)
Warning: Disabling timing arc between pins 'Q' and 'QN' on cell 'q_reg[125]2'
         to break a timing loop. (OPT-314)
Warning: Disabling timing arc between pins 'Q' and 'QN' on cell 'q_reg[125]2'
         to break a timing loop. (OPT-314)
Warning: Disabling timing arc between pins 'Q' and 'QN' on cell 'q_reg[56]3'
         to break a timing loop. (OPT-314)
Warning: Disabling timing arc between pins 'Q' and 'QN' on cell 'q_reg[56]3'
         to break a timing loop. (OPT-314)
Warning: Disabling timing arc between pins 'Q' and 'QN' on cell 'q_reg[24]4'
         to break a timing loop. (OPT-314)
Warning: Disabling timing arc between pins 'Q' and 'QN' on cell 'q_reg[24]4'
         to break a timing loop. (OPT-314)
Warning: Disabling timing arc between pins 'Q' and 'QN' on cell 'q_reg[93]3'
         to break a timing loop. (OPT-314)
Warning: Disabling timing arc between pins 'Q' and 'QN' on cell 'q_reg[93]3'
         to break a timing loop. (OPT-314)
Warning: Disabling timing arc between pins 'Q' and 'QN' on cell 'q_reg[167]'
         to break a timing loop. (OPT-314)
Warning: Disabling timing arc between pins 'Q' and 'QN' on cell 'q_reg[167]'
         to break a timing loop. (OPT-314)
Warning: Disabling timing arc between pins 'Q' and 'QN' on cell 'q_reg[169]'
         to break a timing loop. (OPT-314)
Warning: Disabling timing arc between pins 'Q' and 'QN' on cell 'q_reg[169]'
         to break a timing loop. (OPT-314)
Warning: Disabling timing arc between pins 'Q' and 'QN' on cell 'q_reg[127]2'
         to break a timing loop. (OPT-314)
Warning: Disabling timing arc between pins 'Q' and 'QN' on cell 'q_reg[127]2'
         to break a timing loop. (OPT-314)
Warning: Disabling timing arc between pins 'Q' and 'QN' on cell 'q_reg[58]3'
         to break a timing loop. (OPT-314)
Warning: Disabling timing arc between pins 'Q' and 'QN' on cell 'q_reg[58]3'
         to break a timing loop. (OPT-314)
Warning: Disabling timing arc between pins 'Q' and 'QN' on cell 'q_reg[26]4'
         to break a timing loop. (OPT-314)
Warning: Disabling timing arc between pins 'Q' and 'QN' on cell 'q_reg[26]4'
         to break a timing loop. (OPT-314)
Warning: Disabling timing arc between pins 'Q' and 'QN' on cell 'q_reg[95]3'
         to break a timing loop. (OPT-314)
Warning: Disabling timing arc between pins 'Q' and 'QN' on cell 'q_reg[95]3'
         to break a timing loop. (OPT-314)
Warning: Disabling timing arc between pins 'Q' and 'QN' on cell 'q_reg[147]'
         to break a timing loop. (OPT-314)
Warning: Disabling timing arc between pins 'Q' and 'QN' on cell 'q_reg[147]'
         to break a timing loop. (OPT-314)
Warning: Disabling timing arc between pins 'Q' and 'QN' on cell 'q_reg[148]'
         to break a timing loop. (OPT-314)
Warning: Disabling timing arc between pins 'Q' and 'QN' on cell 'q_reg[148]'
         to break a timing loop. (OPT-314)
Warning: Disabling timing arc between pins 'Q' and 'QN' on cell 'q_reg[37]3'
         to break a timing loop. (OPT-314)
Warning: Disabling timing arc between pins 'Q' and 'QN' on cell 'q_reg[37]3'
         to break a timing loop. (OPT-314)
Warning: Disabling timing arc between pins 'Q' and 'QN' on cell 'q_reg[5]6'
         to break a timing loop. (OPT-314)
Warning: Disabling timing arc between pins 'Q' and 'QN' on cell 'q_reg[5]6'
         to break a timing loop. (OPT-314)
Warning: Disabling timing arc between pins 'Q' and 'QN' on cell 'q_reg[106]2'
         to break a timing loop. (OPT-314)
Warning: Disabling timing arc between pins 'Q' and 'QN' on cell 'q_reg[106]2'
         to break a timing loop. (OPT-314)
Warning: Disabling timing arc between pins 'Q' and 'QN' on cell 'q_reg[74]3'
         to break a timing loop. (OPT-314)
Warning: Disabling timing arc between pins 'Q' and 'QN' on cell 'q_reg[74]3'
         to break a timing loop. (OPT-314)
Warning: Disabling timing arc between pins 'Q' and 'QN' on cell 'q_reg[149]'
         to break a timing loop. (OPT-314)
Warning: Disabling timing arc between pins 'Q' and 'QN' on cell 'q_reg[149]'
         to break a timing loop. (OPT-314)
Warning: Disabling timing arc between pins 'Q' and 'QN' on cell 'q_reg[107]2'
         to break a timing loop. (OPT-314)
Warning: Disabling timing arc between pins 'Q' and 'QN' on cell 'q_reg[107]2'
         to break a timing loop. (OPT-314)
Warning: Disabling timing arc between pins 'Q' and 'QN' on cell 'q_reg[38]3'
         to break a timing loop. (OPT-314)
Warning: Disabling timing arc between pins 'Q' and 'QN' on cell 'q_reg[38]3'
         to break a timing loop. (OPT-314)
Warning: Disabling timing arc between pins 'Q' and 'QN' on cell 'q_reg[6]6'
         to break a timing loop. (OPT-314)
Warning: Disabling timing arc between pins 'Q' and 'QN' on cell 'q_reg[6]6'
         to break a timing loop. (OPT-314)
Warning: Disabling timing arc between pins 'Q' and 'QN' on cell 'q_reg[75]3'
         to break a timing loop. (OPT-314)
Warning: Disabling timing arc between pins 'Q' and 'QN' on cell 'q_reg[75]3'
         to break a timing loop. (OPT-314)
Warning: Disabling timing arc between pins 'Q' and 'QN' on cell 'q_reg[150]'
         to break a timing loop. (OPT-314)
Warning: Disabling timing arc between pins 'Q' and 'QN' on cell 'q_reg[150]'
         to break a timing loop. (OPT-314)
Warning: Disabling timing arc between pins 'Q' and 'QN' on cell 'q_reg[108]2'
         to break a timing loop. (OPT-314)
Warning: Disabling timing arc between pins 'Q' and 'QN' on cell 'q_reg[108]2'
         to break a timing loop. (OPT-314)
Warning: Disabling timing arc between pins 'Q' and 'QN' on cell 'q_reg[76]3'
         to break a timing loop. (OPT-314)
Warning: Disabling timing arc between pins 'Q' and 'QN' on cell 'q_reg[76]3'
         to break a timing loop. (OPT-314)
Warning: Disabling timing arc between pins 'Q' and 'QN' on cell 'q_reg[39]3'
         to break a timing loop. (OPT-314)
Warning: Disabling timing arc between pins 'Q' and 'QN' on cell 'q_reg[39]3'
         to break a timing loop. (OPT-314)
Warning: Disabling timing arc between pins 'Q' and 'QN' on cell 'q_reg[7]6'
         to break a timing loop. (OPT-314)
Warning: Disabling timing arc between pins 'Q' and 'QN' on cell 'q_reg[7]6'
         to break a timing loop. (OPT-314)
Warning: Disabling timing arc between pins 'Q' and 'QN' on cell 'q_reg[144]'
         to break a timing loop. (OPT-314)
Warning: Disabling timing arc between pins 'Q' and 'QN' on cell 'q_reg[144]'
         to break a timing loop. (OPT-314)
Warning: Disabling timing arc between pins 'Q' and 'QN' on cell 'q_reg[143]'
         to break a timing loop. (OPT-314)
Warning: Disabling timing arc between pins 'Q' and 'QN' on cell 'q_reg[143]'
         to break a timing loop. (OPT-314)
Warning: Disabling timing arc between pins 'Q' and 'QN' on cell 'q_reg[146]'
         to break a timing loop. (OPT-314)
Warning: Disabling timing arc between pins 'Q' and 'QN' on cell 'q_reg[146]'
         to break a timing loop. (OPT-314)
Warning: Disabling timing arc between pins 'Q' and 'QN' on cell 'q_reg[145]'
         to break a timing loop. (OPT-314)
Warning: Disabling timing arc between pins 'Q' and 'QN' on cell 'q_reg[145]'
         to break a timing loop. (OPT-314)
Warning: Disabling timing arc between pins 'Q' and 'QN' on cell 'q_reg[111]2'
         to break a timing loop. (OPT-314)
Warning: Disabling timing arc between pins 'Q' and 'QN' on cell 'q_reg[111]2'
         to break a timing loop. (OPT-314)
Warning: Disabling timing arc between pins 'Q' and 'QN' on cell 'q_reg[42]3'
         to break a timing loop. (OPT-314)
Warning: Disabling timing arc between pins 'Q' and 'QN' on cell 'q_reg[42]3'
         to break a timing loop. (OPT-314)
Warning: Disabling timing arc between pins 'Q' and 'QN' on cell 'q_reg[10]5'
         to break a timing loop. (OPT-314)
Warning: Disabling timing arc between pins 'Q' and 'QN' on cell 'q_reg[10]5'
         to break a timing loop. (OPT-314)
Warning: Disabling timing arc between pins 'Q' and 'QN' on cell 'q_reg[79]3'
         to break a timing loop. (OPT-314)
Warning: Disabling timing arc between pins 'Q' and 'QN' on cell 'q_reg[79]3'
         to break a timing loop. (OPT-314)
Warning: Disabling timing arc between pins 'Q' and 'QN' on cell 'q_reg[153]'
         to break a timing loop. (OPT-314)
Warning: Disabling timing arc between pins 'Q' and 'QN' on cell 'q_reg[153]'
         to break a timing loop. (OPT-314)
Warning: Disabling timing arc between pins 'Q' and 'QN' on cell 'q_reg[112]2'
         to break a timing loop. (OPT-314)
Warning: Disabling timing arc between pins 'Q' and 'QN' on cell 'q_reg[112]2'
         to break a timing loop. (OPT-314)
Warning: Disabling timing arc between pins 'Q' and 'QN' on cell 'q_reg[43]3'
         to break a timing loop. (OPT-314)
Warning: Disabling timing arc between pins 'Q' and 'QN' on cell 'q_reg[43]3'
         to break a timing loop. (OPT-314)
Warning: Disabling timing arc between pins 'Q' and 'QN' on cell 'q_reg[11]5'
         to break a timing loop. (OPT-314)
Warning: Disabling timing arc between pins 'Q' and 'QN' on cell 'q_reg[11]5'
         to break a timing loop. (OPT-314)
Warning: Disabling timing arc between pins 'Q' and 'QN' on cell 'q_reg[80]3'
         to break a timing loop. (OPT-314)
Warning: Disabling timing arc between pins 'Q' and 'QN' on cell 'q_reg[80]3'
         to break a timing loop. (OPT-314)
Warning: Disabling timing arc between pins 'Q' and 'QN' on cell 'q_reg[154]'
         to break a timing loop. (OPT-314)
Warning: Disabling timing arc between pins 'Q' and 'QN' on cell 'q_reg[154]'
         to break a timing loop. (OPT-314)
Warning: Disabling timing arc between pins 'Q' and 'QN' on cell 'q_reg[152]'
         to break a timing loop. (OPT-314)
Warning: Disabling timing arc between pins 'Q' and 'QN' on cell 'q_reg[152]'
         to break a timing loop. (OPT-314)
Warning: Disabling timing arc between pins 'Q' and 'QN' on cell 'q_reg[41]3'
         to break a timing loop. (OPT-314)
Warning: Disabling timing arc between pins 'Q' and 'QN' on cell 'q_reg[41]3'
         to break a timing loop. (OPT-314)
Warning: Disabling timing arc between pins 'Q' and 'QN' on cell 'q_reg[9]5'
         to break a timing loop. (OPT-314)
Warning: Disabling timing arc between pins 'Q' and 'QN' on cell 'q_reg[9]5'
         to break a timing loop. (OPT-314)
Warning: Disabling timing arc between pins 'Q' and 'QN' on cell 'q_reg[110]2'
         to break a timing loop. (OPT-314)
Warning: Disabling timing arc between pins 'Q' and 'QN' on cell 'q_reg[110]2'
         to break a timing loop. (OPT-314)
Warning: Disabling timing arc between pins 'Q' and 'QN' on cell 'q_reg[78]3'
         to break a timing loop. (OPT-314)
Warning: Disabling timing arc between pins 'Q' and 'QN' on cell 'q_reg[78]3'
         to break a timing loop. (OPT-314)
Warning: Disabling timing arc between pins 'Q' and 'QN' on cell 'q_reg[109]2'
         to break a timing loop. (OPT-314)
Warning: Disabling timing arc between pins 'Q' and 'QN' on cell 'q_reg[109]2'
         to break a timing loop. (OPT-314)
Warning: Disabling timing arc between pins 'Q' and 'QN' on cell 'q_reg[77]3'
         to break a timing loop. (OPT-314)
Warning: Disabling timing arc between pins 'Q' and 'QN' on cell 'q_reg[77]3'
         to break a timing loop. (OPT-314)
Warning: Disabling timing arc between pins 'Q' and 'QN' on cell 'q_reg[40]3'
         to break a timing loop. (OPT-314)
Warning: Disabling timing arc between pins 'Q' and 'QN' on cell 'q_reg[40]3'
         to break a timing loop. (OPT-314)
Warning: Disabling timing arc between pins 'Q' and 'QN' on cell 'q_reg[8]6'
         to break a timing loop. (OPT-314)
Warning: Disabling timing arc between pins 'Q' and 'QN' on cell 'q_reg[8]6'
         to break a timing loop. (OPT-314)
Warning: Disabling timing arc between pins 'Q' and 'QN' on cell 'q_reg[151]'
         to break a timing loop. (OPT-314)
Warning: Disabling timing arc between pins 'Q' and 'QN' on cell 'q_reg[151]'
         to break a timing loop. (OPT-314)
Warning: Disabling timing arc between pins 'Q' and 'QN' on cell 'q_reg[113]2'
         to break a timing loop. (OPT-314)
Warning: Disabling timing arc between pins 'Q' and 'QN' on cell 'q_reg[113]2'
         to break a timing loop. (OPT-314)
Warning: Disabling timing arc between pins 'Q' and 'QN' on cell 'q_reg[44]3'
         to break a timing loop. (OPT-314)
Warning: Disabling timing arc between pins 'Q' and 'QN' on cell 'q_reg[44]3'
         to break a timing loop. (OPT-314)
Warning: Disabling timing arc between pins 'Q' and 'QN' on cell 'q_reg[12]5'
         to break a timing loop. (OPT-314)
Warning: Disabling timing arc between pins 'Q' and 'QN' on cell 'q_reg[12]5'
         to break a timing loop. (OPT-314)
Warning: Disabling timing arc between pins 'Q' and 'QN' on cell 'q_reg[81]3'
         to break a timing loop. (OPT-314)
Warning: Disabling timing arc between pins 'Q' and 'QN' on cell 'q_reg[81]3'
         to break a timing loop. (OPT-314)
Warning: Disabling timing arc between pins 'Q' and 'QN' on cell 'q_reg[155]'
         to break a timing loop. (OPT-314)
Warning: Disabling timing arc between pins 'Q' and 'QN' on cell 'q_reg[155]'
         to break a timing loop. (OPT-314)
Warning: Disabling timing arc between pins 'Q' and 'QN' on cell 'q_reg[114]2'
         to break a timing loop. (OPT-314)
Warning: Disabling timing arc between pins 'Q' and 'QN' on cell 'q_reg[114]2'
         to break a timing loop. (OPT-314)
Warning: Disabling timing arc between pins 'Q' and 'QN' on cell 'q_reg[45]3'
         to break a timing loop. (OPT-314)
Warning: Disabling timing arc between pins 'Q' and 'QN' on cell 'q_reg[45]3'
         to break a timing loop. (OPT-314)
Warning: Disabling timing arc between pins 'Q' and 'QN' on cell 'q_reg[13]5'
         to break a timing loop. (OPT-314)
Warning: Disabling timing arc between pins 'Q' and 'QN' on cell 'q_reg[13]5'
         to break a timing loop. (OPT-314)
Warning: Disabling timing arc between pins 'Q' and 'QN' on cell 'q_reg[82]3'
         to break a timing loop. (OPT-314)
Warning: Disabling timing arc between pins 'Q' and 'QN' on cell 'q_reg[82]3'
         to break a timing loop. (OPT-314)
Warning: Disabling timing arc between pins 'Q' and 'QN' on cell 'q_reg[156]'
         to break a timing loop. (OPT-314)
Warning: Disabling timing arc between pins 'Q' and 'QN' on cell 'q_reg[156]'
         to break a timing loop. (OPT-314)
Warning: Disabling timing arc between pins 'Q' and 'QN' on cell 'q_reg[116]2'
         to break a timing loop. (OPT-314)
Warning: Disabling timing arc between pins 'Q' and 'QN' on cell 'q_reg[116]2'
         to break a timing loop. (OPT-314)
Warning: Disabling timing arc between pins 'Q' and 'QN' on cell 'q_reg[47]3'
         to break a timing loop. (OPT-314)
Warning: Disabling timing arc between pins 'Q' and 'QN' on cell 'q_reg[47]3'
         to break a timing loop. (OPT-314)
Warning: Disabling timing arc between pins 'Q' and 'QN' on cell 'q_reg[15]5'
         to break a timing loop. (OPT-314)
Warning: Disabling timing arc between pins 'Q' and 'QN' on cell 'q_reg[15]5'
         to break a timing loop. (OPT-314)
Warning: Disabling timing arc between pins 'Q' and 'QN' on cell 'q_reg[84]3'
         to break a timing loop. (OPT-314)
Warning: Disabling timing arc between pins 'Q' and 'QN' on cell 'q_reg[84]3'
         to break a timing loop. (OPT-314)
Warning: Disabling timing arc between pins 'Q' and 'QN' on cell 'q_reg[158]'
         to break a timing loop. (OPT-314)
Warning: Disabling timing arc between pins 'Q' and 'QN' on cell 'q_reg[158]'
         to break a timing loop. (OPT-314)
Warning: Disabling timing arc between pins 'Q' and 'QN' on cell 'q_reg[115]2'
         to break a timing loop. (OPT-314)
Warning: Disabling timing arc between pins 'Q' and 'QN' on cell 'q_reg[115]2'
         to break a timing loop. (OPT-314)
Warning: Disabling timing arc between pins 'Q' and 'QN' on cell 'q_reg[46]3'
         to break a timing loop. (OPT-314)
Warning: Disabling timing arc between pins 'Q' and 'QN' on cell 'q_reg[46]3'
         to break a timing loop. (OPT-314)
Warning: Disabling timing arc between pins 'Q' and 'QN' on cell 'q_reg[14]5'
         to break a timing loop. (OPT-314)
Warning: Disabling timing arc between pins 'Q' and 'QN' on cell 'q_reg[14]5'
         to break a timing loop. (OPT-314)
Warning: Disabling timing arc between pins 'Q' and 'QN' on cell 'q_reg[83]3'
         to break a timing loop. (OPT-314)
Warning: Disabling timing arc between pins 'Q' and 'QN' on cell 'q_reg[83]3'
         to break a timing loop. (OPT-314)
Warning: Disabling timing arc between pins 'Q' and 'QN' on cell 'q_reg[157]'
         to break a timing loop. (OPT-314)
Warning: Disabling timing arc between pins 'Q' and 'QN' on cell 'q_reg[157]'
         to break a timing loop. (OPT-314)
Warning: Disabling timing arc between pins 'Q' and 'QN' on cell 'q_reg[62]1'
         to break a timing loop. (OPT-314)
Warning: Disabling timing arc between pins 'Q' and 'QN' on cell 'q_reg[62]1'
         to break a timing loop. (OPT-314)
Warning: Disabling timing arc between pins 'Q' and 'QN' on cell 'q_reg[141]'
         to break a timing loop. (OPT-314)
Warning: Disabling timing arc between pins 'Q' and 'QN' on cell 'q_reg[141]'
         to break a timing loop. (OPT-314)
Warning: Disabling timing arc between pins 'Q' and 'QN' on cell 'q_reg[61]1'
         to break a timing loop. (OPT-314)
Warning: Disabling timing arc between pins 'Q' and 'QN' on cell 'q_reg[61]1'
         to break a timing loop. (OPT-314)
Warning: Disabling timing arc between pins 'Q' and 'QN' on cell 'q_reg[140]'
         to break a timing loop. (OPT-314)
Warning: Disabling timing arc between pins 'Q' and 'QN' on cell 'q_reg[140]'
         to break a timing loop. (OPT-314)
Warning: Disabling timing arc between pins 'Q' and 'QN' on cell 'q_reg[60]1'
         to break a timing loop. (OPT-314)
Warning: Disabling timing arc between pins 'Q' and 'QN' on cell 'q_reg[60]1'
         to break a timing loop. (OPT-314)
Warning: Disabling timing arc between pins 'Q' and 'QN' on cell 'q_reg[139]'
         to break a timing loop. (OPT-314)
Warning: Disabling timing arc between pins 'Q' and 'QN' on cell 'q_reg[139]'
         to break a timing loop. (OPT-314)
Warning: Disabling timing arc between pins 'Q' and 'QN' on cell 'q_reg[59]1'
         to break a timing loop. (OPT-314)
Warning: Disabling timing arc between pins 'Q' and 'QN' on cell 'q_reg[59]1'
         to break a timing loop. (OPT-314)
Warning: Disabling timing arc between pins 'Q' and 'QN' on cell 'q_reg[138]'
         to break a timing loop. (OPT-314)
Warning: Disabling timing arc between pins 'Q' and 'QN' on cell 'q_reg[138]'
         to break a timing loop. (OPT-314)
Warning: Disabling timing arc between pins 'Q' and 'QN' on cell 'q_reg[58]1'
         to break a timing loop. (OPT-314)
Warning: Disabling timing arc between pins 'Q' and 'QN' on cell 'q_reg[58]1'
         to break a timing loop. (OPT-314)
Warning: Disabling timing arc between pins 'Q' and 'QN' on cell 'q_reg[137]'
         to break a timing loop. (OPT-314)
Warning: Disabling timing arc between pins 'Q' and 'QN' on cell 'q_reg[137]'
         to break a timing loop. (OPT-314)
Warning: Disabling timing arc between pins 'Q' and 'QN' on cell 'q_reg[57]1'
         to break a timing loop. (OPT-314)
Warning: Disabling timing arc between pins 'Q' and 'QN' on cell 'q_reg[57]1'
         to break a timing loop. (OPT-314)
Warning: Disabling timing arc between pins 'Q' and 'QN' on cell 'q_reg[136]'
         to break a timing loop. (OPT-314)
Warning: Disabling timing arc between pins 'Q' and 'QN' on cell 'q_reg[136]'
         to break a timing loop. (OPT-314)
Warning: Disabling timing arc between pins 'Q' and 'QN' on cell 'q_reg[56]1'
         to break a timing loop. (OPT-314)
Warning: Disabling timing arc between pins 'Q' and 'QN' on cell 'q_reg[56]1'
         to break a timing loop. (OPT-314)
Warning: Disabling timing arc between pins 'Q' and 'QN' on cell 'q_reg[135]'
         to break a timing loop. (OPT-314)
Warning: Disabling timing arc between pins 'Q' and 'QN' on cell 'q_reg[135]'
         to break a timing loop. (OPT-314)
Warning: Disabling timing arc between pins 'Q' and 'QN' on cell 'q_reg[55]1'
         to break a timing loop. (OPT-314)
Warning: Disabling timing arc between pins 'Q' and 'QN' on cell 'q_reg[55]1'
         to break a timing loop. (OPT-314)
Warning: Disabling timing arc between pins 'Q' and 'QN' on cell 'q_reg[134]'
         to break a timing loop. (OPT-314)
Warning: Disabling timing arc between pins 'Q' and 'QN' on cell 'q_reg[134]'
         to break a timing loop. (OPT-314)
Warning: Disabling timing arc between pins 'Q' and 'QN' on cell 'q_reg[54]1'
         to break a timing loop. (OPT-314)
Warning: Disabling timing arc between pins 'Q' and 'QN' on cell 'q_reg[54]1'
         to break a timing loop. (OPT-314)
Warning: Disabling timing arc between pins 'Q' and 'QN' on cell 'q_reg[133]'
         to break a timing loop. (OPT-314)
Warning: Disabling timing arc between pins 'Q' and 'QN' on cell 'q_reg[133]'
         to break a timing loop. (OPT-314)
Warning: Disabling timing arc between pins 'Q' and 'QN' on cell 'q_reg[53]1'
         to break a timing loop. (OPT-314)
Warning: Disabling timing arc between pins 'Q' and 'QN' on cell 'q_reg[53]1'
         to break a timing loop. (OPT-314)
Warning: Disabling timing arc between pins 'Q' and 'QN' on cell 'q_reg[132]'
         to break a timing loop. (OPT-314)
Warning: Disabling timing arc between pins 'Q' and 'QN' on cell 'q_reg[132]'
         to break a timing loop. (OPT-314)
Warning: Disabling timing arc between pins 'Q' and 'QN' on cell 'q_reg[52]1'
         to break a timing loop. (OPT-314)
Warning: Disabling timing arc between pins 'Q' and 'QN' on cell 'q_reg[52]1'
         to break a timing loop. (OPT-314)
Warning: Disabling timing arc between pins 'Q' and 'QN' on cell 'q_reg[131]'
         to break a timing loop. (OPT-314)
Warning: Disabling timing arc between pins 'Q' and 'QN' on cell 'q_reg[131]'
         to break a timing loop. (OPT-314)
Warning: Disabling timing arc between pins 'Q' and 'QN' on cell 'q_reg[51]1'
         to break a timing loop. (OPT-314)
Warning: Disabling timing arc between pins 'Q' and 'QN' on cell 'q_reg[51]1'
         to break a timing loop. (OPT-314)
Warning: Disabling timing arc between pins 'Q' and 'QN' on cell 'q_reg[130]'
         to break a timing loop. (OPT-314)
Warning: Disabling timing arc between pins 'Q' and 'QN' on cell 'q_reg[130]'
         to break a timing loop. (OPT-314)
Warning: Disabling timing arc between pins 'Q' and 'QN' on cell 'q_reg[48]1'
         to break a timing loop. (OPT-314)
Warning: Disabling timing arc between pins 'Q' and 'QN' on cell 'q_reg[48]1'
         to break a timing loop. (OPT-314)
Warning: Disabling timing arc between pins 'Q' and 'QN' on cell 'q_reg[127]'
         to break a timing loop. (OPT-314)
Warning: Disabling timing arc between pins 'Q' and 'QN' on cell 'q_reg[127]'
         to break a timing loop. (OPT-314)
Warning: Disabling timing arc between pins 'Q' and 'QN' on cell 'q_reg[46]1'
         to break a timing loop. (OPT-314)
Warning: Disabling timing arc between pins 'Q' and 'QN' on cell 'q_reg[46]1'
         to break a timing loop. (OPT-314)
Warning: Disabling timing arc between pins 'Q' and 'QN' on cell 'q_reg[125]'
         to break a timing loop. (OPT-314)
Warning: Disabling timing arc between pins 'Q' and 'QN' on cell 'q_reg[125]'
         to break a timing loop. (OPT-314)
Warning: Disabling timing arc between pins 'Q' and 'QN' on cell 'q_reg[47]1'
         to break a timing loop. (OPT-314)
Warning: Disabling timing arc between pins 'Q' and 'QN' on cell 'q_reg[47]1'
         to break a timing loop. (OPT-314)
Warning: Disabling timing arc between pins 'Q' and 'QN' on cell 'q_reg[126]'
         to break a timing loop. (OPT-314)
Warning: Disabling timing arc between pins 'Q' and 'QN' on cell 'q_reg[126]'
         to break a timing loop. (OPT-314)
Warning: Disabling timing arc between pins 'Q' and 'QN' on cell 'q_reg[50]1'
         to break a timing loop. (OPT-314)
Warning: Disabling timing arc between pins 'Q' and 'QN' on cell 'q_reg[50]1'
         to break a timing loop. (OPT-314)
Warning: Disabling timing arc between pins 'Q' and 'QN' on cell 'q_reg[129]'
         to break a timing loop. (OPT-314)
Warning: Disabling timing arc between pins 'Q' and 'QN' on cell 'q_reg[129]'
         to break a timing loop. (OPT-314)
Warning: Disabling timing arc between pins 'Q' and 'QN' on cell 'q_reg[49]1'
         to break a timing loop. (OPT-314)
Warning: Disabling timing arc between pins 'Q' and 'QN' on cell 'q_reg[49]1'
         to break a timing loop. (OPT-314)
Warning: Disabling timing arc between pins 'Q' and 'QN' on cell 'q_reg[128]'
         to break a timing loop. (OPT-314)
Warning: Disabling timing arc between pins 'Q' and 'QN' on cell 'q_reg[128]'
         to break a timing loop. (OPT-314)
Warning: Disabling timing arc between pins 'Q' and 'QN' on cell 'q_reg[45]1'
         to break a timing loop. (OPT-314)
Warning: Disabling timing arc between pins 'Q' and 'QN' on cell 'q_reg[45]1'
         to break a timing loop. (OPT-314)
Warning: Disabling timing arc between pins 'Q' and 'QN' on cell 'q_reg[124]'
         to break a timing loop. (OPT-314)
Warning: Disabling timing arc between pins 'Q' and 'QN' on cell 'q_reg[124]'
         to break a timing loop. (OPT-314)
Warning: Disabling timing arc between pins 'Q' and 'QN' on cell 'q_reg[123]'
         to break a timing loop. (OPT-314)
Warning: Disabling timing arc between pins 'Q' and 'QN' on cell 'q_reg[123]'
         to break a timing loop. (OPT-314)
Warning: Disabling timing arc between pins 'Q' and 'QN' on cell 'q_reg[44]1'
         to break a timing loop. (OPT-314)
Warning: Disabling timing arc between pins 'Q' and 'QN' on cell 'q_reg[44]1'
         to break a timing loop. (OPT-314)
Warning: Disabling timing arc between pins 'Q' and 'QN' on cell 'q_reg[43]1'
         to break a timing loop. (OPT-314)
Warning: Disabling timing arc between pins 'Q' and 'QN' on cell 'q_reg[43]1'
         to break a timing loop. (OPT-314)
Warning: Disabling timing arc between pins 'Q' and 'QN' on cell 'q_reg[122]'
         to break a timing loop. (OPT-314)
Warning: Disabling timing arc between pins 'Q' and 'QN' on cell 'q_reg[122]'
         to break a timing loop. (OPT-314)
Warning: Disabling timing arc between pins 'Q' and 'QN' on cell 'q_reg[121]'
         to break a timing loop. (OPT-314)
Warning: Disabling timing arc between pins 'Q' and 'QN' on cell 'q_reg[121]'
         to break a timing loop. (OPT-314)
Warning: Disabling timing arc between pins 'Q' and 'QN' on cell 'q_reg[42]1'
         to break a timing loop. (OPT-314)
Warning: Disabling timing arc between pins 'Q' and 'QN' on cell 'q_reg[42]1'
         to break a timing loop. (OPT-314)
Warning: Disabling timing arc between pins 'Q' and 'QN' on cell 'q_reg[41]1'
         to break a timing loop. (OPT-314)
Warning: Disabling timing arc between pins 'Q' and 'QN' on cell 'q_reg[41]1'
         to break a timing loop. (OPT-314)
Warning: Disabling timing arc between pins 'Q' and 'QN' on cell 'q_reg[120]'
         to break a timing loop. (OPT-314)
Warning: Disabling timing arc between pins 'Q' and 'QN' on cell 'q_reg[120]'
         to break a timing loop. (OPT-314)
Warning: Disabling timing arc between pins 'Q' and 'QN' on cell 'q_reg[40]1'
         to break a timing loop. (OPT-314)
Warning: Disabling timing arc between pins 'Q' and 'QN' on cell 'q_reg[40]1'
         to break a timing loop. (OPT-314)
Warning: Disabling timing arc between pins 'Q' and 'QN' on cell 'q_reg[119]'
         to break a timing loop. (OPT-314)
Warning: Disabling timing arc between pins 'Q' and 'QN' on cell 'q_reg[119]'
         to break a timing loop. (OPT-314)
Warning: Disabling timing arc between pins 'Q' and 'QN' on cell 'q_reg[39]1'
         to break a timing loop. (OPT-314)
Warning: Disabling timing arc between pins 'Q' and 'QN' on cell 'q_reg[39]1'
         to break a timing loop. (OPT-314)
Warning: Disabling timing arc between pins 'Q' and 'QN' on cell 'q_reg[118]'
         to break a timing loop. (OPT-314)
Warning: Disabling timing arc between pins 'Q' and 'QN' on cell 'q_reg[118]'
         to break a timing loop. (OPT-314)
Warning: Disabling timing arc between pins 'Q' and 'QN' on cell 'q_reg[38]1'
         to break a timing loop. (OPT-314)
Warning: Disabling timing arc between pins 'Q' and 'QN' on cell 'q_reg[38]1'
         to break a timing loop. (OPT-314)
Warning: Disabling timing arc between pins 'Q' and 'QN' on cell 'q_reg[117]'
         to break a timing loop. (OPT-314)
Warning: Disabling timing arc between pins 'Q' and 'QN' on cell 'q_reg[117]'
         to break a timing loop. (OPT-314)
Warning: Disabling timing arc between pins 'Q' and 'QN' on cell 'q_reg[37]1'
         to break a timing loop. (OPT-314)
Warning: Disabling timing arc between pins 'Q' and 'QN' on cell 'q_reg[37]1'
         to break a timing loop. (OPT-314)
Warning: Disabling timing arc between pins 'Q' and 'QN' on cell 'q_reg[116]'
         to break a timing loop. (OPT-314)
Warning: Disabling timing arc between pins 'Q' and 'QN' on cell 'q_reg[116]'
         to break a timing loop. (OPT-314)
Warning: Disabling timing arc between pins 'Q' and 'QN' on cell 'q_reg[13]'
         to break a timing loop. (OPT-314)
Warning: Disabling timing arc between pins 'Q' and 'QN' on cell 'q_reg[13]'
         to break a timing loop. (OPT-314)
Warning: Disabling timing arc between pins 'Q' and 'QN' on cell 'q_reg[88]'
         to break a timing loop. (OPT-314)
Warning: Disabling timing arc between pins 'Q' and 'QN' on cell 'q_reg[88]'
         to break a timing loop. (OPT-314)
Warning: Disabling timing arc between pins 'Q' and 'QN' on cell 'q_reg[68]1'
         to break a timing loop. (OPT-314)
Warning: Disabling timing arc between pins 'Q' and 'QN' on cell 'q_reg[68]1'
         to break a timing loop. (OPT-314)
Warning: Disabling timing arc between pins 'Q' and 'QN' on cell 'q_reg[66]1'
         to break a timing loop. (OPT-314)
Warning: Disabling timing arc between pins 'Q' and 'QN' on cell 'q_reg[66]1'
         to break a timing loop. (OPT-314)
Warning: Disabling timing arc between pins 'Q' and 'QN' on cell 'q_reg[86]'
         to break a timing loop. (OPT-314)
Warning: Disabling timing arc between pins 'Q' and 'QN' on cell 'q_reg[86]'
         to break a timing loop. (OPT-314)
Warning: Disabling timing arc between pins 'Q' and 'QN' on cell 'q_reg[84]'
         to break a timing loop. (OPT-314)
Warning: Disabling timing arc between pins 'Q' and 'QN' on cell 'q_reg[84]'
         to break a timing loop. (OPT-314)
Warning: Disabling timing arc between pins 'Q' and 'QN' on cell 'q_reg[64]1'
         to break a timing loop. (OPT-314)
Warning: Disabling timing arc between pins 'Q' and 'QN' on cell 'q_reg[64]1'
         to break a timing loop. (OPT-314)
Warning: Disabling timing arc between pins 'Q' and 'QN' on cell 'q_reg[87]'
         to break a timing loop. (OPT-314)
Warning: Disabling timing arc between pins 'Q' and 'QN' on cell 'q_reg[87]'
         to break a timing loop. (OPT-314)
Warning: Disabling timing arc between pins 'Q' and 'QN' on cell 'q_reg[67]1'
         to break a timing loop. (OPT-314)
Warning: Disabling timing arc between pins 'Q' and 'QN' on cell 'q_reg[67]1'
         to break a timing loop. (OPT-314)
Warning: Disabling timing arc between pins 'Q' and 'QN' on cell 'q_reg[65]1'
         to break a timing loop. (OPT-314)
Warning: Disabling timing arc between pins 'Q' and 'QN' on cell 'q_reg[65]1'
         to break a timing loop. (OPT-314)
Warning: Disabling timing arc between pins 'Q' and 'QN' on cell 'q_reg[85]'
         to break a timing loop. (OPT-314)
Warning: Disabling timing arc between pins 'Q' and 'QN' on cell 'q_reg[85]'
         to break a timing loop. (OPT-314)
Warning: Disabling timing arc between pins 'Q' and 'QN' on cell 'q_reg[81]'
         to break a timing loop. (OPT-314)
Warning: Disabling timing arc between pins 'Q' and 'QN' on cell 'q_reg[81]'
         to break a timing loop. (OPT-314)
Warning: Disabling timing arc between pins 'Q' and 'QN' on cell 'q_reg[82]'
         to break a timing loop. (OPT-314)
Warning: Disabling timing arc between pins 'Q' and 'QN' on cell 'q_reg[82]'
         to break a timing loop. (OPT-314)
Warning: Disabling timing arc between pins 'Q' and 'QN' on cell 'q_reg[80]'
         to break a timing loop. (OPT-314)
Warning: Disabling timing arc between pins 'Q' and 'QN' on cell 'q_reg[80]'
         to break a timing loop. (OPT-314)
Warning: Disabling timing arc between pins 'Q' and 'QN' on cell 'q_reg[79]'
         to break a timing loop. (OPT-314)
Warning: Disabling timing arc between pins 'Q' and 'QN' on cell 'q_reg[79]'
         to break a timing loop. (OPT-314)
Warning: Disabling timing arc between pins 'Q' and 'QN' on cell 'q_reg[83]'
         to break a timing loop. (OPT-314)
Warning: Disabling timing arc between pins 'Q' and 'QN' on cell 'q_reg[83]'
         to break a timing loop. (OPT-314)
Warning: Disabling timing arc between pins 'Q' and 'QN' on cell 'q_reg[10]'
         to break a timing loop. (OPT-314)
Warning: Disabling timing arc between pins 'Q' and 'QN' on cell 'q_reg[10]'
         to break a timing loop. (OPT-314)
Warning: Disabling timing arc between pins 'Q' and 'QN' on cell 'q_reg[11]'
         to break a timing loop. (OPT-314)
Warning: Disabling timing arc between pins 'Q' and 'QN' on cell 'q_reg[11]'
         to break a timing loop. (OPT-314)
Warning: Disabling timing arc between pins 'Q' and 'QN' on cell 'q_reg[1]'
         to break a timing loop. (OPT-314)
Warning: Disabling timing arc between pins 'Q' and 'QN' on cell 'q_reg[1]'
         to break a timing loop. (OPT-314)
Warning: Disabling timing arc between pins 'Q' and 'QN' on cell 'q_reg[2]'
         to break a timing loop. (OPT-314)
Warning: Disabling timing arc between pins 'Q' and 'QN' on cell 'q_reg[2]'
         to break a timing loop. (OPT-314)
Warning: Disabling timing arc between pins 'Q' and 'QN' on cell 'q_reg[0]'
         to break a timing loop. (OPT-314)
Warning: Disabling timing arc between pins 'Q' and 'QN' on cell 'q_reg[0]'
         to break a timing loop. (OPT-314)
Warning: Disabling timing arc between pins 'Q' and 'QN' on cell 'q_reg[94]'
         to break a timing loop. (OPT-314)
Warning: Disabling timing arc between pins 'Q' and 'QN' on cell 'q_reg[94]'
         to break a timing loop. (OPT-314)
Warning: Disabling timing arc between pins 'Q' and 'QN' on cell 'q_reg[31]1'
         to break a timing loop. (OPT-314)
Warning: Disabling timing arc between pins 'Q' and 'QN' on cell 'q_reg[31]1'
         to break a timing loop. (OPT-314)
Warning: Disabling timing arc between pins 'Q' and 'QN' on cell 'q_reg[31]2'
         to break a timing loop. (OPT-314)
Warning: Disabling timing arc between pins 'Q' and 'QN' on cell 'q_reg[31]2'
         to break a timing loop. (OPT-314)
Warning: Disabling timing arc between pins 'Q' and 'QN' on cell 'q_reg[63]2'
         to break a timing loop. (OPT-314)
Warning: Disabling timing arc between pins 'Q' and 'QN' on cell 'q_reg[63]2'
         to break a timing loop. (OPT-314)
Warning: Disabling timing arc between pins 'Q' and 'QN' on cell 'q_reg[65]'
         to break a timing loop. (OPT-314)
Warning: Disabling timing arc between pins 'Q' and 'QN' on cell 'q_reg[65]'
         to break a timing loop. (OPT-314)
Warning: Disabling timing arc between pins 'Q' and 'QN' on cell 'q_reg[66]'
         to break a timing loop. (OPT-314)
Warning: Disabling timing arc between pins 'Q' and 'QN' on cell 'q_reg[66]'
         to break a timing loop. (OPT-314)
Warning: Disabling timing arc between pins 'Q' and 'QN' on cell 'q_reg[67]'
         to break a timing loop. (OPT-314)
Warning: Disabling timing arc between pins 'Q' and 'QN' on cell 'q_reg[67]'
         to break a timing loop. (OPT-314)
Warning: Disabling timing arc between pins 'Q' and 'QN' on cell 'q_reg[68]'
         to break a timing loop. (OPT-314)
Warning: Disabling timing arc between pins 'Q' and 'QN' on cell 'q_reg[68]'
         to break a timing loop. (OPT-314)
Warning: Disabling timing arc between pins 'Q' and 'QN' on cell 'q_reg[69]'
         to break a timing loop. (OPT-314)
Warning: Disabling timing arc between pins 'Q' and 'QN' on cell 'q_reg[69]'
         to break a timing loop. (OPT-314)
Warning: Disabling timing arc between pins 'Q' and 'QN' on cell 'q_reg[6]1'
         to break a timing loop. (OPT-314)
Warning: Disabling timing arc between pins 'Q' and 'QN' on cell 'q_reg[6]1'
         to break a timing loop. (OPT-314)
Warning: Disabling timing arc between pins 'Q' and 'QN' on cell 'q_reg[70]'
         to break a timing loop. (OPT-314)
Warning: Disabling timing arc between pins 'Q' and 'QN' on cell 'q_reg[70]'
         to break a timing loop. (OPT-314)
Warning: Disabling timing arc between pins 'Q' and 'QN' on cell 'q_reg[12]'
         to break a timing loop. (OPT-314)
Warning: Disabling timing arc between pins 'Q' and 'QN' on cell 'q_reg[12]'
         to break a timing loop. (OPT-314)
Warning: Disabling timing arc between pins 'Q' and 'QN' on cell 'q_reg[3]'
         to break a timing loop. (OPT-314)
Warning: Disabling timing arc between pins 'Q' and 'QN' on cell 'q_reg[3]'
         to break a timing loop. (OPT-314)
Warning: Disabling timing arc between pins 'Q' and 'QN' on cell 'q_reg[109]'
         to break a timing loop. (OPT-314)
Warning: Disabling timing arc between pins 'Q' and 'QN' on cell 'q_reg[109]'
         to break a timing loop. (OPT-314)
Warning: Disabling timing arc between pins 'Q' and 'QN' on cell 'q_reg[108]'
         to break a timing loop. (OPT-314)
Warning: Disabling timing arc between pins 'Q' and 'QN' on cell 'q_reg[108]'
         to break a timing loop. (OPT-314)
Warning: Disabling timing arc between pins 'Q' and 'QN' on cell 'q_reg[107]'
         to break a timing loop. (OPT-314)
Warning: Disabling timing arc between pins 'Q' and 'QN' on cell 'q_reg[107]'
         to break a timing loop. (OPT-314)
Warning: Disabling timing arc between pins 'Q' and 'QN' on cell 'q_reg[106]'
         to break a timing loop. (OPT-314)
Warning: Disabling timing arc between pins 'Q' and 'QN' on cell 'q_reg[106]'
         to break a timing loop. (OPT-314)
Warning: Disabling timing arc between pins 'Q' and 'QN' on cell 'q_reg[105]'
         to break a timing loop. (OPT-314)
Warning: Disabling timing arc between pins 'Q' and 'QN' on cell 'q_reg[105]'
         to break a timing loop. (OPT-314)
Warning: Disabling timing arc between pins 'Q' and 'QN' on cell 'q_reg[104]'
         to break a timing loop. (OPT-314)
Warning: Disabling timing arc between pins 'Q' and 'QN' on cell 'q_reg[104]'
         to break a timing loop. (OPT-314)
Warning: Disabling timing arc between pins 'Q' and 'QN' on cell 'q_reg[103]'
         to break a timing loop. (OPT-314)
Warning: Disabling timing arc between pins 'Q' and 'QN' on cell 'q_reg[103]'
         to break a timing loop. (OPT-314)
Warning: Disabling timing arc between pins 'Q' and 'QN' on cell 'q_reg[102]'
         to break a timing loop. (OPT-314)
Warning: Disabling timing arc between pins 'Q' and 'QN' on cell 'q_reg[102]'
         to break a timing loop. (OPT-314)
Warning: Disabling timing arc between pins 'Q' and 'QN' on cell 'q_reg[101]'
         to break a timing loop. (OPT-314)
Warning: Disabling timing arc between pins 'Q' and 'QN' on cell 'q_reg[101]'
         to break a timing loop. (OPT-314)
Warning: Disabling timing arc between pins 'Q' and 'QN' on cell 'q_reg[100]'
         to break a timing loop. (OPT-314)
Warning: Disabling timing arc between pins 'Q' and 'QN' on cell 'q_reg[100]'
         to break a timing loop. (OPT-314)
Warning: Disabling timing arc between pins 'Q' and 'QN' on cell 'q_reg[99]'
         to break a timing loop. (OPT-314)
Warning: Disabling timing arc between pins 'Q' and 'QN' on cell 'q_reg[99]'
         to break a timing loop. (OPT-314)
Warning: Disabling timing arc between pins 'Q' and 'QN' on cell 'q_reg[98]'
         to break a timing loop. (OPT-314)
Warning: Disabling timing arc between pins 'Q' and 'QN' on cell 'q_reg[98]'
         to break a timing loop. (OPT-314)
Warning: Disabling timing arc between pins 'Q' and 'QN' on cell 'q_reg[97]'
         to break a timing loop. (OPT-314)
Warning: Disabling timing arc between pins 'Q' and 'QN' on cell 'q_reg[97]'
         to break a timing loop. (OPT-314)
Warning: Disabling timing arc between pins 'Q' and 'QN' on cell 'q_reg[96]'
         to break a timing loop. (OPT-314)
Warning: Disabling timing arc between pins 'Q' and 'QN' on cell 'q_reg[96]'
         to break a timing loop. (OPT-314)
Warning: Disabling timing arc between pins 'Q' and 'QN' on cell 'q_reg[95]1'
         to break a timing loop. (OPT-314)
Warning: Disabling timing arc between pins 'Q' and 'QN' on cell 'q_reg[95]1'
         to break a timing loop. (OPT-314)
Warning: Disabling timing arc between pins 'Q' and 'QN' on cell 'q_reg[94]1'
         to break a timing loop. (OPT-314)
Warning: Disabling timing arc between pins 'Q' and 'QN' on cell 'q_reg[94]1'
         to break a timing loop. (OPT-314)
Warning: Disabling timing arc between pins 'Q' and 'QN' on cell 'q_reg[93]1'
         to break a timing loop. (OPT-314)
Warning: Disabling timing arc between pins 'Q' and 'QN' on cell 'q_reg[93]1'
         to break a timing loop. (OPT-314)
Warning: Disabling timing arc between pins 'Q' and 'QN' on cell 'q_reg[92]1'
         to break a timing loop. (OPT-314)
Warning: Disabling timing arc between pins 'Q' and 'QN' on cell 'q_reg[92]1'
         to break a timing loop. (OPT-314)
Warning: Disabling timing arc between pins 'Q' and 'QN' on cell 'q_reg[91]1'
         to break a timing loop. (OPT-314)
Warning: Disabling timing arc between pins 'Q' and 'QN' on cell 'q_reg[91]1'
         to break a timing loop. (OPT-314)
Warning: Disabling timing arc between pins 'Q' and 'QN' on cell 'q_reg[90]1'
         to break a timing loop. (OPT-314)
Warning: Disabling timing arc between pins 'Q' and 'QN' on cell 'q_reg[90]1'
         to break a timing loop. (OPT-314)
Warning: Disabling timing arc between pins 'Q' and 'QN' on cell 'q_reg[89]1'
         to break a timing loop. (OPT-314)
Warning: Disabling timing arc between pins 'Q' and 'QN' on cell 'q_reg[89]1'
         to break a timing loop. (OPT-314)
Warning: Disabling timing arc between pins 'Q' and 'QN' on cell 'q_reg[88]1'
         to break a timing loop. (OPT-314)
Warning: Disabling timing arc between pins 'Q' and 'QN' on cell 'q_reg[88]1'
         to break a timing loop. (OPT-314)
Warning: Disabling timing arc between pins 'Q' and 'QN' on cell 'q_reg[87]1'
         to break a timing loop. (OPT-314)
Warning: Disabling timing arc between pins 'Q' and 'QN' on cell 'q_reg[87]1'
         to break a timing loop. (OPT-314)
Warning: Disabling timing arc between pins 'Q' and 'QN' on cell 'q_reg[86]1'
         to break a timing loop. (OPT-314)
Warning: Disabling timing arc between pins 'Q' and 'QN' on cell 'q_reg[86]1'
         to break a timing loop. (OPT-314)
Warning: Disabling timing arc between pins 'Q' and 'QN' on cell 'q_reg[85]1'
         to break a timing loop. (OPT-314)
Warning: Disabling timing arc between pins 'Q' and 'QN' on cell 'q_reg[85]1'
         to break a timing loop. (OPT-314)
Warning: Disabling timing arc between pins 'Q' and 'QN' on cell 'q_reg[84]1'
         to break a timing loop. (OPT-314)
Warning: Disabling timing arc between pins 'Q' and 'QN' on cell 'q_reg[84]1'
         to break a timing loop. (OPT-314)
Warning: Disabling timing arc between pins 'Q' and 'QN' on cell 'q_reg[83]1'
         to break a timing loop. (OPT-314)
Warning: Disabling timing arc between pins 'Q' and 'QN' on cell 'q_reg[83]1'
         to break a timing loop. (OPT-314)
Warning: Disabling timing arc between pins 'Q' and 'QN' on cell 'q_reg[82]1'
         to break a timing loop. (OPT-314)
Warning: Disabling timing arc between pins 'Q' and 'QN' on cell 'q_reg[82]1'
         to break a timing loop. (OPT-314)
Warning: Disabling timing arc between pins 'Q' and 'QN' on cell 'q_reg[81]1'
         to break a timing loop. (OPT-314)
Warning: Disabling timing arc between pins 'Q' and 'QN' on cell 'q_reg[81]1'
         to break a timing loop. (OPT-314)
Warning: Disabling timing arc between pins 'Q' and 'QN' on cell 'q_reg[80]1'
         to break a timing loop. (OPT-314)
Warning: Disabling timing arc between pins 'Q' and 'QN' on cell 'q_reg[80]1'
         to break a timing loop. (OPT-314)
Warning: Disabling timing arc between pins 'Q' and 'QN' on cell 'q_reg[79]1'
         to break a timing loop. (OPT-314)
Warning: Disabling timing arc between pins 'Q' and 'QN' on cell 'q_reg[79]1'
         to break a timing loop. (OPT-314)
Warning: Disabling timing arc between pins 'Q' and 'QN' on cell 'q_reg[110]'
         to break a timing loop. (OPT-314)
Warning: Disabling timing arc between pins 'Q' and 'QN' on cell 'q_reg[110]'
         to break a timing loop. (OPT-314)
Warning: Disabling timing arc between pins 'Q' and 'QN' on cell 'q_reg[31]3'
         to break a timing loop. (OPT-314)
Warning: Disabling timing arc between pins 'Q' and 'QN' on cell 'q_reg[31]3'
         to break a timing loop. (OPT-314)
Warning: Disabling timing arc between pins 'Q' and 'QN' on cell 'q_reg[63]'
         to break a timing loop. (OPT-314)
Warning: Disabling timing arc between pins 'Q' and 'QN' on cell 'q_reg[63]'
         to break a timing loop. (OPT-314)
Warning: Disabling timing arc between pins 'Q' and 'QN' on cell 'q_reg[14]'
         to break a timing loop. (OPT-314)
Warning: Disabling timing arc between pins 'Q' and 'QN' on cell 'q_reg[14]'
         to break a timing loop. (OPT-314)
Warning: Disabling timing arc between pins 'Q' and 'QN' on cell 'q_reg[7]1'
         to break a timing loop. (OPT-314)
Warning: Disabling timing arc between pins 'Q' and 'QN' on cell 'q_reg[7]1'
         to break a timing loop. (OPT-314)
Warning: Disabling timing arc between pins 'Q' and 'QN' on cell 'q_reg[15]'
         to break a timing loop. (OPT-314)
Warning: Disabling timing arc between pins 'Q' and 'QN' on cell 'q_reg[15]'
         to break a timing loop. (OPT-314)
Warning: Disabling timing arc between pins 'Q' and 'QN' on cell 'q_reg[71]'
         to break a timing loop. (OPT-314)
Warning: Disabling timing arc between pins 'Q' and 'QN' on cell 'q_reg[71]'
         to break a timing loop. (OPT-314)
Warning: Disabling timing arc between pins 'Q' and 'QN' on cell 'q_reg[72]'
         to break a timing loop. (OPT-314)
Warning: Disabling timing arc between pins 'Q' and 'QN' on cell 'q_reg[72]'
         to break a timing loop. (OPT-314)
Warning: Disabling timing arc between pins 'Q' and 'QN' on cell 'q_reg[73]'
         to break a timing loop. (OPT-314)
Warning: Disabling timing arc between pins 'Q' and 'QN' on cell 'q_reg[73]'
         to break a timing loop. (OPT-314)
Warning: Disabling timing arc between pins 'Q' and 'QN' on cell 'q_reg[74]'
         to break a timing loop. (OPT-314)
Warning: Disabling timing arc between pins 'Q' and 'QN' on cell 'q_reg[74]'
         to break a timing loop. (OPT-314)
Warning: Disabling timing arc between pins 'Q' and 'QN' on cell 'q_reg[75]'
         to break a timing loop. (OPT-314)
Warning: Disabling timing arc between pins 'Q' and 'QN' on cell 'q_reg[75]'
         to break a timing loop. (OPT-314)
Warning: Disabling timing arc between pins 'Q' and 'QN' on cell 'q_reg[76]'
         to break a timing loop. (OPT-314)
Warning: Disabling timing arc between pins 'Q' and 'QN' on cell 'q_reg[76]'
         to break a timing loop. (OPT-314)
Warning: Disabling timing arc between pins 'Q' and 'QN' on cell 'q_reg[77]'
         to break a timing loop. (OPT-314)
Warning: Disabling timing arc between pins 'Q' and 'QN' on cell 'q_reg[77]'
         to break a timing loop. (OPT-314)
Warning: Disabling timing arc between pins 'Q' and 'QN' on cell 'q_reg[78]'
         to break a timing loop. (OPT-314)
Warning: Disabling timing arc between pins 'Q' and 'QN' on cell 'q_reg[78]'
         to break a timing loop. (OPT-314)
Warning: Disabling timing arc between pins 'Q' and 'QN' on cell 'rf_reg[11][31]'
         to break a timing loop. (OPT-314)
Warning: Disabling timing arc between pins 'Q' and 'QN' on cell 'rf_reg[11][31]'
         to break a timing loop. (OPT-314)
Warning: Disabling timing arc between pins 'Q' and 'QN' on cell 'rf_reg[5][31]'
         to break a timing loop. (OPT-314)
Warning: Disabling timing arc between pins 'Q' and 'QN' on cell 'rf_reg[5][31]'
         to break a timing loop. (OPT-314)
Warning: Disabling timing arc between pins 'Q' and 'QN' on cell 'rf_reg[21][31]'
         to break a timing loop. (OPT-314)
Warning: Disabling timing arc between pins 'Q' and 'QN' on cell 'rf_reg[21][31]'
         to break a timing loop. (OPT-314)
Warning: Disabling timing arc between pins 'Q' and 'QN' on cell 'rf_reg[17][31]'
         to break a timing loop. (OPT-314)
Warning: Disabling timing arc between pins 'Q' and 'QN' on cell 'rf_reg[17][31]'
         to break a timing loop. (OPT-314)
Warning: Disabling timing arc between pins 'Q' and 'QN' on cell 'rf_reg[9][31]'
         to break a timing loop. (OPT-314)
Warning: Disabling timing arc between pins 'Q' and 'QN' on cell 'rf_reg[9][31]'
         to break a timing loop. (OPT-314)
Warning: Disabling timing arc between pins 'Q' and 'QN' on cell 'rf_reg[10][31]'
         to break a timing loop. (OPT-314)
Warning: Disabling timing arc between pins 'Q' and 'QN' on cell 'rf_reg[10][31]'
         to break a timing loop. (OPT-314)
Warning: Disabling timing arc between pins 'Q' and 'QN' on cell 'rf_reg[15][31]'
         to break a timing loop. (OPT-314)
Warning: Disabling timing arc between pins 'Q' and 'QN' on cell 'rf_reg[15][31]'
         to break a timing loop. (OPT-314)
Warning: Disabling timing arc between pins 'Q' and 'QN' on cell 'rf_reg[8][31]'
         to break a timing loop. (OPT-314)
Warning: Disabling timing arc between pins 'Q' and 'QN' on cell 'rf_reg[8][31]'
         to break a timing loop. (OPT-314)
Warning: Disabling timing arc between pins 'Q' and 'QN' on cell 'rf_reg[29][31]'
         to break a timing loop. (OPT-314)
Warning: Disabling timing arc between pins 'Q' and 'QN' on cell 'rf_reg[29][31]'
         to break a timing loop. (OPT-314)
Warning: Disabling timing arc between pins 'Q' and 'QN' on cell 'rf_reg[28][31]'
         to break a timing loop. (OPT-314)
Warning: Disabling timing arc between pins 'Q' and 'QN' on cell 'rf_reg[28][31]'
         to break a timing loop. (OPT-314)
Warning: Disabling timing arc between pins 'Q' and 'QN' on cell 'rf_reg[1][31]'
         to break a timing loop. (OPT-314)
Warning: Disabling timing arc between pins 'Q' and 'QN' on cell 'rf_reg[1][31]'
         to break a timing loop. (OPT-314)
Warning: Disabling timing arc between pins 'Q' and 'QN' on cell 'rf_reg[13][31]'
         to break a timing loop. (OPT-314)
Warning: Disabling timing arc between pins 'Q' and 'QN' on cell 'rf_reg[13][31]'
         to break a timing loop. (OPT-314)
Warning: Disabling timing arc between pins 'Q' and 'QN' on cell 'rf_reg[14][31]'
         to break a timing loop. (OPT-314)
Warning: Disabling timing arc between pins 'Q' and 'QN' on cell 'rf_reg[14][31]'
         to break a timing loop. (OPT-314)
Warning: Disabling timing arc between pins 'Q' and 'QN' on cell 'rf_reg[30][31]'
         to break a timing loop. (OPT-314)
Warning: Disabling timing arc between pins 'Q' and 'QN' on cell 'rf_reg[30][31]'
         to break a timing loop. (OPT-314)
Warning: Disabling timing arc between pins 'Q' and 'QN' on cell 'rf_reg[31][31]'
         to break a timing loop. (OPT-314)
Warning: Disabling timing arc between pins 'Q' and 'QN' on cell 'rf_reg[31][31]'
         to break a timing loop. (OPT-314)
Warning: Disabling timing arc between pins 'Q' and 'QN' on cell 'rf_reg[2][31]'
         to break a timing loop. (OPT-314)
Warning: Disabling timing arc between pins 'Q' and 'QN' on cell 'rf_reg[2][31]'
         to break a timing loop. (OPT-314)
Warning: Disabling timing arc between pins 'Q' and 'QN' on cell 'rf_reg[27][31]'
         to break a timing loop. (OPT-314)
Warning: Disabling timing arc between pins 'Q' and 'QN' on cell 'rf_reg[27][31]'
         to break a timing loop. (OPT-314)
Warning: Disabling timing arc between pins 'Q' and 'QN' on cell 'rf_reg[24][31]'
         to break a timing loop. (OPT-314)
Warning: Disabling timing arc between pins 'Q' and 'QN' on cell 'rf_reg[24][31]'
         to break a timing loop. (OPT-314)
Warning: Disabling timing arc between pins 'Q' and 'QN' on cell 'rf_reg[23][31]'
         to break a timing loop. (OPT-314)
Warning: Disabling timing arc between pins 'Q' and 'QN' on cell 'rf_reg[23][31]'
         to break a timing loop. (OPT-314)
Warning: Disabling timing arc between pins 'Q' and 'QN' on cell 'rf_reg[26][31]'
         to break a timing loop. (OPT-314)
Warning: Disabling timing arc between pins 'Q' and 'QN' on cell 'rf_reg[26][31]'
         to break a timing loop. (OPT-314)
Warning: Disabling timing arc between pins 'Q' and 'QN' on cell 'rf_reg[6][31]'
         to break a timing loop. (OPT-314)
Warning: Disabling timing arc between pins 'Q' and 'QN' on cell 'rf_reg[6][31]'
         to break a timing loop. (OPT-314)
Warning: Disabling timing arc between pins 'Q' and 'QN' on cell 'rf_reg[22][31]'
         to break a timing loop. (OPT-314)
Warning: Disabling timing arc between pins 'Q' and 'QN' on cell 'rf_reg[22][31]'
         to break a timing loop. (OPT-314)
Warning: Disabling timing arc between pins 'Q' and 'QN' on cell 'rf_reg[18][31]'
         to break a timing loop. (OPT-314)
Warning: Disabling timing arc between pins 'Q' and 'QN' on cell 'rf_reg[18][31]'
         to break a timing loop. (OPT-314)
Warning: Disabling timing arc between pins 'Q' and 'QN' on cell 'rf_reg[4][31]'
         to break a timing loop. (OPT-314)
Warning: Disabling timing arc between pins 'Q' and 'QN' on cell 'rf_reg[4][31]'
         to break a timing loop. (OPT-314)
Warning: Disabling timing arc between pins 'Q' and 'QN' on cell 'rf_reg[7][31]'
         to break a timing loop. (OPT-314)
Warning: Disabling timing arc between pins 'Q' and 'QN' on cell 'rf_reg[7][31]'
         to break a timing loop. (OPT-314)
Warning: Disabling timing arc between pins 'Q' and 'QN' on cell 'rf_reg[16][31]'
         to break a timing loop. (OPT-314)
Warning: Disabling timing arc between pins 'Q' and 'QN' on cell 'rf_reg[16][31]'
         to break a timing loop. (OPT-314)
Warning: Disabling timing arc between pins 'Q' and 'QN' on cell 'rf_reg[19][31]'
         to break a timing loop. (OPT-314)
Warning: Disabling timing arc between pins 'Q' and 'QN' on cell 'rf_reg[19][31]'
         to break a timing loop. (OPT-314)
Warning: Disabling timing arc between pins 'Q' and 'QN' on cell 'rf_reg[20][31]'
         to break a timing loop. (OPT-314)
Warning: Disabling timing arc between pins 'Q' and 'QN' on cell 'rf_reg[20][31]'
         to break a timing loop. (OPT-314)
Warning: Disabling timing arc between pins 'Q' and 'QN' on cell 'rf_reg[25][31]'
         to break a timing loop. (OPT-314)
Warning: Disabling timing arc between pins 'Q' and 'QN' on cell 'rf_reg[25][31]'
         to break a timing loop. (OPT-314)
Warning: Disabling timing arc between pins 'Q' and 'QN' on cell 'rf_reg[12][31]'
         to break a timing loop. (OPT-314)
Warning: Disabling timing arc between pins 'Q' and 'QN' on cell 'rf_reg[12][31]'
         to break a timing loop. (OPT-314)
Warning: Disabling timing arc between pins 'Q' and 'QN' on cell 'rf_reg[3][31]'
         to break a timing loop. (OPT-314)
Warning: Disabling timing arc between pins 'Q' and 'QN' on cell 'rf_reg[3][31]'
         to break a timing loop. (OPT-314)
Warning: Disabling timing arc between pins 'Q' and 'QN' on cell 'q_reg[89]'
         to break a timing loop. (OPT-314)
Warning: Disabling timing arc between pins 'Q' and 'QN' on cell 'q_reg[89]'
         to break a timing loop. (OPT-314)
Warning: Disabling timing arc between pins 'Q' and 'QN' on cell 'q_reg[90]'
         to break a timing loop. (OPT-314)
Warning: Disabling timing arc between pins 'Q' and 'QN' on cell 'q_reg[90]'
         to break a timing loop. (OPT-314)
Warning: Disabling timing arc between pins 'Q' and 'QN' on cell 'q_reg[91]'
         to break a timing loop. (OPT-314)
Warning: Disabling timing arc between pins 'Q' and 'QN' on cell 'q_reg[91]'
         to break a timing loop. (OPT-314)
Warning: Disabling timing arc between pins 'Q' and 'QN' on cell 'q_reg[92]'
         to break a timing loop. (OPT-314)
Warning: Disabling timing arc between pins 'Q' and 'QN' on cell 'q_reg[92]'
         to break a timing loop. (OPT-314)
Warning: Disabling timing arc between pins 'Q' and 'QN' on cell 'q_reg[93]'
         to break a timing loop. (OPT-314)
Warning: Disabling timing arc between pins 'Q' and 'QN' on cell 'q_reg[93]'
         to break a timing loop. (OPT-314)
Warning: Disabling timing arc between pins 'Q' and 'QN' on cell 'q_reg[1]4'
         to break a timing loop. (OPT-314)
Warning: Disabling timing arc between pins 'Q' and 'QN' on cell 'q_reg[1]4'
         to break a timing loop. (OPT-314)
Warning: Disabling timing arc between pins 'Q' and 'QN' on cell 'q_reg[1]5'
         to break a timing loop. (OPT-314)
Warning: Disabling timing arc between pins 'Q' and 'QN' on cell 'q_reg[1]5'
         to break a timing loop. (OPT-314)
Warning: Disabling timing arc between pins 'Q' and 'QN' on cell 'q_reg[33]2'
         to break a timing loop. (OPT-314)
Warning: Disabling timing arc between pins 'Q' and 'QN' on cell 'q_reg[33]2'
         to break a timing loop. (OPT-314)
Warning: Disabling timing arc between pins 'Q' and 'QN' on cell 'q_reg[2]4'
         to break a timing loop. (OPT-314)
Warning: Disabling timing arc between pins 'Q' and 'QN' on cell 'q_reg[2]4'
         to break a timing loop. (OPT-314)
Warning: Disabling timing arc between pins 'Q' and 'QN' on cell 'q_reg[2]5'
         to break a timing loop. (OPT-314)
Warning: Disabling timing arc between pins 'Q' and 'QN' on cell 'q_reg[2]5'
         to break a timing loop. (OPT-314)
Warning: Disabling timing arc between pins 'Q' and 'QN' on cell 'q_reg[34]2'
         to break a timing loop. (OPT-314)
Warning: Disabling timing arc between pins 'Q' and 'QN' on cell 'q_reg[34]2'
         to break a timing loop. (OPT-314)
Warning: Disabling timing arc between pins 'Q' and 'QN' on cell 'q_reg[3]3'
         to break a timing loop. (OPT-314)
Warning: Disabling timing arc between pins 'Q' and 'QN' on cell 'q_reg[3]3'
         to break a timing loop. (OPT-314)
Warning: Disabling timing arc between pins 'Q' and 'QN' on cell 'q_reg[3]4'
         to break a timing loop. (OPT-314)
Warning: Disabling timing arc between pins 'Q' and 'QN' on cell 'q_reg[3]4'
         to break a timing loop. (OPT-314)
Warning: Disabling timing arc between pins 'Q' and 'QN' on cell 'q_reg[35]2'
         to break a timing loop. (OPT-314)
Warning: Disabling timing arc between pins 'Q' and 'QN' on cell 'q_reg[35]2'
         to break a timing loop. (OPT-314)
Warning: Disabling timing arc between pins 'Q' and 'QN' on cell 'q_reg[4]3'
         to break a timing loop. (OPT-314)
Warning: Disabling timing arc between pins 'Q' and 'QN' on cell 'q_reg[4]3'
         to break a timing loop. (OPT-314)
Warning: Disabling timing arc between pins 'Q' and 'QN' on cell 'q_reg[4]4'
         to break a timing loop. (OPT-314)
Warning: Disabling timing arc between pins 'Q' and 'QN' on cell 'q_reg[4]4'
         to break a timing loop. (OPT-314)
Warning: Disabling timing arc between pins 'Q' and 'QN' on cell 'q_reg[36]2'
         to break a timing loop. (OPT-314)
Warning: Disabling timing arc between pins 'Q' and 'QN' on cell 'q_reg[36]2'
         to break a timing loop. (OPT-314)
Warning: Disabling timing arc between pins 'Q' and 'QN' on cell 'q_reg[5]3'
         to break a timing loop. (OPT-314)
Warning: Disabling timing arc between pins 'Q' and 'QN' on cell 'q_reg[5]3'
         to break a timing loop. (OPT-314)
Warning: Disabling timing arc between pins 'Q' and 'QN' on cell 'q_reg[5]4'
         to break a timing loop. (OPT-314)
Warning: Disabling timing arc between pins 'Q' and 'QN' on cell 'q_reg[5]4'
         to break a timing loop. (OPT-314)
Warning: Disabling timing arc between pins 'Q' and 'QN' on cell 'q_reg[37]2'
         to break a timing loop. (OPT-314)
Warning: Disabling timing arc between pins 'Q' and 'QN' on cell 'q_reg[37]2'
         to break a timing loop. (OPT-314)
Warning: Disabling timing arc between pins 'Q' and 'QN' on cell 'q_reg[6]3'
         to break a timing loop. (OPT-314)
Warning: Disabling timing arc between pins 'Q' and 'QN' on cell 'q_reg[6]3'
         to break a timing loop. (OPT-314)
Warning: Disabling timing arc between pins 'Q' and 'QN' on cell 'q_reg[6]4'
         to break a timing loop. (OPT-314)
Warning: Disabling timing arc between pins 'Q' and 'QN' on cell 'q_reg[6]4'
         to break a timing loop. (OPT-314)
Warning: Disabling timing arc between pins 'Q' and 'QN' on cell 'q_reg[38]2'
         to break a timing loop. (OPT-314)
Warning: Disabling timing arc between pins 'Q' and 'QN' on cell 'q_reg[38]2'
         to break a timing loop. (OPT-314)
Warning: Disabling timing arc between pins 'Q' and 'QN' on cell 'q_reg[7]3'
         to break a timing loop. (OPT-314)
Warning: Disabling timing arc between pins 'Q' and 'QN' on cell 'q_reg[7]3'
         to break a timing loop. (OPT-314)
Warning: Disabling timing arc between pins 'Q' and 'QN' on cell 'q_reg[7]4'
         to break a timing loop. (OPT-314)
Warning: Disabling timing arc between pins 'Q' and 'QN' on cell 'q_reg[7]4'
         to break a timing loop. (OPT-314)
Warning: Disabling timing arc between pins 'Q' and 'QN' on cell 'q_reg[39]2'
         to break a timing loop. (OPT-314)
Warning: Disabling timing arc between pins 'Q' and 'QN' on cell 'q_reg[39]2'
         to break a timing loop. (OPT-314)
Warning: Disabling timing arc between pins 'Q' and 'QN' on cell 'q_reg[8]3'
         to break a timing loop. (OPT-314)
Warning: Disabling timing arc between pins 'Q' and 'QN' on cell 'q_reg[8]3'
         to break a timing loop. (OPT-314)
Warning: Disabling timing arc between pins 'Q' and 'QN' on cell 'q_reg[8]4'
         to break a timing loop. (OPT-314)
Warning: Disabling timing arc between pins 'Q' and 'QN' on cell 'q_reg[8]4'
         to break a timing loop. (OPT-314)
Warning: Disabling timing arc between pins 'Q' and 'QN' on cell 'q_reg[40]2'
         to break a timing loop. (OPT-314)
Warning: Disabling timing arc between pins 'Q' and 'QN' on cell 'q_reg[40]2'
         to break a timing loop. (OPT-314)
Warning: Disabling timing arc between pins 'Q' and 'QN' on cell 'q_reg[9]2'
         to break a timing loop. (OPT-314)
Warning: Disabling timing arc between pins 'Q' and 'QN' on cell 'q_reg[9]2'
         to break a timing loop. (OPT-314)
Warning: Disabling timing arc between pins 'Q' and 'QN' on cell 'q_reg[9]3'
         to break a timing loop. (OPT-314)
Warning: Disabling timing arc between pins 'Q' and 'QN' on cell 'q_reg[9]3'
         to break a timing loop. (OPT-314)
Warning: Disabling timing arc between pins 'Q' and 'QN' on cell 'q_reg[41]2'
         to break a timing loop. (OPT-314)
Warning: Disabling timing arc between pins 'Q' and 'QN' on cell 'q_reg[41]2'
         to break a timing loop. (OPT-314)
Warning: Disabling timing arc between pins 'Q' and 'QN' on cell 'q_reg[10]2'
         to break a timing loop. (OPT-314)
Warning: Disabling timing arc between pins 'Q' and 'QN' on cell 'q_reg[10]2'
         to break a timing loop. (OPT-314)
Warning: Disabling timing arc between pins 'Q' and 'QN' on cell 'q_reg[10]3'
         to break a timing loop. (OPT-314)
Warning: Disabling timing arc between pins 'Q' and 'QN' on cell 'q_reg[10]3'
         to break a timing loop. (OPT-314)
Warning: Disabling timing arc between pins 'Q' and 'QN' on cell 'q_reg[42]2'
         to break a timing loop. (OPT-314)
Warning: Disabling timing arc between pins 'Q' and 'QN' on cell 'q_reg[42]2'
         to break a timing loop. (OPT-314)
Warning: Disabling timing arc between pins 'Q' and 'QN' on cell 'q_reg[11]2'
         to break a timing loop. (OPT-314)
Warning: Disabling timing arc between pins 'Q' and 'QN' on cell 'q_reg[11]2'
         to break a timing loop. (OPT-314)
Warning: Disabling timing arc between pins 'Q' and 'QN' on cell 'q_reg[11]3'
         to break a timing loop. (OPT-314)
Warning: Disabling timing arc between pins 'Q' and 'QN' on cell 'q_reg[11]3'
         to break a timing loop. (OPT-314)
Warning: Disabling timing arc between pins 'Q' and 'QN' on cell 'q_reg[43]2'
         to break a timing loop. (OPT-314)
Warning: Disabling timing arc between pins 'Q' and 'QN' on cell 'q_reg[43]2'
         to break a timing loop. (OPT-314)
Warning: Disabling timing arc between pins 'Q' and 'QN' on cell 'q_reg[12]2'
         to break a timing loop. (OPT-314)
Warning: Disabling timing arc between pins 'Q' and 'QN' on cell 'q_reg[12]2'
         to break a timing loop. (OPT-314)
Warning: Disabling timing arc between pins 'Q' and 'QN' on cell 'q_reg[12]3'
         to break a timing loop. (OPT-314)
Warning: Disabling timing arc between pins 'Q' and 'QN' on cell 'q_reg[12]3'
         to break a timing loop. (OPT-314)
Warning: Disabling timing arc between pins 'Q' and 'QN' on cell 'q_reg[44]2'
         to break a timing loop. (OPT-314)
Warning: Disabling timing arc between pins 'Q' and 'QN' on cell 'q_reg[44]2'
         to break a timing loop. (OPT-314)
Warning: Disabling timing arc between pins 'Q' and 'QN' on cell 'q_reg[13]2'
         to break a timing loop. (OPT-314)
Warning: Disabling timing arc between pins 'Q' and 'QN' on cell 'q_reg[13]2'
         to break a timing loop. (OPT-314)
Warning: Disabling timing arc between pins 'Q' and 'QN' on cell 'q_reg[13]3'
         to break a timing loop. (OPT-314)
Warning: Disabling timing arc between pins 'Q' and 'QN' on cell 'q_reg[13]3'
         to break a timing loop. (OPT-314)
Warning: Disabling timing arc between pins 'Q' and 'QN' on cell 'q_reg[45]2'
         to break a timing loop. (OPT-314)
Warning: Disabling timing arc between pins 'Q' and 'QN' on cell 'q_reg[45]2'
         to break a timing loop. (OPT-314)
Warning: Disabling timing arc between pins 'Q' and 'QN' on cell 'q_reg[14]2'
         to break a timing loop. (OPT-314)
Warning: Disabling timing arc between pins 'Q' and 'QN' on cell 'q_reg[14]2'
         to break a timing loop. (OPT-314)
Warning: Disabling timing arc between pins 'Q' and 'QN' on cell 'q_reg[14]3'
         to break a timing loop. (OPT-314)
Warning: Disabling timing arc between pins 'Q' and 'QN' on cell 'q_reg[14]3'
         to break a timing loop. (OPT-314)
Warning: Disabling timing arc between pins 'Q' and 'QN' on cell 'q_reg[46]2'
         to break a timing loop. (OPT-314)
Warning: Disabling timing arc between pins 'Q' and 'QN' on cell 'q_reg[46]2'
         to break a timing loop. (OPT-314)
Warning: Disabling timing arc between pins 'Q' and 'QN' on cell 'q_reg[15]2'
         to break a timing loop. (OPT-314)
Warning: Disabling timing arc between pins 'Q' and 'QN' on cell 'q_reg[15]2'
         to break a timing loop. (OPT-314)
Warning: Disabling timing arc between pins 'Q' and 'QN' on cell 'q_reg[15]3'
         to break a timing loop. (OPT-314)
Warning: Disabling timing arc between pins 'Q' and 'QN' on cell 'q_reg[15]3'
         to break a timing loop. (OPT-314)
Warning: Disabling timing arc between pins 'Q' and 'QN' on cell 'q_reg[47]2'
         to break a timing loop. (OPT-314)
Warning: Disabling timing arc between pins 'Q' and 'QN' on cell 'q_reg[47]2'
         to break a timing loop. (OPT-314)
Warning: Disabling timing arc between pins 'Q' and 'QN' on cell 'q_reg[16]1'
         to break a timing loop. (OPT-314)
Warning: Disabling timing arc between pins 'Q' and 'QN' on cell 'q_reg[16]1'
         to break a timing loop. (OPT-314)
Warning: Disabling timing arc between pins 'Q' and 'QN' on cell 'q_reg[16]2'
         to break a timing loop. (OPT-314)
Warning: Disabling timing arc between pins 'Q' and 'QN' on cell 'q_reg[16]2'
         to break a timing loop. (OPT-314)
Warning: Disabling timing arc between pins 'Q' and 'QN' on cell 'q_reg[48]2'
         to break a timing loop. (OPT-314)
Warning: Disabling timing arc between pins 'Q' and 'QN' on cell 'q_reg[48]2'
         to break a timing loop. (OPT-314)
Warning: Disabling timing arc between pins 'Q' and 'QN' on cell 'q_reg[17]1'
         to break a timing loop. (OPT-314)
Warning: Disabling timing arc between pins 'Q' and 'QN' on cell 'q_reg[17]1'
         to break a timing loop. (OPT-314)
Warning: Disabling timing arc between pins 'Q' and 'QN' on cell 'q_reg[17]2'
         to break a timing loop. (OPT-314)
Warning: Disabling timing arc between pins 'Q' and 'QN' on cell 'q_reg[17]2'
         to break a timing loop. (OPT-314)
Warning: Disabling timing arc between pins 'Q' and 'QN' on cell 'q_reg[49]2'
         to break a timing loop. (OPT-314)
Warning: Disabling timing arc between pins 'Q' and 'QN' on cell 'q_reg[49]2'
         to break a timing loop. (OPT-314)
Warning: Disabling timing arc between pins 'Q' and 'QN' on cell 'q_reg[18]1'
         to break a timing loop. (OPT-314)
Warning: Disabling timing arc between pins 'Q' and 'QN' on cell 'q_reg[18]1'
         to break a timing loop. (OPT-314)
Warning: Disabling timing arc between pins 'Q' and 'QN' on cell 'q_reg[18]2'
         to break a timing loop. (OPT-314)
Warning: Disabling timing arc between pins 'Q' and 'QN' on cell 'q_reg[18]2'
         to break a timing loop. (OPT-314)
Warning: Disabling timing arc between pins 'Q' and 'QN' on cell 'q_reg[50]2'
         to break a timing loop. (OPT-314)
Warning: Disabling timing arc between pins 'Q' and 'QN' on cell 'q_reg[50]2'
         to break a timing loop. (OPT-314)
Warning: Disabling timing arc between pins 'Q' and 'QN' on cell 'q_reg[19]1'
         to break a timing loop. (OPT-314)
Warning: Disabling timing arc between pins 'Q' and 'QN' on cell 'q_reg[19]1'
         to break a timing loop. (OPT-314)
Warning: Disabling timing arc between pins 'Q' and 'QN' on cell 'q_reg[19]2'
         to break a timing loop. (OPT-314)
Warning: Disabling timing arc between pins 'Q' and 'QN' on cell 'q_reg[19]2'
         to break a timing loop. (OPT-314)
Warning: Disabling timing arc between pins 'Q' and 'QN' on cell 'q_reg[51]2'
         to break a timing loop. (OPT-314)
Warning: Disabling timing arc between pins 'Q' and 'QN' on cell 'q_reg[51]2'
         to break a timing loop. (OPT-314)
Warning: Disabling timing arc between pins 'Q' and 'QN' on cell 'q_reg[20]1'
         to break a timing loop. (OPT-314)
Warning: Disabling timing arc between pins 'Q' and 'QN' on cell 'q_reg[20]1'
         to break a timing loop. (OPT-314)
Warning: Disabling timing arc between pins 'Q' and 'QN' on cell 'q_reg[20]2'
         to break a timing loop. (OPT-314)
Warning: Disabling timing arc between pins 'Q' and 'QN' on cell 'q_reg[20]2'
         to break a timing loop. (OPT-314)
Warning: Disabling timing arc between pins 'Q' and 'QN' on cell 'q_reg[52]2'
         to break a timing loop. (OPT-314)
Warning: Disabling timing arc between pins 'Q' and 'QN' on cell 'q_reg[52]2'
         to break a timing loop. (OPT-314)
Warning: Disabling timing arc between pins 'Q' and 'QN' on cell 'q_reg[21]1'
         to break a timing loop. (OPT-314)
Warning: Disabling timing arc between pins 'Q' and 'QN' on cell 'q_reg[21]1'
         to break a timing loop. (OPT-314)
Warning: Disabling timing arc between pins 'Q' and 'QN' on cell 'q_reg[21]2'
         to break a timing loop. (OPT-314)
Warning: Disabling timing arc between pins 'Q' and 'QN' on cell 'q_reg[21]2'
         to break a timing loop. (OPT-314)
Warning: Disabling timing arc between pins 'Q' and 'QN' on cell 'q_reg[53]2'
         to break a timing loop. (OPT-314)
Warning: Disabling timing arc between pins 'Q' and 'QN' on cell 'q_reg[53]2'
         to break a timing loop. (OPT-314)
Warning: Disabling timing arc between pins 'Q' and 'QN' on cell 'q_reg[22]1'
         to break a timing loop. (OPT-314)
Warning: Disabling timing arc between pins 'Q' and 'QN' on cell 'q_reg[22]1'
         to break a timing loop. (OPT-314)
Warning: Disabling timing arc between pins 'Q' and 'QN' on cell 'q_reg[22]2'
         to break a timing loop. (OPT-314)
Warning: Disabling timing arc between pins 'Q' and 'QN' on cell 'q_reg[22]2'
         to break a timing loop. (OPT-314)
Warning: Disabling timing arc between pins 'Q' and 'QN' on cell 'q_reg[54]2'
         to break a timing loop. (OPT-314)
Warning: Disabling timing arc between pins 'Q' and 'QN' on cell 'q_reg[54]2'
         to break a timing loop. (OPT-314)
Warning: Disabling timing arc between pins 'Q' and 'QN' on cell 'q_reg[23]1'
         to break a timing loop. (OPT-314)
Warning: Disabling timing arc between pins 'Q' and 'QN' on cell 'q_reg[23]1'
         to break a timing loop. (OPT-314)
Warning: Disabling timing arc between pins 'Q' and 'QN' on cell 'q_reg[23]2'
         to break a timing loop. (OPT-314)
Warning: Disabling timing arc between pins 'Q' and 'QN' on cell 'q_reg[23]2'
         to break a timing loop. (OPT-314)
Warning: Disabling timing arc between pins 'Q' and 'QN' on cell 'q_reg[55]2'
         to break a timing loop. (OPT-314)
Warning: Disabling timing arc between pins 'Q' and 'QN' on cell 'q_reg[55]2'
         to break a timing loop. (OPT-314)
Warning: Disabling timing arc between pins 'Q' and 'QN' on cell 'q_reg[24]1'
         to break a timing loop. (OPT-314)
Warning: Disabling timing arc between pins 'Q' and 'QN' on cell 'q_reg[24]1'
         to break a timing loop. (OPT-314)
Warning: Disabling timing arc between pins 'Q' and 'QN' on cell 'q_reg[24]2'
         to break a timing loop. (OPT-314)
Warning: Disabling timing arc between pins 'Q' and 'QN' on cell 'q_reg[24]2'
         to break a timing loop. (OPT-314)
Warning: Disabling timing arc between pins 'Q' and 'QN' on cell 'q_reg[56]2'
         to break a timing loop. (OPT-314)
Warning: Disabling timing arc between pins 'Q' and 'QN' on cell 'q_reg[56]2'
         to break a timing loop. (OPT-314)
Warning: Disabling timing arc between pins 'Q' and 'QN' on cell 'q_reg[25]1'
         to break a timing loop. (OPT-314)
Warning: Disabling timing arc between pins 'Q' and 'QN' on cell 'q_reg[25]1'
         to break a timing loop. (OPT-314)
Warning: Disabling timing arc between pins 'Q' and 'QN' on cell 'q_reg[25]2'
         to break a timing loop. (OPT-314)
Warning: Disabling timing arc between pins 'Q' and 'QN' on cell 'q_reg[25]2'
         to break a timing loop. (OPT-314)
Warning: Disabling timing arc between pins 'Q' and 'QN' on cell 'q_reg[57]2'
         to break a timing loop. (OPT-314)
Warning: Disabling timing arc between pins 'Q' and 'QN' on cell 'q_reg[57]2'
         to break a timing loop. (OPT-314)
Warning: Disabling timing arc between pins 'Q' and 'QN' on cell 'q_reg[26]1'
         to break a timing loop. (OPT-314)
Warning: Disabling timing arc between pins 'Q' and 'QN' on cell 'q_reg[26]1'
         to break a timing loop. (OPT-314)
Warning: Disabling timing arc between pins 'Q' and 'QN' on cell 'q_reg[26]2'
         to break a timing loop. (OPT-314)
Warning: Disabling timing arc between pins 'Q' and 'QN' on cell 'q_reg[26]2'
         to break a timing loop. (OPT-314)
Warning: Disabling timing arc between pins 'Q' and 'QN' on cell 'q_reg[58]2'
         to break a timing loop. (OPT-314)
Warning: Disabling timing arc between pins 'Q' and 'QN' on cell 'q_reg[58]2'
         to break a timing loop. (OPT-314)
Warning: Disabling timing arc between pins 'Q' and 'QN' on cell 'q_reg[27]1'
         to break a timing loop. (OPT-314)
Warning: Disabling timing arc between pins 'Q' and 'QN' on cell 'q_reg[27]1'
         to break a timing loop. (OPT-314)
Warning: Disabling timing arc between pins 'Q' and 'QN' on cell 'q_reg[27]2'
         to break a timing loop. (OPT-314)
Warning: Disabling timing arc between pins 'Q' and 'QN' on cell 'q_reg[27]2'
         to break a timing loop. (OPT-314)
Warning: Disabling timing arc between pins 'Q' and 'QN' on cell 'q_reg[59]2'
         to break a timing loop. (OPT-314)
Warning: Disabling timing arc between pins 'Q' and 'QN' on cell 'q_reg[59]2'
         to break a timing loop. (OPT-314)
Warning: Disabling timing arc between pins 'Q' and 'QN' on cell 'q_reg[28]1'
         to break a timing loop. (OPT-314)
Warning: Disabling timing arc between pins 'Q' and 'QN' on cell 'q_reg[28]1'
         to break a timing loop. (OPT-314)
Warning: Disabling timing arc between pins 'Q' and 'QN' on cell 'q_reg[28]2'
         to break a timing loop. (OPT-314)
Warning: Disabling timing arc between pins 'Q' and 'QN' on cell 'q_reg[28]2'
         to break a timing loop. (OPT-314)
Warning: Disabling timing arc between pins 'Q' and 'QN' on cell 'q_reg[60]2'
         to break a timing loop. (OPT-314)
Warning: Disabling timing arc between pins 'Q' and 'QN' on cell 'q_reg[60]2'
         to break a timing loop. (OPT-314)
Warning: Disabling timing arc between pins 'Q' and 'QN' on cell 'q_reg[29]1'
         to break a timing loop. (OPT-314)
Warning: Disabling timing arc between pins 'Q' and 'QN' on cell 'q_reg[29]1'
         to break a timing loop. (OPT-314)
Warning: Disabling timing arc between pins 'Q' and 'QN' on cell 'q_reg[29]2'
         to break a timing loop. (OPT-314)
Warning: Disabling timing arc between pins 'Q' and 'QN' on cell 'q_reg[29]2'
         to break a timing loop. (OPT-314)
Warning: Disabling timing arc between pins 'Q' and 'QN' on cell 'q_reg[61]2'
         to break a timing loop. (OPT-314)
Warning: Disabling timing arc between pins 'Q' and 'QN' on cell 'q_reg[61]2'
         to break a timing loop. (OPT-314)
Warning: Disabling timing arc between pins 'Q' and 'QN' on cell 'q_reg[30]1'
         to break a timing loop. (OPT-314)
Warning: Disabling timing arc between pins 'Q' and 'QN' on cell 'q_reg[30]1'
         to break a timing loop. (OPT-314)
Warning: Disabling timing arc between pins 'Q' and 'QN' on cell 'q_reg[30]2'
         to break a timing loop. (OPT-314)
Warning: Disabling timing arc between pins 'Q' and 'QN' on cell 'q_reg[30]2'
         to break a timing loop. (OPT-314)
Warning: Disabling timing arc between pins 'Q' and 'QN' on cell 'q_reg[62]2'
         to break a timing loop. (OPT-314)
Warning: Disabling timing arc between pins 'Q' and 'QN' on cell 'q_reg[62]2'
         to break a timing loop. (OPT-314)
Warning: Disabling timing arc between pins 'Q' and 'QN' on cell 'q_reg[0]4'
         to break a timing loop. (OPT-314)
Warning: Disabling timing arc between pins 'Q' and 'QN' on cell 'q_reg[0]4'
         to break a timing loop. (OPT-314)
Warning: Disabling timing arc between pins 'Q' and 'QN' on cell 'q_reg[0]5'
         to break a timing loop. (OPT-314)
Warning: Disabling timing arc between pins 'Q' and 'QN' on cell 'q_reg[0]5'
         to break a timing loop. (OPT-314)
Warning: Disabling timing arc between pins 'Q' and 'QN' on cell 'q_reg[32]2'
         to break a timing loop. (OPT-314)
Warning: Disabling timing arc between pins 'Q' and 'QN' on cell 'q_reg[32]2'
         to break a timing loop. (OPT-314)
Warning: Disabling timing arc between pins 'Q' and 'QN' on cell 'q_reg[95]'
         to break a timing loop. (OPT-314)
Warning: Disabling timing arc between pins 'Q' and 'QN' on cell 'q_reg[95]'
         to break a timing loop. (OPT-314)
Warning: Disabling timing arc between pins 'Q' and 'QN' on cell 'q_reg[30]3'
         to break a timing loop. (OPT-314)
Warning: Disabling timing arc between pins 'Q' and 'QN' on cell 'q_reg[30]3'
         to break a timing loop. (OPT-314)
Warning: Disabling timing arc between pins 'Q' and 'QN' on cell 'rf_reg[12][30]'
         to break a timing loop. (OPT-314)
Warning: Disabling timing arc between pins 'Q' and 'QN' on cell 'rf_reg[12][30]'
         to break a timing loop. (OPT-314)
Warning: Disabling timing arc between pins 'Q' and 'QN' on cell 'rf_reg[25][30]'
         to break a timing loop. (OPT-314)
Warning: Disabling timing arc between pins 'Q' and 'QN' on cell 'rf_reg[25][30]'
         to break a timing loop. (OPT-314)
Warning: Disabling timing arc between pins 'Q' and 'QN' on cell 'rf_reg[20][30]'
         to break a timing loop. (OPT-314)
Warning: Disabling timing arc between pins 'Q' and 'QN' on cell 'rf_reg[20][30]'
         to break a timing loop. (OPT-314)
Warning: Disabling timing arc between pins 'Q' and 'QN' on cell 'rf_reg[5][30]'
         to break a timing loop. (OPT-314)
Warning: Disabling timing arc between pins 'Q' and 'QN' on cell 'rf_reg[5][30]'
         to break a timing loop. (OPT-314)
Warning: Disabling timing arc between pins 'Q' and 'QN' on cell 'rf_reg[6][30]'
         to break a timing loop. (OPT-314)
Warning: Disabling timing arc between pins 'Q' and 'QN' on cell 'rf_reg[6][30]'
         to break a timing loop. (OPT-314)
Warning: Disabling timing arc between pins 'Q' and 'QN' on cell 'rf_reg[7][30]'
         to break a timing loop. (OPT-314)
Warning: Disabling timing arc between pins 'Q' and 'QN' on cell 'rf_reg[7][30]'
         to break a timing loop. (OPT-314)
Warning: Disabling timing arc between pins 'Q' and 'QN' on cell 'rf_reg[21][30]'
         to break a timing loop. (OPT-314)
Warning: Disabling timing arc between pins 'Q' and 'QN' on cell 'rf_reg[21][30]'
         to break a timing loop. (OPT-314)
Warning: Disabling timing arc between pins 'Q' and 'QN' on cell 'rf_reg[22][30]'
         to break a timing loop. (OPT-314)
Warning: Disabling timing arc between pins 'Q' and 'QN' on cell 'rf_reg[22][30]'
         to break a timing loop. (OPT-314)
Warning: Disabling timing arc between pins 'Q' and 'QN' on cell 'rf_reg[14][30]'
         to break a timing loop. (OPT-314)
Warning: Disabling timing arc between pins 'Q' and 'QN' on cell 'rf_reg[14][30]'
         to break a timing loop. (OPT-314)
Warning: Disabling timing arc between pins 'Q' and 'QN' on cell 'rf_reg[23][30]'
         to break a timing loop. (OPT-314)
Warning: Disabling timing arc between pins 'Q' and 'QN' on cell 'rf_reg[23][30]'
         to break a timing loop. (OPT-314)
Warning: Disabling timing arc between pins 'Q' and 'QN' on cell 'rf_reg[18][30]'
         to break a timing loop. (OPT-314)
Warning: Disabling timing arc between pins 'Q' and 'QN' on cell 'rf_reg[18][30]'
         to break a timing loop. (OPT-314)
Warning: Disabling timing arc between pins 'Q' and 'QN' on cell 'rf_reg[10][30]'
         to break a timing loop. (OPT-314)
Warning: Disabling timing arc between pins 'Q' and 'QN' on cell 'rf_reg[10][30]'
         to break a timing loop. (OPT-314)
Warning: Disabling timing arc between pins 'Q' and 'QN' on cell 'rf_reg[16][30]'
         to break a timing loop. (OPT-314)
Warning: Disabling timing arc between pins 'Q' and 'QN' on cell 'rf_reg[16][30]'
         to break a timing loop. (OPT-314)
Warning: Disabling timing arc between pins 'Q' and 'QN' on cell 'rf_reg[11][30]'
         to break a timing loop. (OPT-314)
Warning: Disabling timing arc between pins 'Q' and 'QN' on cell 'rf_reg[11][30]'
         to break a timing loop. (OPT-314)
Warning: Disabling timing arc between pins 'Q' and 'QN' on cell 'rf_reg[17][30]'
         to break a timing loop. (OPT-314)
Warning: Disabling timing arc between pins 'Q' and 'QN' on cell 'rf_reg[17][30]'
         to break a timing loop. (OPT-314)
Warning: Disabling timing arc between pins 'Q' and 'QN' on cell 'rf_reg[9][30]'
         to break a timing loop. (OPT-314)
Warning: Disabling timing arc between pins 'Q' and 'QN' on cell 'rf_reg[9][30]'
         to break a timing loop. (OPT-314)
Warning: Disabling timing arc between pins 'Q' and 'QN' on cell 'rf_reg[4][30]'
         to break a timing loop. (OPT-314)
Warning: Disabling timing arc between pins 'Q' and 'QN' on cell 'rf_reg[4][30]'
         to break a timing loop. (OPT-314)
Warning: Disabling timing arc between pins 'Q' and 'QN' on cell 'rf_reg[8][30]'
         to break a timing loop. (OPT-314)
Warning: Disabling timing arc between pins 'Q' and 'QN' on cell 'rf_reg[8][30]'
         to break a timing loop. (OPT-314)
Warning: Disabling timing arc between pins 'Q' and 'QN' on cell 'rf_reg[1][30]'
         to break a timing loop. (OPT-314)
Warning: Disabling timing arc between pins 'Q' and 'QN' on cell 'rf_reg[1][30]'
         to break a timing loop. (OPT-314)
Warning: Disabling timing arc between pins 'Q' and 'QN' on cell 'rf_reg[19][30]'
         to break a timing loop. (OPT-314)
Warning: Disabling timing arc between pins 'Q' and 'QN' on cell 'rf_reg[19][30]'
         to break a timing loop. (OPT-314)
Warning: Disabling timing arc between pins 'Q' and 'QN' on cell 'rf_reg[28][30]'
         to break a timing loop. (OPT-314)
Warning: Disabling timing arc between pins 'Q' and 'QN' on cell 'rf_reg[28][30]'
         to break a timing loop. (OPT-314)
Warning: Disabling timing arc between pins 'Q' and 'QN' on cell 'rf_reg[29][30]'
         to break a timing loop. (OPT-314)
Warning: Disabling timing arc between pins 'Q' and 'QN' on cell 'rf_reg[29][30]'
         to break a timing loop. (OPT-314)
Warning: Disabling timing arc between pins 'Q' and 'QN' on cell 'rf_reg[30][30]'
         to break a timing loop. (OPT-314)
Warning: Disabling timing arc between pins 'Q' and 'QN' on cell 'rf_reg[30][30]'
         to break a timing loop. (OPT-314)
Warning: Disabling timing arc between pins 'Q' and 'QN' on cell 'rf_reg[31][30]'
         to break a timing loop. (OPT-314)
Warning: Disabling timing arc between pins 'Q' and 'QN' on cell 'rf_reg[31][30]'
         to break a timing loop. (OPT-314)
Warning: Disabling timing arc between pins 'Q' and 'QN' on cell 'rf_reg[2][30]'
         to break a timing loop. (OPT-314)
Warning: Disabling timing arc between pins 'Q' and 'QN' on cell 'rf_reg[2][30]'
         to break a timing loop. (OPT-314)
Warning: Disabling timing arc between pins 'Q' and 'QN' on cell 'rf_reg[27][30]'
         to break a timing loop. (OPT-314)
Warning: Disabling timing arc between pins 'Q' and 'QN' on cell 'rf_reg[27][30]'
         to break a timing loop. (OPT-314)
Warning: Disabling timing arc between pins 'Q' and 'QN' on cell 'rf_reg[24][30]'
         to break a timing loop. (OPT-314)
Warning: Disabling timing arc between pins 'Q' and 'QN' on cell 'rf_reg[24][30]'
         to break a timing loop. (OPT-314)
Warning: Disabling timing arc between pins 'Q' and 'QN' on cell 'rf_reg[15][30]'
         to break a timing loop. (OPT-314)
Warning: Disabling timing arc between pins 'Q' and 'QN' on cell 'rf_reg[15][30]'
         to break a timing loop. (OPT-314)
Warning: Disabling timing arc between pins 'Q' and 'QN' on cell 'rf_reg[13][30]'
         to break a timing loop. (OPT-314)
Warning: Disabling timing arc between pins 'Q' and 'QN' on cell 'rf_reg[13][30]'
         to break a timing loop. (OPT-314)
Warning: Disabling timing arc between pins 'Q' and 'QN' on cell 'rf_reg[26][30]'
         to break a timing loop. (OPT-314)
Warning: Disabling timing arc between pins 'Q' and 'QN' on cell 'rf_reg[26][30]'
         to break a timing loop. (OPT-314)
Warning: Disabling timing arc between pins 'Q' and 'QN' on cell 'rf_reg[3][30]'
         to break a timing loop. (OPT-314)
Warning: Disabling timing arc between pins 'Q' and 'QN' on cell 'rf_reg[3][30]'
         to break a timing loop. (OPT-314)
Warning: Disabling timing arc between pins 'Q' and 'QN' on cell 'q_reg[0]6'
         to break a timing loop. (OPT-314)
Warning: Disabling timing arc between pins 'Q' and 'QN' on cell 'q_reg[0]6'
         to break a timing loop. (OPT-314)
Warning: Disabling timing arc between pins 'Q' and 'QN' on cell 'rf_reg[3][0]'
         to break a timing loop. (OPT-314)
Warning: Disabling timing arc between pins 'Q' and 'QN' on cell 'rf_reg[3][0]'
         to break a timing loop. (OPT-314)
Warning: Disabling timing arc between pins 'Q' and 'QN' on cell 'rf_reg[12][0]'
         to break a timing loop. (OPT-314)
Warning: Disabling timing arc between pins 'Q' and 'QN' on cell 'rf_reg[12][0]'
         to break a timing loop. (OPT-314)
Warning: Disabling timing arc between pins 'Q' and 'QN' on cell 'rf_reg[20][0]'
         to break a timing loop. (OPT-314)
Warning: Disabling timing arc between pins 'Q' and 'QN' on cell 'rf_reg[20][0]'
         to break a timing loop. (OPT-314)
Warning: Disabling timing arc between pins 'Q' and 'QN' on cell 'rf_reg[5][0]'
         to break a timing loop. (OPT-314)
Warning: Disabling timing arc between pins 'Q' and 'QN' on cell 'rf_reg[5][0]'
         to break a timing loop. (OPT-314)
Warning: Disabling timing arc between pins 'Q' and 'QN' on cell 'rf_reg[6][0]'
         to break a timing loop. (OPT-314)
Warning: Disabling timing arc between pins 'Q' and 'QN' on cell 'rf_reg[6][0]'
         to break a timing loop. (OPT-314)
Warning: Disabling timing arc between pins 'Q' and 'QN' on cell 'rf_reg[7][0]'
         to break a timing loop. (OPT-314)
Warning: Disabling timing arc between pins 'Q' and 'QN' on cell 'rf_reg[7][0]'
         to break a timing loop. (OPT-314)
Warning: Disabling timing arc between pins 'Q' and 'QN' on cell 'rf_reg[21][0]'
         to break a timing loop. (OPT-314)
Warning: Disabling timing arc between pins 'Q' and 'QN' on cell 'rf_reg[21][0]'
         to break a timing loop. (OPT-314)
Warning: Disabling timing arc between pins 'Q' and 'QN' on cell 'rf_reg[22][0]'
         to break a timing loop. (OPT-314)
Warning: Disabling timing arc between pins 'Q' and 'QN' on cell 'rf_reg[22][0]'
         to break a timing loop. (OPT-314)
Warning: Disabling timing arc between pins 'Q' and 'QN' on cell 'rf_reg[14][0]'
         to break a timing loop. (OPT-314)
Warning: Disabling timing arc between pins 'Q' and 'QN' on cell 'rf_reg[14][0]'
         to break a timing loop. (OPT-314)
Warning: Disabling timing arc between pins 'Q' and 'QN' on cell 'rf_reg[23][0]'
         to break a timing loop. (OPT-314)
Warning: Disabling timing arc between pins 'Q' and 'QN' on cell 'rf_reg[23][0]'
         to break a timing loop. (OPT-314)
Warning: Disabling timing arc between pins 'Q' and 'QN' on cell 'rf_reg[18][0]'
         to break a timing loop. (OPT-314)
Warning: Disabling timing arc between pins 'Q' and 'QN' on cell 'rf_reg[18][0]'
         to break a timing loop. (OPT-314)
Warning: Disabling timing arc between pins 'Q' and 'QN' on cell 'rf_reg[10][0]'
         to break a timing loop. (OPT-314)
Warning: Disabling timing arc between pins 'Q' and 'QN' on cell 'rf_reg[10][0]'
         to break a timing loop. (OPT-314)
Warning: Disabling timing arc between pins 'Q' and 'QN' on cell 'rf_reg[16][0]'
         to break a timing loop. (OPT-314)
Warning: Disabling timing arc between pins 'Q' and 'QN' on cell 'rf_reg[16][0]'
         to break a timing loop. (OPT-314)
Warning: Disabling timing arc between pins 'Q' and 'QN' on cell 'rf_reg[11][0]'
         to break a timing loop. (OPT-314)
Warning: Disabling timing arc between pins 'Q' and 'QN' on cell 'rf_reg[11][0]'
         to break a timing loop. (OPT-314)
Warning: Disabling timing arc between pins 'Q' and 'QN' on cell 'rf_reg[17][0]'
         to break a timing loop. (OPT-314)
Warning: Disabling timing arc between pins 'Q' and 'QN' on cell 'rf_reg[17][0]'
         to break a timing loop. (OPT-314)
Warning: Disabling timing arc between pins 'Q' and 'QN' on cell 'rf_reg[9][0]'
         to break a timing loop. (OPT-314)
Warning: Disabling timing arc between pins 'Q' and 'QN' on cell 'rf_reg[9][0]'
         to break a timing loop. (OPT-314)
Warning: Disabling timing arc between pins 'Q' and 'QN' on cell 'rf_reg[4][0]'
         to break a timing loop. (OPT-314)
Warning: Disabling timing arc between pins 'Q' and 'QN' on cell 'rf_reg[4][0]'
         to break a timing loop. (OPT-314)
Warning: Disabling timing arc between pins 'Q' and 'QN' on cell 'rf_reg[8][0]'
         to break a timing loop. (OPT-314)
Warning: Disabling timing arc between pins 'Q' and 'QN' on cell 'rf_reg[8][0]'
         to break a timing loop. (OPT-314)
Warning: Disabling timing arc between pins 'Q' and 'QN' on cell 'rf_reg[1][0]'
         to break a timing loop. (OPT-314)
Warning: Disabling timing arc between pins 'Q' and 'QN' on cell 'rf_reg[1][0]'
         to break a timing loop. (OPT-314)
Warning: Disabling timing arc between pins 'Q' and 'QN' on cell 'rf_reg[19][0]'
         to break a timing loop. (OPT-314)
Warning: Disabling timing arc between pins 'Q' and 'QN' on cell 'rf_reg[19][0]'
         to break a timing loop. (OPT-314)
Warning: Disabling timing arc between pins 'Q' and 'QN' on cell 'rf_reg[28][0]'
         to break a timing loop. (OPT-314)
Warning: Disabling timing arc between pins 'Q' and 'QN' on cell 'rf_reg[28][0]'
         to break a timing loop. (OPT-314)
Warning: Disabling timing arc between pins 'Q' and 'QN' on cell 'rf_reg[29][0]'
         to break a timing loop. (OPT-314)
Warning: Disabling timing arc between pins 'Q' and 'QN' on cell 'rf_reg[29][0]'
         to break a timing loop. (OPT-314)
Warning: Disabling timing arc between pins 'Q' and 'QN' on cell 'rf_reg[30][0]'
         to break a timing loop. (OPT-314)
Warning: Disabling timing arc between pins 'Q' and 'QN' on cell 'rf_reg[30][0]'
         to break a timing loop. (OPT-314)
Warning: Disabling timing arc between pins 'Q' and 'QN' on cell 'rf_reg[31][0]'
         to break a timing loop. (OPT-314)
Warning: Disabling timing arc between pins 'Q' and 'QN' on cell 'rf_reg[31][0]'
         to break a timing loop. (OPT-314)
Warning: Disabling timing arc between pins 'Q' and 'QN' on cell 'rf_reg[2][0]'
         to break a timing loop. (OPT-314)
Warning: Disabling timing arc between pins 'Q' and 'QN' on cell 'rf_reg[2][0]'
         to break a timing loop. (OPT-314)
Warning: Disabling timing arc between pins 'Q' and 'QN' on cell 'rf_reg[27][0]'
         to break a timing loop. (OPT-314)
Warning: Disabling timing arc between pins 'Q' and 'QN' on cell 'rf_reg[27][0]'
         to break a timing loop. (OPT-314)
Warning: Disabling timing arc between pins 'Q' and 'QN' on cell 'rf_reg[24][0]'
         to break a timing loop. (OPT-314)
Warning: Disabling timing arc between pins 'Q' and 'QN' on cell 'rf_reg[24][0]'
         to break a timing loop. (OPT-314)
Warning: Disabling timing arc between pins 'Q' and 'QN' on cell 'rf_reg[15][0]'
         to break a timing loop. (OPT-314)
Warning: Disabling timing arc between pins 'Q' and 'QN' on cell 'rf_reg[15][0]'
         to break a timing loop. (OPT-314)
Warning: Disabling timing arc between pins 'Q' and 'QN' on cell 'rf_reg[13][0]'
         to break a timing loop. (OPT-314)
Warning: Disabling timing arc between pins 'Q' and 'QN' on cell 'rf_reg[13][0]'
         to break a timing loop. (OPT-314)
Warning: Disabling timing arc between pins 'Q' and 'QN' on cell 'rf_reg[26][0]'
         to break a timing loop. (OPT-314)
Warning: Disabling timing arc between pins 'Q' and 'QN' on cell 'rf_reg[26][0]'
         to break a timing loop. (OPT-314)
Warning: Disabling timing arc between pins 'Q' and 'QN' on cell 'rf_reg[25][0]'
         to break a timing loop. (OPT-314)
Warning: Disabling timing arc between pins 'Q' and 'QN' on cell 'rf_reg[25][0]'
         to break a timing loop. (OPT-314)
Warning: Disabling timing arc between pins 'Q' and 'QN' on cell 'q_reg[16]3'
         to break a timing loop. (OPT-314)
Warning: Disabling timing arc between pins 'Q' and 'QN' on cell 'q_reg[16]3'
         to break a timing loop. (OPT-314)
Warning: Disabling timing arc between pins 'Q' and 'QN' on cell 'rf_reg[12][16]'
         to break a timing loop. (OPT-314)
Warning: Disabling timing arc between pins 'Q' and 'QN' on cell 'rf_reg[12][16]'
         to break a timing loop. (OPT-314)
Warning: Disabling timing arc between pins 'Q' and 'QN' on cell 'rf_reg[25][16]'
         to break a timing loop. (OPT-314)
Warning: Disabling timing arc between pins 'Q' and 'QN' on cell 'rf_reg[25][16]'
         to break a timing loop. (OPT-314)
Warning: Disabling timing arc between pins 'Q' and 'QN' on cell 'rf_reg[20][16]'
         to break a timing loop. (OPT-314)
Warning: Disabling timing arc between pins 'Q' and 'QN' on cell 'rf_reg[20][16]'
         to break a timing loop. (OPT-314)
Warning: Disabling timing arc between pins 'Q' and 'QN' on cell 'rf_reg[5][16]'
         to break a timing loop. (OPT-314)
Warning: Disabling timing arc between pins 'Q' and 'QN' on cell 'rf_reg[5][16]'
         to break a timing loop. (OPT-314)
Warning: Disabling timing arc between pins 'Q' and 'QN' on cell 'rf_reg[6][16]'
         to break a timing loop. (OPT-314)
Warning: Disabling timing arc between pins 'Q' and 'QN' on cell 'rf_reg[6][16]'
         to break a timing loop. (OPT-314)
Warning: Disabling timing arc between pins 'Q' and 'QN' on cell 'rf_reg[7][16]'
         to break a timing loop. (OPT-314)
Warning: Disabling timing arc between pins 'Q' and 'QN' on cell 'rf_reg[7][16]'
         to break a timing loop. (OPT-314)
Warning: Disabling timing arc between pins 'Q' and 'QN' on cell 'rf_reg[21][16]'
         to break a timing loop. (OPT-314)
Warning: Disabling timing arc between pins 'Q' and 'QN' on cell 'rf_reg[21][16]'
         to break a timing loop. (OPT-314)
Warning: Disabling timing arc between pins 'Q' and 'QN' on cell 'rf_reg[22][16]'
         to break a timing loop. (OPT-314)
Warning: Disabling timing arc between pins 'Q' and 'QN' on cell 'rf_reg[22][16]'
         to break a timing loop. (OPT-314)
Warning: Disabling timing arc between pins 'Q' and 'QN' on cell 'rf_reg[14][16]'
         to break a timing loop. (OPT-314)
Warning: Disabling timing arc between pins 'Q' and 'QN' on cell 'rf_reg[14][16]'
         to break a timing loop. (OPT-314)
Warning: Disabling timing arc between pins 'Q' and 'QN' on cell 'rf_reg[23][16]'
         to break a timing loop. (OPT-314)
Warning: Disabling timing arc between pins 'Q' and 'QN' on cell 'rf_reg[23][16]'
         to break a timing loop. (OPT-314)
Warning: Disabling timing arc between pins 'Q' and 'QN' on cell 'rf_reg[18][16]'
         to break a timing loop. (OPT-314)
Warning: Disabling timing arc between pins 'Q' and 'QN' on cell 'rf_reg[18][16]'
         to break a timing loop. (OPT-314)
Warning: Disabling timing arc between pins 'Q' and 'QN' on cell 'rf_reg[10][16]'
         to break a timing loop. (OPT-314)
Warning: Disabling timing arc between pins 'Q' and 'QN' on cell 'rf_reg[10][16]'
         to break a timing loop. (OPT-314)
Warning: Disabling timing arc between pins 'Q' and 'QN' on cell 'rf_reg[16][16]'
         to break a timing loop. (OPT-314)
Warning: Disabling timing arc between pins 'Q' and 'QN' on cell 'rf_reg[16][16]'
         to break a timing loop. (OPT-314)
Warning: Disabling timing arc between pins 'Q' and 'QN' on cell 'rf_reg[11][16]'
         to break a timing loop. (OPT-314)
Warning: Disabling timing arc between pins 'Q' and 'QN' on cell 'rf_reg[11][16]'
         to break a timing loop. (OPT-314)
Warning: Disabling timing arc between pins 'Q' and 'QN' on cell 'rf_reg[17][16]'
         to break a timing loop. (OPT-314)
Warning: Disabling timing arc between pins 'Q' and 'QN' on cell 'rf_reg[17][16]'
         to break a timing loop. (OPT-314)
Warning: Disabling timing arc between pins 'Q' and 'QN' on cell 'rf_reg[9][16]'
         to break a timing loop. (OPT-314)
Warning: Disabling timing arc between pins 'Q' and 'QN' on cell 'rf_reg[9][16]'
         to break a timing loop. (OPT-314)
Warning: Disabling timing arc between pins 'Q' and 'QN' on cell 'rf_reg[4][16]'
         to break a timing loop. (OPT-314)
Warning: Disabling timing arc between pins 'Q' and 'QN' on cell 'rf_reg[4][16]'
         to break a timing loop. (OPT-314)
Warning: Disabling timing arc between pins 'Q' and 'QN' on cell 'rf_reg[8][16]'
         to break a timing loop. (OPT-314)
Warning: Disabling timing arc between pins 'Q' and 'QN' on cell 'rf_reg[8][16]'
         to break a timing loop. (OPT-314)
Warning: Disabling timing arc between pins 'Q' and 'QN' on cell 'rf_reg[1][16]'
         to break a timing loop. (OPT-314)
Warning: Disabling timing arc between pins 'Q' and 'QN' on cell 'rf_reg[1][16]'
         to break a timing loop. (OPT-314)
Warning: Disabling timing arc between pins 'Q' and 'QN' on cell 'rf_reg[19][16]'
         to break a timing loop. (OPT-314)
Warning: Disabling timing arc between pins 'Q' and 'QN' on cell 'rf_reg[19][16]'
         to break a timing loop. (OPT-314)
Warning: Disabling timing arc between pins 'Q' and 'QN' on cell 'rf_reg[28][16]'
         to break a timing loop. (OPT-314)
Warning: Disabling timing arc between pins 'Q' and 'QN' on cell 'rf_reg[28][16]'
         to break a timing loop. (OPT-314)
Warning: Disabling timing arc between pins 'Q' and 'QN' on cell 'rf_reg[29][16]'
         to break a timing loop. (OPT-314)
Warning: Disabling timing arc between pins 'Q' and 'QN' on cell 'rf_reg[29][16]'
         to break a timing loop. (OPT-314)
Warning: Disabling timing arc between pins 'Q' and 'QN' on cell 'rf_reg[30][16]'
         to break a timing loop. (OPT-314)
Warning: Disabling timing arc between pins 'Q' and 'QN' on cell 'rf_reg[30][16]'
         to break a timing loop. (OPT-314)
Warning: Disabling timing arc between pins 'Q' and 'QN' on cell 'rf_reg[31][16]'
         to break a timing loop. (OPT-314)
Warning: Disabling timing arc between pins 'Q' and 'QN' on cell 'rf_reg[31][16]'
         to break a timing loop. (OPT-314)
Warning: Disabling timing arc between pins 'Q' and 'QN' on cell 'rf_reg[2][16]'
         to break a timing loop. (OPT-314)
Warning: Disabling timing arc between pins 'Q' and 'QN' on cell 'rf_reg[2][16]'
         to break a timing loop. (OPT-314)
Warning: Disabling timing arc between pins 'Q' and 'QN' on cell 'rf_reg[27][16]'
         to break a timing loop. (OPT-314)
Warning: Disabling timing arc between pins 'Q' and 'QN' on cell 'rf_reg[27][16]'
         to break a timing loop. (OPT-314)
Warning: Disabling timing arc between pins 'Q' and 'QN' on cell 'rf_reg[24][16]'
         to break a timing loop. (OPT-314)
Warning: Disabling timing arc between pins 'Q' and 'QN' on cell 'rf_reg[24][16]'
         to break a timing loop. (OPT-314)
Warning: Disabling timing arc between pins 'Q' and 'QN' on cell 'rf_reg[15][16]'
         to break a timing loop. (OPT-314)
Warning: Disabling timing arc between pins 'Q' and 'QN' on cell 'rf_reg[15][16]'
         to break a timing loop. (OPT-314)
Warning: Disabling timing arc between pins 'Q' and 'QN' on cell 'rf_reg[13][16]'
         to break a timing loop. (OPT-314)
Warning: Disabling timing arc between pins 'Q' and 'QN' on cell 'rf_reg[13][16]'
         to break a timing loop. (OPT-314)
Warning: Disabling timing arc between pins 'Q' and 'QN' on cell 'rf_reg[26][16]'
         to break a timing loop. (OPT-314)
Warning: Disabling timing arc between pins 'Q' and 'QN' on cell 'rf_reg[26][16]'
         to break a timing loop. (OPT-314)
Warning: Disabling timing arc between pins 'Q' and 'QN' on cell 'rf_reg[3][16]'
         to break a timing loop. (OPT-314)
Warning: Disabling timing arc between pins 'Q' and 'QN' on cell 'rf_reg[3][16]'
         to break a timing loop. (OPT-314)
Warning: Disabling timing arc between pins 'Q' and 'QN' on cell 'q_reg[24]3'
         to break a timing loop. (OPT-314)
Warning: Disabling timing arc between pins 'Q' and 'QN' on cell 'q_reg[24]3'
         to break a timing loop. (OPT-314)
Warning: Disabling timing arc between pins 'Q' and 'QN' on cell 'rf_reg[12][24]'
         to break a timing loop. (OPT-314)
Warning: Disabling timing arc between pins 'Q' and 'QN' on cell 'rf_reg[12][24]'
         to break a timing loop. (OPT-314)
Warning: Disabling timing arc between pins 'Q' and 'QN' on cell 'rf_reg[25][24]'
         to break a timing loop. (OPT-314)
Warning: Disabling timing arc between pins 'Q' and 'QN' on cell 'rf_reg[25][24]'
         to break a timing loop. (OPT-314)
Warning: Disabling timing arc between pins 'Q' and 'QN' on cell 'rf_reg[20][24]'
         to break a timing loop. (OPT-314)
Warning: Disabling timing arc between pins 'Q' and 'QN' on cell 'rf_reg[20][24]'
         to break a timing loop. (OPT-314)
Warning: Disabling timing arc between pins 'Q' and 'QN' on cell 'rf_reg[5][24]'
         to break a timing loop. (OPT-314)
Warning: Disabling timing arc between pins 'Q' and 'QN' on cell 'rf_reg[5][24]'
         to break a timing loop. (OPT-314)
Warning: Disabling timing arc between pins 'Q' and 'QN' on cell 'rf_reg[6][24]'
         to break a timing loop. (OPT-314)
Warning: Disabling timing arc between pins 'Q' and 'QN' on cell 'rf_reg[6][24]'
         to break a timing loop. (OPT-314)
Warning: Disabling timing arc between pins 'Q' and 'QN' on cell 'rf_reg[7][24]'
         to break a timing loop. (OPT-314)
Warning: Disabling timing arc between pins 'Q' and 'QN' on cell 'rf_reg[7][24]'
         to break a timing loop. (OPT-314)
Warning: Disabling timing arc between pins 'Q' and 'QN' on cell 'rf_reg[21][24]'
         to break a timing loop. (OPT-314)
Warning: Disabling timing arc between pins 'Q' and 'QN' on cell 'rf_reg[21][24]'
         to break a timing loop. (OPT-314)
Warning: Disabling timing arc between pins 'Q' and 'QN' on cell 'rf_reg[22][24]'
         to break a timing loop. (OPT-314)
Warning: Disabling timing arc between pins 'Q' and 'QN' on cell 'rf_reg[22][24]'
         to break a timing loop. (OPT-314)
Warning: Disabling timing arc between pins 'Q' and 'QN' on cell 'rf_reg[14][24]'
         to break a timing loop. (OPT-314)
Warning: Disabling timing arc between pins 'Q' and 'QN' on cell 'rf_reg[14][24]'
         to break a timing loop. (OPT-314)
Warning: Disabling timing arc between pins 'Q' and 'QN' on cell 'rf_reg[23][24]'
         to break a timing loop. (OPT-314)
Warning: Disabling timing arc between pins 'Q' and 'QN' on cell 'rf_reg[23][24]'
         to break a timing loop. (OPT-314)
Warning: Disabling timing arc between pins 'Q' and 'QN' on cell 'rf_reg[18][24]'
         to break a timing loop. (OPT-314)
Warning: Disabling timing arc between pins 'Q' and 'QN' on cell 'rf_reg[18][24]'
         to break a timing loop. (OPT-314)
Warning: Disabling timing arc between pins 'Q' and 'QN' on cell 'rf_reg[10][24]'
         to break a timing loop. (OPT-314)
Warning: Disabling timing arc between pins 'Q' and 'QN' on cell 'rf_reg[10][24]'
         to break a timing loop. (OPT-314)
Warning: Disabling timing arc between pins 'Q' and 'QN' on cell 'rf_reg[16][24]'
         to break a timing loop. (OPT-314)
Warning: Disabling timing arc between pins 'Q' and 'QN' on cell 'rf_reg[16][24]'
         to break a timing loop. (OPT-314)
Warning: Disabling timing arc between pins 'Q' and 'QN' on cell 'rf_reg[11][24]'
         to break a timing loop. (OPT-314)
Warning: Disabling timing arc between pins 'Q' and 'QN' on cell 'rf_reg[11][24]'
         to break a timing loop. (OPT-314)
Warning: Disabling timing arc between pins 'Q' and 'QN' on cell 'rf_reg[17][24]'
         to break a timing loop. (OPT-314)
Warning: Disabling timing arc between pins 'Q' and 'QN' on cell 'rf_reg[17][24]'
         to break a timing loop. (OPT-314)
Warning: Disabling timing arc between pins 'Q' and 'QN' on cell 'rf_reg[9][24]'
         to break a timing loop. (OPT-314)
Warning: Disabling timing arc between pins 'Q' and 'QN' on cell 'rf_reg[9][24]'
         to break a timing loop. (OPT-314)
Warning: Disabling timing arc between pins 'Q' and 'QN' on cell 'rf_reg[4][24]'
         to break a timing loop. (OPT-314)
Warning: Disabling timing arc between pins 'Q' and 'QN' on cell 'rf_reg[4][24]'
         to break a timing loop. (OPT-314)
Warning: Disabling timing arc between pins 'Q' and 'QN' on cell 'rf_reg[8][24]'
         to break a timing loop. (OPT-314)
Warning: Disabling timing arc between pins 'Q' and 'QN' on cell 'rf_reg[8][24]'
         to break a timing loop. (OPT-314)
Warning: Disabling timing arc between pins 'Q' and 'QN' on cell 'rf_reg[1][24]'
         to break a timing loop. (OPT-314)
Warning: Disabling timing arc between pins 'Q' and 'QN' on cell 'rf_reg[1][24]'
         to break a timing loop. (OPT-314)
Warning: Disabling timing arc between pins 'Q' and 'QN' on cell 'rf_reg[19][24]'
         to break a timing loop. (OPT-314)
Warning: Disabling timing arc between pins 'Q' and 'QN' on cell 'rf_reg[19][24]'
         to break a timing loop. (OPT-314)
Warning: Disabling timing arc between pins 'Q' and 'QN' on cell 'rf_reg[28][24]'
         to break a timing loop. (OPT-314)
Warning: Disabling timing arc between pins 'Q' and 'QN' on cell 'rf_reg[28][24]'
         to break a timing loop. (OPT-314)
Warning: Disabling timing arc between pins 'Q' and 'QN' on cell 'rf_reg[29][24]'
         to break a timing loop. (OPT-314)
Warning: Disabling timing arc between pins 'Q' and 'QN' on cell 'rf_reg[29][24]'
         to break a timing loop. (OPT-314)
Warning: Disabling timing arc between pins 'Q' and 'QN' on cell 'rf_reg[30][24]'
         to break a timing loop. (OPT-314)
Warning: Disabling timing arc between pins 'Q' and 'QN' on cell 'rf_reg[30][24]'
         to break a timing loop. (OPT-314)
Warning: Disabling timing arc between pins 'Q' and 'QN' on cell 'rf_reg[31][24]'
         to break a timing loop. (OPT-314)
Warning: Disabling timing arc between pins 'Q' and 'QN' on cell 'rf_reg[31][24]'
         to break a timing loop. (OPT-314)
Warning: Disabling timing arc between pins 'Q' and 'QN' on cell 'rf_reg[2][24]'
         to break a timing loop. (OPT-314)
Warning: Disabling timing arc between pins 'Q' and 'QN' on cell 'rf_reg[2][24]'
         to break a timing loop. (OPT-314)
Warning: Disabling timing arc between pins 'Q' and 'QN' on cell 'rf_reg[27][24]'
         to break a timing loop. (OPT-314)
Warning: Disabling timing arc between pins 'Q' and 'QN' on cell 'rf_reg[27][24]'
         to break a timing loop. (OPT-314)
Warning: Disabling timing arc between pins 'Q' and 'QN' on cell 'rf_reg[24][24]'
         to break a timing loop. (OPT-314)
Warning: Disabling timing arc between pins 'Q' and 'QN' on cell 'rf_reg[24][24]'
         to break a timing loop. (OPT-314)
Warning: Disabling timing arc between pins 'Q' and 'QN' on cell 'rf_reg[15][24]'
         to break a timing loop. (OPT-314)
Warning: Disabling timing arc between pins 'Q' and 'QN' on cell 'rf_reg[15][24]'
         to break a timing loop. (OPT-314)
Warning: Disabling timing arc between pins 'Q' and 'QN' on cell 'rf_reg[13][24]'
         to break a timing loop. (OPT-314)
Warning: Disabling timing arc between pins 'Q' and 'QN' on cell 'rf_reg[13][24]'
         to break a timing loop. (OPT-314)
Warning: Disabling timing arc between pins 'Q' and 'QN' on cell 'rf_reg[26][24]'
         to break a timing loop. (OPT-314)
Warning: Disabling timing arc between pins 'Q' and 'QN' on cell 'rf_reg[26][24]'
         to break a timing loop. (OPT-314)
Warning: Disabling timing arc between pins 'Q' and 'QN' on cell 'rf_reg[3][24]'
         to break a timing loop. (OPT-314)
Warning: Disabling timing arc between pins 'Q' and 'QN' on cell 'rf_reg[3][24]'
         to break a timing loop. (OPT-314)
Warning: Disabling timing arc between pins 'Q' and 'QN' on cell 'q_reg[28]3'
         to break a timing loop. (OPT-314)
Warning: Disabling timing arc between pins 'Q' and 'QN' on cell 'q_reg[28]3'
         to break a timing loop. (OPT-314)
Warning: Disabling timing arc between pins 'Q' and 'QN' on cell 'rf_reg[12][28]'
         to break a timing loop. (OPT-314)
Warning: Disabling timing arc between pins 'Q' and 'QN' on cell 'rf_reg[12][28]'
         to break a timing loop. (OPT-314)
Warning: Disabling timing arc between pins 'Q' and 'QN' on cell 'rf_reg[25][28]'
         to break a timing loop. (OPT-314)
Warning: Disabling timing arc between pins 'Q' and 'QN' on cell 'rf_reg[25][28]'
         to break a timing loop. (OPT-314)
Warning: Disabling timing arc between pins 'Q' and 'QN' on cell 'rf_reg[20][28]'
         to break a timing loop. (OPT-314)
Warning: Disabling timing arc between pins 'Q' and 'QN' on cell 'rf_reg[20][28]'
         to break a timing loop. (OPT-314)
Warning: Disabling timing arc between pins 'Q' and 'QN' on cell 'rf_reg[5][28]'
         to break a timing loop. (OPT-314)
Warning: Disabling timing arc between pins 'Q' and 'QN' on cell 'rf_reg[5][28]'
         to break a timing loop. (OPT-314)
Warning: Disabling timing arc between pins 'Q' and 'QN' on cell 'rf_reg[6][28]'
         to break a timing loop. (OPT-314)
Warning: Disabling timing arc between pins 'Q' and 'QN' on cell 'rf_reg[6][28]'
         to break a timing loop. (OPT-314)
Warning: Disabling timing arc between pins 'Q' and 'QN' on cell 'rf_reg[7][28]'
         to break a timing loop. (OPT-314)
Warning: Disabling timing arc between pins 'Q' and 'QN' on cell 'rf_reg[7][28]'
         to break a timing loop. (OPT-314)
Warning: Disabling timing arc between pins 'Q' and 'QN' on cell 'rf_reg[21][28]'
         to break a timing loop. (OPT-314)
Warning: Disabling timing arc between pins 'Q' and 'QN' on cell 'rf_reg[21][28]'
         to break a timing loop. (OPT-314)
Warning: Disabling timing arc between pins 'Q' and 'QN' on cell 'rf_reg[22][28]'
         to break a timing loop. (OPT-314)
Warning: Disabling timing arc between pins 'Q' and 'QN' on cell 'rf_reg[22][28]'
         to break a timing loop. (OPT-314)
Warning: Disabling timing arc between pins 'Q' and 'QN' on cell 'rf_reg[14][28]'
         to break a timing loop. (OPT-314)
Warning: Disabling timing arc between pins 'Q' and 'QN' on cell 'rf_reg[14][28]'
         to break a timing loop. (OPT-314)
Warning: Disabling timing arc between pins 'Q' and 'QN' on cell 'rf_reg[23][28]'
         to break a timing loop. (OPT-314)
Warning: Disabling timing arc between pins 'Q' and 'QN' on cell 'rf_reg[23][28]'
         to break a timing loop. (OPT-314)
Warning: Disabling timing arc between pins 'Q' and 'QN' on cell 'rf_reg[18][28]'
         to break a timing loop. (OPT-314)
Warning: Disabling timing arc between pins 'Q' and 'QN' on cell 'rf_reg[18][28]'
         to break a timing loop. (OPT-314)
Warning: Disabling timing arc between pins 'Q' and 'QN' on cell 'rf_reg[10][28]'
         to break a timing loop. (OPT-314)
Warning: Disabling timing arc between pins 'Q' and 'QN' on cell 'rf_reg[10][28]'
         to break a timing loop. (OPT-314)
Warning: Disabling timing arc between pins 'Q' and 'QN' on cell 'rf_reg[16][28]'
         to break a timing loop. (OPT-314)
Warning: Disabling timing arc between pins 'Q' and 'QN' on cell 'rf_reg[16][28]'
         to break a timing loop. (OPT-314)
Warning: Disabling timing arc between pins 'Q' and 'QN' on cell 'rf_reg[11][28]'
         to break a timing loop. (OPT-314)
Warning: Disabling timing arc between pins 'Q' and 'QN' on cell 'rf_reg[11][28]'
         to break a timing loop. (OPT-314)
Warning: Disabling timing arc between pins 'Q' and 'QN' on cell 'rf_reg[17][28]'
         to break a timing loop. (OPT-314)
Warning: Disabling timing arc between pins 'Q' and 'QN' on cell 'rf_reg[17][28]'
         to break a timing loop. (OPT-314)
Warning: Disabling timing arc between pins 'Q' and 'QN' on cell 'rf_reg[9][28]'
         to break a timing loop. (OPT-314)
Warning: Disabling timing arc between pins 'Q' and 'QN' on cell 'rf_reg[9][28]'
         to break a timing loop. (OPT-314)
Warning: Disabling timing arc between pins 'Q' and 'QN' on cell 'rf_reg[4][28]'
         to break a timing loop. (OPT-314)
Warning: Disabling timing arc between pins 'Q' and 'QN' on cell 'rf_reg[4][28]'
         to break a timing loop. (OPT-314)
Warning: Disabling timing arc between pins 'Q' and 'QN' on cell 'rf_reg[8][28]'
         to break a timing loop. (OPT-314)
Warning: Disabling timing arc between pins 'Q' and 'QN' on cell 'rf_reg[8][28]'
         to break a timing loop. (OPT-314)
Warning: Disabling timing arc between pins 'Q' and 'QN' on cell 'rf_reg[1][28]'
         to break a timing loop. (OPT-314)
Warning: Disabling timing arc between pins 'Q' and 'QN' on cell 'rf_reg[1][28]'
         to break a timing loop. (OPT-314)
Warning: Disabling timing arc between pins 'Q' and 'QN' on cell 'rf_reg[19][28]'
         to break a timing loop. (OPT-314)
Warning: Disabling timing arc between pins 'Q' and 'QN' on cell 'rf_reg[19][28]'
         to break a timing loop. (OPT-314)
Warning: Disabling timing arc between pins 'Q' and 'QN' on cell 'rf_reg[28][28]'
         to break a timing loop. (OPT-314)
Warning: Disabling timing arc between pins 'Q' and 'QN' on cell 'rf_reg[28][28]'
         to break a timing loop. (OPT-314)
Warning: Disabling timing arc between pins 'Q' and 'QN' on cell 'rf_reg[29][28]'
         to break a timing loop. (OPT-314)
Warning: Disabling timing arc between pins 'Q' and 'QN' on cell 'rf_reg[29][28]'
         to break a timing loop. (OPT-314)
Warning: Disabling timing arc between pins 'Q' and 'QN' on cell 'rf_reg[30][28]'
         to break a timing loop. (OPT-314)
Warning: Disabling timing arc between pins 'Q' and 'QN' on cell 'rf_reg[30][28]'
         to break a timing loop. (OPT-314)
Warning: Disabling timing arc between pins 'Q' and 'QN' on cell 'rf_reg[31][28]'
         to break a timing loop. (OPT-314)
Warning: Disabling timing arc between pins 'Q' and 'QN' on cell 'rf_reg[31][28]'
         to break a timing loop. (OPT-314)
Warning: Disabling timing arc between pins 'Q' and 'QN' on cell 'rf_reg[2][28]'
         to break a timing loop. (OPT-314)
Warning: Disabling timing arc between pins 'Q' and 'QN' on cell 'rf_reg[2][28]'
         to break a timing loop. (OPT-314)
Warning: Disabling timing arc between pins 'Q' and 'QN' on cell 'rf_reg[27][28]'
         to break a timing loop. (OPT-314)
Warning: Disabling timing arc between pins 'Q' and 'QN' on cell 'rf_reg[27][28]'
         to break a timing loop. (OPT-314)
Warning: Disabling timing arc between pins 'Q' and 'QN' on cell 'rf_reg[24][28]'
         to break a timing loop. (OPT-314)
Warning: Disabling timing arc between pins 'Q' and 'QN' on cell 'rf_reg[24][28]'
         to break a timing loop. (OPT-314)
Warning: Disabling timing arc between pins 'Q' and 'QN' on cell 'rf_reg[15][28]'
         to break a timing loop. (OPT-314)
Warning: Disabling timing arc between pins 'Q' and 'QN' on cell 'rf_reg[15][28]'
         to break a timing loop. (OPT-314)
Warning: Disabling timing arc between pins 'Q' and 'QN' on cell 'rf_reg[13][28]'
         to break a timing loop. (OPT-314)
Warning: Disabling timing arc between pins 'Q' and 'QN' on cell 'rf_reg[13][28]'
         to break a timing loop. (OPT-314)
Warning: Disabling timing arc between pins 'Q' and 'QN' on cell 'rf_reg[26][28]'
         to break a timing loop. (OPT-314)
Warning: Disabling timing arc between pins 'Q' and 'QN' on cell 'rf_reg[26][28]'
         to break a timing loop. (OPT-314)
Warning: Disabling timing arc between pins 'Q' and 'QN' on cell 'rf_reg[3][28]'
         to break a timing loop. (OPT-314)
Warning: Disabling timing arc between pins 'Q' and 'QN' on cell 'rf_reg[3][28]'
         to break a timing loop. (OPT-314)
Warning: Disabling timing arc between pins 'Q' and 'QN' on cell 'q_reg[29]3'
         to break a timing loop. (OPT-314)
Warning: Disabling timing arc between pins 'Q' and 'QN' on cell 'q_reg[29]3'
         to break a timing loop. (OPT-314)
Warning: Disabling timing arc between pins 'Q' and 'QN' on cell 'rf_reg[12][29]'
         to break a timing loop. (OPT-314)
Warning: Disabling timing arc between pins 'Q' and 'QN' on cell 'rf_reg[12][29]'
         to break a timing loop. (OPT-314)
Warning: Disabling timing arc between pins 'Q' and 'QN' on cell 'rf_reg[25][29]'
         to break a timing loop. (OPT-314)
Warning: Disabling timing arc between pins 'Q' and 'QN' on cell 'rf_reg[25][29]'
         to break a timing loop. (OPT-314)
Warning: Disabling timing arc between pins 'Q' and 'QN' on cell 'rf_reg[20][29]'
         to break a timing loop. (OPT-314)
Warning: Disabling timing arc between pins 'Q' and 'QN' on cell 'rf_reg[20][29]'
         to break a timing loop. (OPT-314)
Warning: Disabling timing arc between pins 'Q' and 'QN' on cell 'rf_reg[5][29]'
         to break a timing loop. (OPT-314)
Warning: Disabling timing arc between pins 'Q' and 'QN' on cell 'rf_reg[5][29]'
         to break a timing loop. (OPT-314)
Warning: Disabling timing arc between pins 'Q' and 'QN' on cell 'rf_reg[6][29]'
         to break a timing loop. (OPT-314)
Warning: Disabling timing arc between pins 'Q' and 'QN' on cell 'rf_reg[6][29]'
         to break a timing loop. (OPT-314)
Warning: Disabling timing arc between pins 'Q' and 'QN' on cell 'rf_reg[7][29]'
         to break a timing loop. (OPT-314)
Warning: Disabling timing arc between pins 'Q' and 'QN' on cell 'rf_reg[7][29]'
         to break a timing loop. (OPT-314)
Warning: Disabling timing arc between pins 'Q' and 'QN' on cell 'rf_reg[21][29]'
         to break a timing loop. (OPT-314)
Warning: Disabling timing arc between pins 'Q' and 'QN' on cell 'rf_reg[21][29]'
         to break a timing loop. (OPT-314)
Warning: Disabling timing arc between pins 'Q' and 'QN' on cell 'rf_reg[22][29]'
         to break a timing loop. (OPT-314)
Warning: Disabling timing arc between pins 'Q' and 'QN' on cell 'rf_reg[22][29]'
         to break a timing loop. (OPT-314)
Warning: Disabling timing arc between pins 'Q' and 'QN' on cell 'rf_reg[14][29]'
         to break a timing loop. (OPT-314)
Warning: Disabling timing arc between pins 'Q' and 'QN' on cell 'rf_reg[14][29]'
         to break a timing loop. (OPT-314)
Warning: Disabling timing arc between pins 'Q' and 'QN' on cell 'rf_reg[23][29]'
         to break a timing loop. (OPT-314)
Warning: Disabling timing arc between pins 'Q' and 'QN' on cell 'rf_reg[23][29]'
         to break a timing loop. (OPT-314)
Warning: Disabling timing arc between pins 'Q' and 'QN' on cell 'rf_reg[18][29]'
         to break a timing loop. (OPT-314)
Warning: Disabling timing arc between pins 'Q' and 'QN' on cell 'rf_reg[18][29]'
         to break a timing loop. (OPT-314)
Warning: Disabling timing arc between pins 'Q' and 'QN' on cell 'rf_reg[10][29]'
         to break a timing loop. (OPT-314)
Warning: Disabling timing arc between pins 'Q' and 'QN' on cell 'rf_reg[10][29]'
         to break a timing loop. (OPT-314)
Warning: Disabling timing arc between pins 'Q' and 'QN' on cell 'rf_reg[16][29]'
         to break a timing loop. (OPT-314)
Warning: Disabling timing arc between pins 'Q' and 'QN' on cell 'rf_reg[16][29]'
         to break a timing loop. (OPT-314)
Warning: Disabling timing arc between pins 'Q' and 'QN' on cell 'rf_reg[11][29]'
         to break a timing loop. (OPT-314)
Warning: Disabling timing arc between pins 'Q' and 'QN' on cell 'rf_reg[11][29]'
         to break a timing loop. (OPT-314)
Warning: Disabling timing arc between pins 'Q' and 'QN' on cell 'rf_reg[17][29]'
         to break a timing loop. (OPT-314)
Warning: Disabling timing arc between pins 'Q' and 'QN' on cell 'rf_reg[17][29]'
         to break a timing loop. (OPT-314)
Warning: Disabling timing arc between pins 'Q' and 'QN' on cell 'rf_reg[9][29]'
         to break a timing loop. (OPT-314)
Warning: Disabling timing arc between pins 'Q' and 'QN' on cell 'rf_reg[9][29]'
         to break a timing loop. (OPT-314)
Warning: Disabling timing arc between pins 'Q' and 'QN' on cell 'rf_reg[4][29]'
         to break a timing loop. (OPT-314)
Warning: Disabling timing arc between pins 'Q' and 'QN' on cell 'rf_reg[4][29]'
         to break a timing loop. (OPT-314)
Warning: Disabling timing arc between pins 'Q' and 'QN' on cell 'rf_reg[8][29]'
         to break a timing loop. (OPT-314)
Warning: Disabling timing arc between pins 'Q' and 'QN' on cell 'rf_reg[8][29]'
         to break a timing loop. (OPT-314)
Warning: Disabling timing arc between pins 'Q' and 'QN' on cell 'rf_reg[1][29]'
         to break a timing loop. (OPT-314)
Warning: Disabling timing arc between pins 'Q' and 'QN' on cell 'rf_reg[1][29]'
         to break a timing loop. (OPT-314)
Warning: Disabling timing arc between pins 'Q' and 'QN' on cell 'rf_reg[19][29]'
         to break a timing loop. (OPT-314)
Warning: Disabling timing arc between pins 'Q' and 'QN' on cell 'rf_reg[19][29]'
         to break a timing loop. (OPT-314)
Warning: Disabling timing arc between pins 'Q' and 'QN' on cell 'rf_reg[28][29]'
         to break a timing loop. (OPT-314)
Warning: Disabling timing arc between pins 'Q' and 'QN' on cell 'rf_reg[28][29]'
         to break a timing loop. (OPT-314)
Warning: Disabling timing arc between pins 'Q' and 'QN' on cell 'rf_reg[29][29]'
         to break a timing loop. (OPT-314)
Warning: Disabling timing arc between pins 'Q' and 'QN' on cell 'rf_reg[29][29]'
         to break a timing loop. (OPT-314)
Warning: Disabling timing arc between pins 'Q' and 'QN' on cell 'rf_reg[30][29]'
         to break a timing loop. (OPT-314)
Warning: Disabling timing arc between pins 'Q' and 'QN' on cell 'rf_reg[30][29]'
         to break a timing loop. (OPT-314)
Warning: Disabling timing arc between pins 'Q' and 'QN' on cell 'rf_reg[31][29]'
         to break a timing loop. (OPT-314)
Warning: Disabling timing arc between pins 'Q' and 'QN' on cell 'rf_reg[31][29]'
         to break a timing loop. (OPT-314)
Warning: Disabling timing arc between pins 'Q' and 'QN' on cell 'rf_reg[2][29]'
         to break a timing loop. (OPT-314)
Warning: Disabling timing arc between pins 'Q' and 'QN' on cell 'rf_reg[2][29]'
         to break a timing loop. (OPT-314)
Warning: Disabling timing arc between pins 'Q' and 'QN' on cell 'rf_reg[27][29]'
         to break a timing loop. (OPT-314)
Warning: Disabling timing arc between pins 'Q' and 'QN' on cell 'rf_reg[27][29]'
         to break a timing loop. (OPT-314)
Warning: Disabling timing arc between pins 'Q' and 'QN' on cell 'rf_reg[24][29]'
         to break a timing loop. (OPT-314)
Warning: Disabling timing arc between pins 'Q' and 'QN' on cell 'rf_reg[24][29]'
         to break a timing loop. (OPT-314)
Warning: Disabling timing arc between pins 'Q' and 'QN' on cell 'rf_reg[15][29]'
         to break a timing loop. (OPT-314)
Warning: Disabling timing arc between pins 'Q' and 'QN' on cell 'rf_reg[15][29]'
         to break a timing loop. (OPT-314)
Warning: Disabling timing arc between pins 'Q' and 'QN' on cell 'rf_reg[13][29]'
         to break a timing loop. (OPT-314)
Warning: Disabling timing arc between pins 'Q' and 'QN' on cell 'rf_reg[13][29]'
         to break a timing loop. (OPT-314)
Warning: Disabling timing arc between pins 'Q' and 'QN' on cell 'rf_reg[26][29]'
         to break a timing loop. (OPT-314)
Warning: Disabling timing arc between pins 'Q' and 'QN' on cell 'rf_reg[26][29]'
         to break a timing loop. (OPT-314)
Warning: Disabling timing arc between pins 'Q' and 'QN' on cell 'rf_reg[3][29]'
         to break a timing loop. (OPT-314)
Warning: Disabling timing arc between pins 'Q' and 'QN' on cell 'rf_reg[3][29]'
         to break a timing loop. (OPT-314)
Warning: Disabling timing arc between pins 'Q' and 'QN' on cell 'q_reg[10]4'
         to break a timing loop. (OPT-314)
Warning: Disabling timing arc between pins 'Q' and 'QN' on cell 'q_reg[10]4'
         to break a timing loop. (OPT-314)
Warning: Disabling timing arc between pins 'Q' and 'QN' on cell 'rf_reg[12][10]'
         to break a timing loop. (OPT-314)
Warning: Disabling timing arc between pins 'Q' and 'QN' on cell 'rf_reg[12][10]'
         to break a timing loop. (OPT-314)
Warning: Disabling timing arc between pins 'Q' and 'QN' on cell 'rf_reg[25][10]'
         to break a timing loop. (OPT-314)
Warning: Disabling timing arc between pins 'Q' and 'QN' on cell 'rf_reg[25][10]'
         to break a timing loop. (OPT-314)
Warning: Disabling timing arc between pins 'Q' and 'QN' on cell 'rf_reg[20][10]'
         to break a timing loop. (OPT-314)
Warning: Disabling timing arc between pins 'Q' and 'QN' on cell 'rf_reg[20][10]'
         to break a timing loop. (OPT-314)
Warning: Disabling timing arc between pins 'Q' and 'QN' on cell 'rf_reg[5][10]'
         to break a timing loop. (OPT-314)
Warning: Disabling timing arc between pins 'Q' and 'QN' on cell 'rf_reg[5][10]'
         to break a timing loop. (OPT-314)
Warning: Disabling timing arc between pins 'Q' and 'QN' on cell 'rf_reg[6][10]'
         to break a timing loop. (OPT-314)
Warning: Disabling timing arc between pins 'Q' and 'QN' on cell 'rf_reg[6][10]'
         to break a timing loop. (OPT-314)
Warning: Disabling timing arc between pins 'Q' and 'QN' on cell 'rf_reg[7][10]'
         to break a timing loop. (OPT-314)
Warning: Disabling timing arc between pins 'Q' and 'QN' on cell 'rf_reg[7][10]'
         to break a timing loop. (OPT-314)
Warning: Disabling timing arc between pins 'Q' and 'QN' on cell 'rf_reg[21][10]'
         to break a timing loop. (OPT-314)
Warning: Disabling timing arc between pins 'Q' and 'QN' on cell 'rf_reg[21][10]'
         to break a timing loop. (OPT-314)
Warning: Disabling timing arc between pins 'Q' and 'QN' on cell 'rf_reg[22][10]'
         to break a timing loop. (OPT-314)
Warning: Disabling timing arc between pins 'Q' and 'QN' on cell 'rf_reg[22][10]'
         to break a timing loop. (OPT-314)
Warning: Disabling timing arc between pins 'Q' and 'QN' on cell 'rf_reg[14][10]'
         to break a timing loop. (OPT-314)
Warning: Disabling timing arc between pins 'Q' and 'QN' on cell 'rf_reg[14][10]'
         to break a timing loop. (OPT-314)
Warning: Disabling timing arc between pins 'Q' and 'QN' on cell 'rf_reg[23][10]'
         to break a timing loop. (OPT-314)
Warning: Disabling timing arc between pins 'Q' and 'QN' on cell 'rf_reg[23][10]'
         to break a timing loop. (OPT-314)
Warning: Disabling timing arc between pins 'Q' and 'QN' on cell 'rf_reg[18][10]'
         to break a timing loop. (OPT-314)
Warning: Disabling timing arc between pins 'Q' and 'QN' on cell 'rf_reg[18][10]'
         to break a timing loop. (OPT-314)
Warning: Disabling timing arc between pins 'Q' and 'QN' on cell 'rf_reg[10][10]'
         to break a timing loop. (OPT-314)
Warning: Disabling timing arc between pins 'Q' and 'QN' on cell 'rf_reg[10][10]'
         to break a timing loop. (OPT-314)
Warning: Disabling timing arc between pins 'Q' and 'QN' on cell 'rf_reg[16][10]'
         to break a timing loop. (OPT-314)
Warning: Disabling timing arc between pins 'Q' and 'QN' on cell 'rf_reg[16][10]'
         to break a timing loop. (OPT-314)
Warning: Disabling timing arc between pins 'Q' and 'QN' on cell 'rf_reg[11][10]'
         to break a timing loop. (OPT-314)
Warning: Disabling timing arc between pins 'Q' and 'QN' on cell 'rf_reg[11][10]'
         to break a timing loop. (OPT-314)
Warning: Disabling timing arc between pins 'Q' and 'QN' on cell 'rf_reg[17][10]'
         to break a timing loop. (OPT-314)
Warning: Disabling timing arc between pins 'Q' and 'QN' on cell 'rf_reg[17][10]'
         to break a timing loop. (OPT-314)
Warning: Disabling timing arc between pins 'Q' and 'QN' on cell 'rf_reg[9][10]'
         to break a timing loop. (OPT-314)
Warning: Disabling timing arc between pins 'Q' and 'QN' on cell 'rf_reg[9][10]'
         to break a timing loop. (OPT-314)
Warning: Disabling timing arc between pins 'Q' and 'QN' on cell 'rf_reg[4][10]'
         to break a timing loop. (OPT-314)
Warning: Disabling timing arc between pins 'Q' and 'QN' on cell 'rf_reg[4][10]'
         to break a timing loop. (OPT-314)
Warning: Disabling timing arc between pins 'Q' and 'QN' on cell 'rf_reg[8][10]'
         to break a timing loop. (OPT-314)
Warning: Disabling timing arc between pins 'Q' and 'QN' on cell 'rf_reg[8][10]'
         to break a timing loop. (OPT-314)
Warning: Disabling timing arc between pins 'Q' and 'QN' on cell 'rf_reg[1][10]'
         to break a timing loop. (OPT-314)
Warning: Disabling timing arc between pins 'Q' and 'QN' on cell 'rf_reg[1][10]'
         to break a timing loop. (OPT-314)
Warning: Disabling timing arc between pins 'Q' and 'QN' on cell 'rf_reg[19][10]'
         to break a timing loop. (OPT-314)
Warning: Disabling timing arc between pins 'Q' and 'QN' on cell 'rf_reg[19][10]'
         to break a timing loop. (OPT-314)
Warning: Disabling timing arc between pins 'Q' and 'QN' on cell 'rf_reg[28][10]'
         to break a timing loop. (OPT-314)
Warning: Disabling timing arc between pins 'Q' and 'QN' on cell 'rf_reg[28][10]'
         to break a timing loop. (OPT-314)
Warning: Disabling timing arc between pins 'Q' and 'QN' on cell 'rf_reg[29][10]'
         to break a timing loop. (OPT-314)
Warning: Disabling timing arc between pins 'Q' and 'QN' on cell 'rf_reg[29][10]'
         to break a timing loop. (OPT-314)
Warning: Disabling timing arc between pins 'Q' and 'QN' on cell 'rf_reg[30][10]'
         to break a timing loop. (OPT-314)
Warning: Disabling timing arc between pins 'Q' and 'QN' on cell 'rf_reg[30][10]'
         to break a timing loop. (OPT-314)
Warning: Disabling timing arc between pins 'Q' and 'QN' on cell 'rf_reg[31][10]'
         to break a timing loop. (OPT-314)
Warning: Disabling timing arc between pins 'Q' and 'QN' on cell 'rf_reg[31][10]'
         to break a timing loop. (OPT-314)
Warning: Disabling timing arc between pins 'Q' and 'QN' on cell 'rf_reg[2][10]'
         to break a timing loop. (OPT-314)
Warning: Disabling timing arc between pins 'Q' and 'QN' on cell 'rf_reg[2][10]'
         to break a timing loop. (OPT-314)
Warning: Disabling timing arc between pins 'Q' and 'QN' on cell 'rf_reg[27][10]'
         to break a timing loop. (OPT-314)
Warning: Disabling timing arc between pins 'Q' and 'QN' on cell 'rf_reg[27][10]'
         to break a timing loop. (OPT-314)
Warning: Disabling timing arc between pins 'Q' and 'QN' on cell 'rf_reg[24][10]'
         to break a timing loop. (OPT-314)
Warning: Disabling timing arc between pins 'Q' and 'QN' on cell 'rf_reg[24][10]'
         to break a timing loop. (OPT-314)
Warning: Disabling timing arc between pins 'Q' and 'QN' on cell 'rf_reg[15][10]'
         to break a timing loop. (OPT-314)
Warning: Disabling timing arc between pins 'Q' and 'QN' on cell 'rf_reg[15][10]'
         to break a timing loop. (OPT-314)
Warning: Disabling timing arc between pins 'Q' and 'QN' on cell 'rf_reg[13][10]'
         to break a timing loop. (OPT-314)
Warning: Disabling timing arc between pins 'Q' and 'QN' on cell 'rf_reg[13][10]'
         to break a timing loop. (OPT-314)
Warning: Disabling timing arc between pins 'Q' and 'QN' on cell 'rf_reg[26][10]'
         to break a timing loop. (OPT-314)
Warning: Disabling timing arc between pins 'Q' and 'QN' on cell 'rf_reg[26][10]'
         to break a timing loop. (OPT-314)
Warning: Disabling timing arc between pins 'Q' and 'QN' on cell 'rf_reg[3][10]'
         to break a timing loop. (OPT-314)
Warning: Disabling timing arc between pins 'Q' and 'QN' on cell 'rf_reg[3][10]'
         to break a timing loop. (OPT-314)
Warning: Disabling timing arc between pins 'Q' and 'QN' on cell 'q_reg[26]3'
         to break a timing loop. (OPT-314)
Warning: Disabling timing arc between pins 'Q' and 'QN' on cell 'q_reg[26]3'
         to break a timing loop. (OPT-314)
Warning: Disabling timing arc between pins 'Q' and 'QN' on cell 'rf_reg[12][26]'
         to break a timing loop. (OPT-314)
Warning: Disabling timing arc between pins 'Q' and 'QN' on cell 'rf_reg[12][26]'
         to break a timing loop. (OPT-314)
Warning: Disabling timing arc between pins 'Q' and 'QN' on cell 'rf_reg[25][26]'
         to break a timing loop. (OPT-314)
Warning: Disabling timing arc between pins 'Q' and 'QN' on cell 'rf_reg[25][26]'
         to break a timing loop. (OPT-314)
Warning: Disabling timing arc between pins 'Q' and 'QN' on cell 'rf_reg[20][26]'
         to break a timing loop. (OPT-314)
Warning: Disabling timing arc between pins 'Q' and 'QN' on cell 'rf_reg[20][26]'
         to break a timing loop. (OPT-314)
Warning: Disabling timing arc between pins 'Q' and 'QN' on cell 'rf_reg[5][26]'
         to break a timing loop. (OPT-314)
Warning: Disabling timing arc between pins 'Q' and 'QN' on cell 'rf_reg[5][26]'
         to break a timing loop. (OPT-314)
Warning: Disabling timing arc between pins 'Q' and 'QN' on cell 'rf_reg[6][26]'
         to break a timing loop. (OPT-314)
Warning: Disabling timing arc between pins 'Q' and 'QN' on cell 'rf_reg[6][26]'
         to break a timing loop. (OPT-314)
Warning: Disabling timing arc between pins 'Q' and 'QN' on cell 'rf_reg[7][26]'
         to break a timing loop. (OPT-314)
Warning: Disabling timing arc between pins 'Q' and 'QN' on cell 'rf_reg[7][26]'
         to break a timing loop. (OPT-314)
Warning: Disabling timing arc between pins 'Q' and 'QN' on cell 'rf_reg[21][26]'
         to break a timing loop. (OPT-314)
Warning: Disabling timing arc between pins 'Q' and 'QN' on cell 'rf_reg[21][26]'
         to break a timing loop. (OPT-314)
Warning: Disabling timing arc between pins 'Q' and 'QN' on cell 'rf_reg[22][26]'
         to break a timing loop. (OPT-314)
Warning: Disabling timing arc between pins 'Q' and 'QN' on cell 'rf_reg[22][26]'
         to break a timing loop. (OPT-314)
Warning: Disabling timing arc between pins 'Q' and 'QN' on cell 'rf_reg[14][26]'
         to break a timing loop. (OPT-314)
Warning: Disabling timing arc between pins 'Q' and 'QN' on cell 'rf_reg[14][26]'
         to break a timing loop. (OPT-314)
Warning: Disabling timing arc between pins 'Q' and 'QN' on cell 'rf_reg[23][26]'
         to break a timing loop. (OPT-314)
Warning: Disabling timing arc between pins 'Q' and 'QN' on cell 'rf_reg[23][26]'
         to break a timing loop. (OPT-314)
Warning: Disabling timing arc between pins 'Q' and 'QN' on cell 'rf_reg[18][26]'
         to break a timing loop. (OPT-314)
Warning: Disabling timing arc between pins 'Q' and 'QN' on cell 'rf_reg[18][26]'
         to break a timing loop. (OPT-314)
Warning: Disabling timing arc between pins 'Q' and 'QN' on cell 'rf_reg[10][26]'
         to break a timing loop. (OPT-314)
Warning: Disabling timing arc between pins 'Q' and 'QN' on cell 'rf_reg[10][26]'
         to break a timing loop. (OPT-314)
Warning: Disabling timing arc between pins 'Q' and 'QN' on cell 'rf_reg[16][26]'
         to break a timing loop. (OPT-314)
Warning: Disabling timing arc between pins 'Q' and 'QN' on cell 'rf_reg[16][26]'
         to break a timing loop. (OPT-314)
Warning: Disabling timing arc between pins 'Q' and 'QN' on cell 'rf_reg[11][26]'
         to break a timing loop. (OPT-314)
Warning: Disabling timing arc between pins 'Q' and 'QN' on cell 'rf_reg[11][26]'
         to break a timing loop. (OPT-314)
Warning: Disabling timing arc between pins 'Q' and 'QN' on cell 'rf_reg[17][26]'
         to break a timing loop. (OPT-314)
Warning: Disabling timing arc between pins 'Q' and 'QN' on cell 'rf_reg[17][26]'
         to break a timing loop. (OPT-314)
Warning: Disabling timing arc between pins 'Q' and 'QN' on cell 'rf_reg[9][26]'
         to break a timing loop. (OPT-314)
Warning: Disabling timing arc between pins 'Q' and 'QN' on cell 'rf_reg[9][26]'
         to break a timing loop. (OPT-314)
Warning: Disabling timing arc between pins 'Q' and 'QN' on cell 'rf_reg[4][26]'
         to break a timing loop. (OPT-314)
Warning: Disabling timing arc between pins 'Q' and 'QN' on cell 'rf_reg[4][26]'
         to break a timing loop. (OPT-314)
Warning: Disabling timing arc between pins 'Q' and 'QN' on cell 'rf_reg[8][26]'
         to break a timing loop. (OPT-314)
Warning: Disabling timing arc between pins 'Q' and 'QN' on cell 'rf_reg[8][26]'
         to break a timing loop. (OPT-314)
Warning: Disabling timing arc between pins 'Q' and 'QN' on cell 'rf_reg[1][26]'
         to break a timing loop. (OPT-314)
Warning: Disabling timing arc between pins 'Q' and 'QN' on cell 'rf_reg[1][26]'
         to break a timing loop. (OPT-314)
Warning: Disabling timing arc between pins 'Q' and 'QN' on cell 'rf_reg[19][26]'
         to break a timing loop. (OPT-314)
Warning: Disabling timing arc between pins 'Q' and 'QN' on cell 'rf_reg[19][26]'
         to break a timing loop. (OPT-314)
Warning: Disabling timing arc between pins 'Q' and 'QN' on cell 'rf_reg[28][26]'
         to break a timing loop. (OPT-314)
Warning: Disabling timing arc between pins 'Q' and 'QN' on cell 'rf_reg[28][26]'
         to break a timing loop. (OPT-314)
Warning: Disabling timing arc between pins 'Q' and 'QN' on cell 'rf_reg[29][26]'
         to break a timing loop. (OPT-314)
Warning: Disabling timing arc between pins 'Q' and 'QN' on cell 'rf_reg[29][26]'
         to break a timing loop. (OPT-314)
Warning: Disabling timing arc between pins 'Q' and 'QN' on cell 'rf_reg[30][26]'
         to break a timing loop. (OPT-314)
Warning: Disabling timing arc between pins 'Q' and 'QN' on cell 'rf_reg[30][26]'
         to break a timing loop. (OPT-314)
Warning: Disabling timing arc between pins 'Q' and 'QN' on cell 'rf_reg[31][26]'
         to break a timing loop. (OPT-314)
Warning: Disabling timing arc between pins 'Q' and 'QN' on cell 'rf_reg[31][26]'
         to break a timing loop. (OPT-314)
Warning: Disabling timing arc between pins 'Q' and 'QN' on cell 'rf_reg[2][26]'
         to break a timing loop. (OPT-314)
Warning: Disabling timing arc between pins 'Q' and 'QN' on cell 'rf_reg[2][26]'
         to break a timing loop. (OPT-314)
Warning: Disabling timing arc between pins 'Q' and 'QN' on cell 'rf_reg[27][26]'
         to break a timing loop. (OPT-314)
Warning: Disabling timing arc between pins 'Q' and 'QN' on cell 'rf_reg[27][26]'
         to break a timing loop. (OPT-314)
Warning: Disabling timing arc between pins 'Q' and 'QN' on cell 'rf_reg[24][26]'
         to break a timing loop. (OPT-314)
Warning: Disabling timing arc between pins 'Q' and 'QN' on cell 'rf_reg[24][26]'
         to break a timing loop. (OPT-314)
Warning: Disabling timing arc between pins 'Q' and 'QN' on cell 'rf_reg[15][26]'
         to break a timing loop. (OPT-314)
Warning: Disabling timing arc between pins 'Q' and 'QN' on cell 'rf_reg[15][26]'
         to break a timing loop. (OPT-314)
Warning: Disabling timing arc between pins 'Q' and 'QN' on cell 'rf_reg[13][26]'
         to break a timing loop. (OPT-314)
Warning: Disabling timing arc between pins 'Q' and 'QN' on cell 'rf_reg[13][26]'
         to break a timing loop. (OPT-314)
Warning: Disabling timing arc between pins 'Q' and 'QN' on cell 'rf_reg[26][26]'
         to break a timing loop. (OPT-314)
Warning: Disabling timing arc between pins 'Q' and 'QN' on cell 'rf_reg[26][26]'
         to break a timing loop. (OPT-314)
Warning: Disabling timing arc between pins 'Q' and 'QN' on cell 'rf_reg[3][26]'
         to break a timing loop. (OPT-314)
Warning: Disabling timing arc between pins 'Q' and 'QN' on cell 'rf_reg[3][26]'
         to break a timing loop. (OPT-314)
Warning: Disabling timing arc between pins 'Q' and 'QN' on cell 'q_reg[27]3'
         to break a timing loop. (OPT-314)
Warning: Disabling timing arc between pins 'Q' and 'QN' on cell 'q_reg[27]3'
         to break a timing loop. (OPT-314)
Warning: Disabling timing arc between pins 'Q' and 'QN' on cell 'rf_reg[12][27]'
         to break a timing loop. (OPT-314)
Warning: Disabling timing arc between pins 'Q' and 'QN' on cell 'rf_reg[12][27]'
         to break a timing loop. (OPT-314)
Warning: Disabling timing arc between pins 'Q' and 'QN' on cell 'rf_reg[25][27]'
         to break a timing loop. (OPT-314)
Warning: Disabling timing arc between pins 'Q' and 'QN' on cell 'rf_reg[25][27]'
         to break a timing loop. (OPT-314)
Warning: Disabling timing arc between pins 'Q' and 'QN' on cell 'rf_reg[20][27]'
         to break a timing loop. (OPT-314)
Warning: Disabling timing arc between pins 'Q' and 'QN' on cell 'rf_reg[20][27]'
         to break a timing loop. (OPT-314)
Warning: Disabling timing arc between pins 'Q' and 'QN' on cell 'rf_reg[5][27]'
         to break a timing loop. (OPT-314)
Warning: Disabling timing arc between pins 'Q' and 'QN' on cell 'rf_reg[5][27]'
         to break a timing loop. (OPT-314)
Warning: Disabling timing arc between pins 'Q' and 'QN' on cell 'rf_reg[6][27]'
         to break a timing loop. (OPT-314)
Warning: Disabling timing arc between pins 'Q' and 'QN' on cell 'rf_reg[6][27]'
         to break a timing loop. (OPT-314)
Warning: Disabling timing arc between pins 'Q' and 'QN' on cell 'rf_reg[7][27]'
         to break a timing loop. (OPT-314)
Warning: Disabling timing arc between pins 'Q' and 'QN' on cell 'rf_reg[7][27]'
         to break a timing loop. (OPT-314)
Warning: Disabling timing arc between pins 'Q' and 'QN' on cell 'rf_reg[21][27]'
         to break a timing loop. (OPT-314)
Warning: Disabling timing arc between pins 'Q' and 'QN' on cell 'rf_reg[21][27]'
         to break a timing loop. (OPT-314)
Warning: Disabling timing arc between pins 'Q' and 'QN' on cell 'rf_reg[22][27]'
         to break a timing loop. (OPT-314)
Warning: Disabling timing arc between pins 'Q' and 'QN' on cell 'rf_reg[22][27]'
         to break a timing loop. (OPT-314)
Warning: Disabling timing arc between pins 'Q' and 'QN' on cell 'rf_reg[14][27]'
         to break a timing loop. (OPT-314)
Warning: Disabling timing arc between pins 'Q' and 'QN' on cell 'rf_reg[14][27]'
         to break a timing loop. (OPT-314)
Warning: Disabling timing arc between pins 'Q' and 'QN' on cell 'rf_reg[23][27]'
         to break a timing loop. (OPT-314)
Warning: Disabling timing arc between pins 'Q' and 'QN' on cell 'rf_reg[23][27]'
         to break a timing loop. (OPT-314)
Warning: Disabling timing arc between pins 'Q' and 'QN' on cell 'rf_reg[18][27]'
         to break a timing loop. (OPT-314)
Warning: Disabling timing arc between pins 'Q' and 'QN' on cell 'rf_reg[18][27]'
         to break a timing loop. (OPT-314)
Warning: Disabling timing arc between pins 'Q' and 'QN' on cell 'rf_reg[10][27]'
         to break a timing loop. (OPT-314)
Warning: Disabling timing arc between pins 'Q' and 'QN' on cell 'rf_reg[10][27]'
         to break a timing loop. (OPT-314)
Warning: Disabling timing arc between pins 'Q' and 'QN' on cell 'rf_reg[16][27]'
         to break a timing loop. (OPT-314)
Warning: Disabling timing arc between pins 'Q' and 'QN' on cell 'rf_reg[16][27]'
         to break a timing loop. (OPT-314)
Warning: Disabling timing arc between pins 'Q' and 'QN' on cell 'rf_reg[11][27]'
         to break a timing loop. (OPT-314)
Warning: Disabling timing arc between pins 'Q' and 'QN' on cell 'rf_reg[11][27]'
         to break a timing loop. (OPT-314)
Warning: Disabling timing arc between pins 'Q' and 'QN' on cell 'rf_reg[17][27]'
         to break a timing loop. (OPT-314)
Warning: Disabling timing arc between pins 'Q' and 'QN' on cell 'rf_reg[17][27]'
         to break a timing loop. (OPT-314)
Warning: Disabling timing arc between pins 'Q' and 'QN' on cell 'rf_reg[9][27]'
         to break a timing loop. (OPT-314)
Warning: Disabling timing arc between pins 'Q' and 'QN' on cell 'rf_reg[9][27]'
         to break a timing loop. (OPT-314)
Warning: Disabling timing arc between pins 'Q' and 'QN' on cell 'rf_reg[4][27]'
         to break a timing loop. (OPT-314)
Warning: Disabling timing arc between pins 'Q' and 'QN' on cell 'rf_reg[4][27]'
         to break a timing loop. (OPT-314)
Warning: Disabling timing arc between pins 'Q' and 'QN' on cell 'rf_reg[8][27]'
         to break a timing loop. (OPT-314)
Warning: Disabling timing arc between pins 'Q' and 'QN' on cell 'rf_reg[8][27]'
         to break a timing loop. (OPT-314)
Warning: Disabling timing arc between pins 'Q' and 'QN' on cell 'rf_reg[1][27]'
         to break a timing loop. (OPT-314)
Warning: Disabling timing arc between pins 'Q' and 'QN' on cell 'rf_reg[1][27]'
         to break a timing loop. (OPT-314)
Warning: Disabling timing arc between pins 'Q' and 'QN' on cell 'rf_reg[19][27]'
         to break a timing loop. (OPT-314)
Warning: Disabling timing arc between pins 'Q' and 'QN' on cell 'rf_reg[19][27]'
         to break a timing loop. (OPT-314)
Warning: Disabling timing arc between pins 'Q' and 'QN' on cell 'rf_reg[28][27]'
         to break a timing loop. (OPT-314)
Warning: Disabling timing arc between pins 'Q' and 'QN' on cell 'rf_reg[28][27]'
         to break a timing loop. (OPT-314)
Warning: Disabling timing arc between pins 'Q' and 'QN' on cell 'rf_reg[29][27]'
         to break a timing loop. (OPT-314)
Warning: Disabling timing arc between pins 'Q' and 'QN' on cell 'rf_reg[29][27]'
         to break a timing loop. (OPT-314)
Warning: Disabling timing arc between pins 'Q' and 'QN' on cell 'rf_reg[30][27]'
         to break a timing loop. (OPT-314)
Warning: Disabling timing arc between pins 'Q' and 'QN' on cell 'rf_reg[30][27]'
         to break a timing loop. (OPT-314)
Warning: Disabling timing arc between pins 'Q' and 'QN' on cell 'rf_reg[31][27]'
         to break a timing loop. (OPT-314)
Warning: Disabling timing arc between pins 'Q' and 'QN' on cell 'rf_reg[31][27]'
         to break a timing loop. (OPT-314)
Warning: Disabling timing arc between pins 'Q' and 'QN' on cell 'rf_reg[2][27]'
         to break a timing loop. (OPT-314)
Warning: Disabling timing arc between pins 'Q' and 'QN' on cell 'rf_reg[2][27]'
         to break a timing loop. (OPT-314)
Warning: Disabling timing arc between pins 'Q' and 'QN' on cell 'rf_reg[27][27]'
         to break a timing loop. (OPT-314)
Warning: Disabling timing arc between pins 'Q' and 'QN' on cell 'rf_reg[27][27]'
         to break a timing loop. (OPT-314)
Warning: Disabling timing arc between pins 'Q' and 'QN' on cell 'rf_reg[24][27]'
         to break a timing loop. (OPT-314)
Warning: Disabling timing arc between pins 'Q' and 'QN' on cell 'rf_reg[24][27]'
         to break a timing loop. (OPT-314)
Warning: Disabling timing arc between pins 'Q' and 'QN' on cell 'rf_reg[15][27]'
         to break a timing loop. (OPT-314)
Warning: Disabling timing arc between pins 'Q' and 'QN' on cell 'rf_reg[15][27]'
         to break a timing loop. (OPT-314)
Warning: Disabling timing arc between pins 'Q' and 'QN' on cell 'rf_reg[13][27]'
         to break a timing loop. (OPT-314)
Warning: Disabling timing arc between pins 'Q' and 'QN' on cell 'rf_reg[13][27]'
         to break a timing loop. (OPT-314)
Warning: Disabling timing arc between pins 'Q' and 'QN' on cell 'rf_reg[26][27]'
         to break a timing loop. (OPT-314)
Warning: Disabling timing arc between pins 'Q' and 'QN' on cell 'rf_reg[26][27]'
         to break a timing loop. (OPT-314)
Warning: Disabling timing arc between pins 'Q' and 'QN' on cell 'rf_reg[3][27]'
         to break a timing loop. (OPT-314)
Warning: Disabling timing arc between pins 'Q' and 'QN' on cell 'rf_reg[3][27]'
         to break a timing loop. (OPT-314)
Warning: Disabling timing arc between pins 'Q' and 'QN' on cell 'q_reg[12]4'
         to break a timing loop. (OPT-314)
Warning: Disabling timing arc between pins 'Q' and 'QN' on cell 'q_reg[12]4'
         to break a timing loop. (OPT-314)
Warning: Disabling timing arc between pins 'Q' and 'QN' on cell 'rf_reg[12][12]'
         to break a timing loop. (OPT-314)
Warning: Disabling timing arc between pins 'Q' and 'QN' on cell 'rf_reg[12][12]'
         to break a timing loop. (OPT-314)
Warning: Disabling timing arc between pins 'Q' and 'QN' on cell 'rf_reg[25][12]'
         to break a timing loop. (OPT-314)
Warning: Disabling timing arc between pins 'Q' and 'QN' on cell 'rf_reg[25][12]'
         to break a timing loop. (OPT-314)
Warning: Disabling timing arc between pins 'Q' and 'QN' on cell 'rf_reg[20][12]'
         to break a timing loop. (OPT-314)
Warning: Disabling timing arc between pins 'Q' and 'QN' on cell 'rf_reg[20][12]'
         to break a timing loop. (OPT-314)
Warning: Disabling timing arc between pins 'Q' and 'QN' on cell 'rf_reg[5][12]'
         to break a timing loop. (OPT-314)
Warning: Disabling timing arc between pins 'Q' and 'QN' on cell 'rf_reg[5][12]'
         to break a timing loop. (OPT-314)
Warning: Disabling timing arc between pins 'Q' and 'QN' on cell 'rf_reg[6][12]'
         to break a timing loop. (OPT-314)
Warning: Disabling timing arc between pins 'Q' and 'QN' on cell 'rf_reg[6][12]'
         to break a timing loop. (OPT-314)
Warning: Disabling timing arc between pins 'Q' and 'QN' on cell 'rf_reg[7][12]'
         to break a timing loop. (OPT-314)
Warning: Disabling timing arc between pins 'Q' and 'QN' on cell 'rf_reg[7][12]'
         to break a timing loop. (OPT-314)
Warning: Disabling timing arc between pins 'Q' and 'QN' on cell 'rf_reg[21][12]'
         to break a timing loop. (OPT-314)
Warning: Disabling timing arc between pins 'Q' and 'QN' on cell 'rf_reg[21][12]'
         to break a timing loop. (OPT-314)
Warning: Disabling timing arc between pins 'Q' and 'QN' on cell 'rf_reg[22][12]'
         to break a timing loop. (OPT-314)
Warning: Disabling timing arc between pins 'Q' and 'QN' on cell 'rf_reg[22][12]'
         to break a timing loop. (OPT-314)
Warning: Disabling timing arc between pins 'Q' and 'QN' on cell 'rf_reg[14][12]'
         to break a timing loop. (OPT-314)
Warning: Disabling timing arc between pins 'Q' and 'QN' on cell 'rf_reg[14][12]'
         to break a timing loop. (OPT-314)
Warning: Disabling timing arc between pins 'Q' and 'QN' on cell 'rf_reg[23][12]'
         to break a timing loop. (OPT-314)
Warning: Disabling timing arc between pins 'Q' and 'QN' on cell 'rf_reg[23][12]'
         to break a timing loop. (OPT-314)
Warning: Disabling timing arc between pins 'Q' and 'QN' on cell 'rf_reg[18][12]'
         to break a timing loop. (OPT-314)
Warning: Disabling timing arc between pins 'Q' and 'QN' on cell 'rf_reg[18][12]'
         to break a timing loop. (OPT-314)
Warning: Disabling timing arc between pins 'Q' and 'QN' on cell 'rf_reg[10][12]'
         to break a timing loop. (OPT-314)
Warning: Disabling timing arc between pins 'Q' and 'QN' on cell 'rf_reg[10][12]'
         to break a timing loop. (OPT-314)
Warning: Disabling timing arc between pins 'Q' and 'QN' on cell 'rf_reg[16][12]'
         to break a timing loop. (OPT-314)
Warning: Disabling timing arc between pins 'Q' and 'QN' on cell 'rf_reg[16][12]'
         to break a timing loop. (OPT-314)
Warning: Disabling timing arc between pins 'Q' and 'QN' on cell 'rf_reg[11][12]'
         to break a timing loop. (OPT-314)
Warning: Disabling timing arc between pins 'Q' and 'QN' on cell 'rf_reg[11][12]'
         to break a timing loop. (OPT-314)
Warning: Disabling timing arc between pins 'Q' and 'QN' on cell 'rf_reg[17][12]'
         to break a timing loop. (OPT-314)
Warning: Disabling timing arc between pins 'Q' and 'QN' on cell 'rf_reg[17][12]'
         to break a timing loop. (OPT-314)
Warning: Disabling timing arc between pins 'Q' and 'QN' on cell 'rf_reg[9][12]'
         to break a timing loop. (OPT-314)
Warning: Disabling timing arc between pins 'Q' and 'QN' on cell 'rf_reg[9][12]'
         to break a timing loop. (OPT-314)
Warning: Disabling timing arc between pins 'Q' and 'QN' on cell 'rf_reg[4][12]'
         to break a timing loop. (OPT-314)
Warning: Disabling timing arc between pins 'Q' and 'QN' on cell 'rf_reg[4][12]'
         to break a timing loop. (OPT-314)
Warning: Disabling timing arc between pins 'Q' and 'QN' on cell 'rf_reg[8][12]'
         to break a timing loop. (OPT-314)
Warning: Disabling timing arc between pins 'Q' and 'QN' on cell 'rf_reg[8][12]'
         to break a timing loop. (OPT-314)
Warning: Disabling timing arc between pins 'Q' and 'QN' on cell 'rf_reg[1][12]'
         to break a timing loop. (OPT-314)
Warning: Disabling timing arc between pins 'Q' and 'QN' on cell 'rf_reg[1][12]'
         to break a timing loop. (OPT-314)
Warning: Disabling timing arc between pins 'Q' and 'QN' on cell 'rf_reg[19][12]'
         to break a timing loop. (OPT-314)
Warning: Disabling timing arc between pins 'Q' and 'QN' on cell 'rf_reg[19][12]'
         to break a timing loop. (OPT-314)
Warning: Disabling timing arc between pins 'Q' and 'QN' on cell 'rf_reg[28][12]'
         to break a timing loop. (OPT-314)
Warning: Disabling timing arc between pins 'Q' and 'QN' on cell 'rf_reg[28][12]'
         to break a timing loop. (OPT-314)
Warning: Disabling timing arc between pins 'Q' and 'QN' on cell 'rf_reg[29][12]'
         to break a timing loop. (OPT-314)
Warning: Disabling timing arc between pins 'Q' and 'QN' on cell 'rf_reg[29][12]'
         to break a timing loop. (OPT-314)
Warning: Disabling timing arc between pins 'Q' and 'QN' on cell 'rf_reg[30][12]'
         to break a timing loop. (OPT-314)
Warning: Disabling timing arc between pins 'Q' and 'QN' on cell 'rf_reg[30][12]'
         to break a timing loop. (OPT-314)
Warning: Disabling timing arc between pins 'Q' and 'QN' on cell 'rf_reg[31][12]'
         to break a timing loop. (OPT-314)
Warning: Disabling timing arc between pins 'Q' and 'QN' on cell 'rf_reg[31][12]'
         to break a timing loop. (OPT-314)
Warning: Disabling timing arc between pins 'Q' and 'QN' on cell 'rf_reg[2][12]'
         to break a timing loop. (OPT-314)
Warning: Disabling timing arc between pins 'Q' and 'QN' on cell 'rf_reg[2][12]'
         to break a timing loop. (OPT-314)
Warning: Disabling timing arc between pins 'Q' and 'QN' on cell 'rf_reg[27][12]'
         to break a timing loop. (OPT-314)
Warning: Disabling timing arc between pins 'Q' and 'QN' on cell 'rf_reg[27][12]'
         to break a timing loop. (OPT-314)
Warning: Disabling timing arc between pins 'Q' and 'QN' on cell 'rf_reg[24][12]'
         to break a timing loop. (OPT-314)
Warning: Disabling timing arc between pins 'Q' and 'QN' on cell 'rf_reg[24][12]'
         to break a timing loop. (OPT-314)
Warning: Disabling timing arc between pins 'Q' and 'QN' on cell 'rf_reg[15][12]'
         to break a timing loop. (OPT-314)
Warning: Disabling timing arc between pins 'Q' and 'QN' on cell 'rf_reg[15][12]'
         to break a timing loop. (OPT-314)
Warning: Disabling timing arc between pins 'Q' and 'QN' on cell 'rf_reg[13][12]'
         to break a timing loop. (OPT-314)
Warning: Disabling timing arc between pins 'Q' and 'QN' on cell 'rf_reg[13][12]'
         to break a timing loop. (OPT-314)
Warning: Disabling timing arc between pins 'Q' and 'QN' on cell 'rf_reg[26][12]'
         to break a timing loop. (OPT-314)
Warning: Disabling timing arc between pins 'Q' and 'QN' on cell 'rf_reg[26][12]'
         to break a timing loop. (OPT-314)
Warning: Disabling timing arc between pins 'Q' and 'QN' on cell 'rf_reg[3][12]'
         to break a timing loop. (OPT-314)
Warning: Disabling timing arc between pins 'Q' and 'QN' on cell 'rf_reg[3][12]'
         to break a timing loop. (OPT-314)
Warning: Disabling timing arc between pins 'Q' and 'QN' on cell 'q_reg[20]3'
         to break a timing loop. (OPT-314)
Warning: Disabling timing arc between pins 'Q' and 'QN' on cell 'q_reg[20]3'
         to break a timing loop. (OPT-314)
Warning: Disabling timing arc between pins 'Q' and 'QN' on cell 'rf_reg[12][20]'
         to break a timing loop. (OPT-314)
Warning: Disabling timing arc between pins 'Q' and 'QN' on cell 'rf_reg[12][20]'
         to break a timing loop. (OPT-314)
Warning: Disabling timing arc between pins 'Q' and 'QN' on cell 'rf_reg[25][20]'
         to break a timing loop. (OPT-314)
Warning: Disabling timing arc between pins 'Q' and 'QN' on cell 'rf_reg[25][20]'
         to break a timing loop. (OPT-314)
Warning: Disabling timing arc between pins 'Q' and 'QN' on cell 'rf_reg[20][20]'
         to break a timing loop. (OPT-314)
Warning: Disabling timing arc between pins 'Q' and 'QN' on cell 'rf_reg[20][20]'
         to break a timing loop. (OPT-314)
Warning: Disabling timing arc between pins 'Q' and 'QN' on cell 'rf_reg[5][20]'
         to break a timing loop. (OPT-314)
Warning: Disabling timing arc between pins 'Q' and 'QN' on cell 'rf_reg[5][20]'
         to break a timing loop. (OPT-314)
Warning: Disabling timing arc between pins 'Q' and 'QN' on cell 'rf_reg[6][20]'
         to break a timing loop. (OPT-314)
Warning: Disabling timing arc between pins 'Q' and 'QN' on cell 'rf_reg[6][20]'
         to break a timing loop. (OPT-314)
Warning: Disabling timing arc between pins 'Q' and 'QN' on cell 'rf_reg[7][20]'
         to break a timing loop. (OPT-314)
Warning: Disabling timing arc between pins 'Q' and 'QN' on cell 'rf_reg[7][20]'
         to break a timing loop. (OPT-314)
Warning: Disabling timing arc between pins 'Q' and 'QN' on cell 'rf_reg[21][20]'
         to break a timing loop. (OPT-314)
Warning: Disabling timing arc between pins 'Q' and 'QN' on cell 'rf_reg[21][20]'
         to break a timing loop. (OPT-314)
Warning: Disabling timing arc between pins 'Q' and 'QN' on cell 'rf_reg[22][20]'
         to break a timing loop. (OPT-314)
Warning: Disabling timing arc between pins 'Q' and 'QN' on cell 'rf_reg[22][20]'
         to break a timing loop. (OPT-314)
Warning: Disabling timing arc between pins 'Q' and 'QN' on cell 'rf_reg[14][20]'
         to break a timing loop. (OPT-314)
Warning: Disabling timing arc between pins 'Q' and 'QN' on cell 'rf_reg[14][20]'
         to break a timing loop. (OPT-314)
Warning: Disabling timing arc between pins 'Q' and 'QN' on cell 'rf_reg[23][20]'
         to break a timing loop. (OPT-314)
Warning: Disabling timing arc between pins 'Q' and 'QN' on cell 'rf_reg[23][20]'
         to break a timing loop. (OPT-314)
Warning: Disabling timing arc between pins 'Q' and 'QN' on cell 'rf_reg[18][20]'
         to break a timing loop. (OPT-314)
Warning: Disabling timing arc between pins 'Q' and 'QN' on cell 'rf_reg[18][20]'
         to break a timing loop. (OPT-314)
Warning: Disabling timing arc between pins 'Q' and 'QN' on cell 'rf_reg[10][20]'
         to break a timing loop. (OPT-314)
Warning: Disabling timing arc between pins 'Q' and 'QN' on cell 'rf_reg[10][20]'
         to break a timing loop. (OPT-314)
Warning: Disabling timing arc between pins 'Q' and 'QN' on cell 'rf_reg[16][20]'
         to break a timing loop. (OPT-314)
Warning: Disabling timing arc between pins 'Q' and 'QN' on cell 'rf_reg[16][20]'
         to break a timing loop. (OPT-314)
Warning: Disabling timing arc between pins 'Q' and 'QN' on cell 'rf_reg[11][20]'
         to break a timing loop. (OPT-314)
Warning: Disabling timing arc between pins 'Q' and 'QN' on cell 'rf_reg[11][20]'
         to break a timing loop. (OPT-314)
Warning: Disabling timing arc between pins 'Q' and 'QN' on cell 'rf_reg[17][20]'
         to break a timing loop. (OPT-314)
Warning: Disabling timing arc between pins 'Q' and 'QN' on cell 'rf_reg[17][20]'
         to break a timing loop. (OPT-314)
Warning: Disabling timing arc between pins 'Q' and 'QN' on cell 'rf_reg[9][20]'
         to break a timing loop. (OPT-314)
Warning: Disabling timing arc between pins 'Q' and 'QN' on cell 'rf_reg[9][20]'
         to break a timing loop. (OPT-314)
Warning: Disabling timing arc between pins 'Q' and 'QN' on cell 'rf_reg[4][20]'
         to break a timing loop. (OPT-314)
Warning: Disabling timing arc between pins 'Q' and 'QN' on cell 'rf_reg[4][20]'
         to break a timing loop. (OPT-314)
Warning: Disabling timing arc between pins 'Q' and 'QN' on cell 'rf_reg[8][20]'
         to break a timing loop. (OPT-314)
Warning: Disabling timing arc between pins 'Q' and 'QN' on cell 'rf_reg[8][20]'
         to break a timing loop. (OPT-314)
Warning: Disabling timing arc between pins 'Q' and 'QN' on cell 'rf_reg[1][20]'
         to break a timing loop. (OPT-314)
Warning: Disabling timing arc between pins 'Q' and 'QN' on cell 'rf_reg[1][20]'
         to break a timing loop. (OPT-314)
Warning: Disabling timing arc between pins 'Q' and 'QN' on cell 'rf_reg[19][20]'
         to break a timing loop. (OPT-314)
Warning: Disabling timing arc between pins 'Q' and 'QN' on cell 'rf_reg[19][20]'
         to break a timing loop. (OPT-314)
Warning: Disabling timing arc between pins 'Q' and 'QN' on cell 'rf_reg[28][20]'
         to break a timing loop. (OPT-314)
Warning: Disabling timing arc between pins 'Q' and 'QN' on cell 'rf_reg[28][20]'
         to break a timing loop. (OPT-314)
Warning: Disabling timing arc between pins 'Q' and 'QN' on cell 'rf_reg[29][20]'
         to break a timing loop. (OPT-314)
Warning: Disabling timing arc between pins 'Q' and 'QN' on cell 'rf_reg[29][20]'
         to break a timing loop. (OPT-314)
Warning: Disabling timing arc between pins 'Q' and 'QN' on cell 'rf_reg[30][20]'
         to break a timing loop. (OPT-314)
Warning: Disabling timing arc between pins 'Q' and 'QN' on cell 'rf_reg[30][20]'
         to break a timing loop. (OPT-314)
Warning: Disabling timing arc between pins 'Q' and 'QN' on cell 'rf_reg[31][20]'
         to break a timing loop. (OPT-314)
Warning: Disabling timing arc between pins 'Q' and 'QN' on cell 'rf_reg[31][20]'
         to break a timing loop. (OPT-314)
Warning: Disabling timing arc between pins 'Q' and 'QN' on cell 'rf_reg[2][20]'
         to break a timing loop. (OPT-314)
Warning: Disabling timing arc between pins 'Q' and 'QN' on cell 'rf_reg[2][20]'
         to break a timing loop. (OPT-314)
Warning: Disabling timing arc between pins 'Q' and 'QN' on cell 'rf_reg[27][20]'
         to break a timing loop. (OPT-314)
Warning: Disabling timing arc between pins 'Q' and 'QN' on cell 'rf_reg[27][20]'
         to break a timing loop. (OPT-314)
Warning: Disabling timing arc between pins 'Q' and 'QN' on cell 'rf_reg[24][20]'
         to break a timing loop. (OPT-314)
Warning: Disabling timing arc between pins 'Q' and 'QN' on cell 'rf_reg[24][20]'
         to break a timing loop. (OPT-314)
Warning: Disabling timing arc between pins 'Q' and 'QN' on cell 'rf_reg[15][20]'
         to break a timing loop. (OPT-314)
Warning: Disabling timing arc between pins 'Q' and 'QN' on cell 'rf_reg[15][20]'
         to break a timing loop. (OPT-314)
Warning: Disabling timing arc between pins 'Q' and 'QN' on cell 'rf_reg[13][20]'
         to break a timing loop. (OPT-314)
Warning: Disabling timing arc between pins 'Q' and 'QN' on cell 'rf_reg[13][20]'
         to break a timing loop. (OPT-314)
Warning: Disabling timing arc between pins 'Q' and 'QN' on cell 'rf_reg[26][20]'
         to break a timing loop. (OPT-314)
Warning: Disabling timing arc between pins 'Q' and 'QN' on cell 'rf_reg[26][20]'
         to break a timing loop. (OPT-314)
Warning: Disabling timing arc between pins 'Q' and 'QN' on cell 'rf_reg[3][20]'
         to break a timing loop. (OPT-314)
Warning: Disabling timing arc between pins 'Q' and 'QN' on cell 'rf_reg[3][20]'
         to break a timing loop. (OPT-314)
Warning: Disabling timing arc between pins 'Q' and 'QN' on cell 'q_reg[22]3'
         to break a timing loop. (OPT-314)
Warning: Disabling timing arc between pins 'Q' and 'QN' on cell 'q_reg[22]3'
         to break a timing loop. (OPT-314)
Warning: Disabling timing arc between pins 'Q' and 'QN' on cell 'rf_reg[12][22]'
         to break a timing loop. (OPT-314)
Warning: Disabling timing arc between pins 'Q' and 'QN' on cell 'rf_reg[12][22]'
         to break a timing loop. (OPT-314)
Warning: Disabling timing arc between pins 'Q' and 'QN' on cell 'rf_reg[25][22]'
         to break a timing loop. (OPT-314)
Warning: Disabling timing arc between pins 'Q' and 'QN' on cell 'rf_reg[25][22]'
         to break a timing loop. (OPT-314)
Warning: Disabling timing arc between pins 'Q' and 'QN' on cell 'rf_reg[20][22]'
         to break a timing loop. (OPT-314)
Warning: Disabling timing arc between pins 'Q' and 'QN' on cell 'rf_reg[20][22]'
         to break a timing loop. (OPT-314)
Warning: Disabling timing arc between pins 'Q' and 'QN' on cell 'rf_reg[5][22]'
         to break a timing loop. (OPT-314)
Warning: Disabling timing arc between pins 'Q' and 'QN' on cell 'rf_reg[5][22]'
         to break a timing loop. (OPT-314)
Warning: Disabling timing arc between pins 'Q' and 'QN' on cell 'rf_reg[6][22]'
         to break a timing loop. (OPT-314)
Warning: Disabling timing arc between pins 'Q' and 'QN' on cell 'rf_reg[6][22]'
         to break a timing loop. (OPT-314)
Warning: Disabling timing arc between pins 'Q' and 'QN' on cell 'rf_reg[7][22]'
         to break a timing loop. (OPT-314)
Warning: Disabling timing arc between pins 'Q' and 'QN' on cell 'rf_reg[7][22]'
         to break a timing loop. (OPT-314)
Warning: Disabling timing arc between pins 'Q' and 'QN' on cell 'rf_reg[21][22]'
         to break a timing loop. (OPT-314)
Warning: Disabling timing arc between pins 'Q' and 'QN' on cell 'rf_reg[21][22]'
         to break a timing loop. (OPT-314)
Warning: Disabling timing arc between pins 'Q' and 'QN' on cell 'rf_reg[22][22]'
         to break a timing loop. (OPT-314)
Warning: Disabling timing arc between pins 'Q' and 'QN' on cell 'rf_reg[22][22]'
         to break a timing loop. (OPT-314)
Warning: Disabling timing arc between pins 'Q' and 'QN' on cell 'rf_reg[14][22]'
         to break a timing loop. (OPT-314)
Warning: Disabling timing arc between pins 'Q' and 'QN' on cell 'rf_reg[14][22]'
         to break a timing loop. (OPT-314)
Warning: Disabling timing arc between pins 'Q' and 'QN' on cell 'rf_reg[23][22]'
         to break a timing loop. (OPT-314)
Warning: Disabling timing arc between pins 'Q' and 'QN' on cell 'rf_reg[23][22]'
         to break a timing loop. (OPT-314)
Warning: Disabling timing arc between pins 'Q' and 'QN' on cell 'rf_reg[18][22]'
         to break a timing loop. (OPT-314)
Warning: Disabling timing arc between pins 'Q' and 'QN' on cell 'rf_reg[18][22]'
         to break a timing loop. (OPT-314)
Warning: Disabling timing arc between pins 'Q' and 'QN' on cell 'rf_reg[10][22]'
         to break a timing loop. (OPT-314)
Warning: Disabling timing arc between pins 'Q' and 'QN' on cell 'rf_reg[10][22]'
         to break a timing loop. (OPT-314)
Warning: Disabling timing arc between pins 'Q' and 'QN' on cell 'rf_reg[16][22]'
         to break a timing loop. (OPT-314)
Warning: Disabling timing arc between pins 'Q' and 'QN' on cell 'rf_reg[16][22]'
         to break a timing loop. (OPT-314)
Warning: Disabling timing arc between pins 'Q' and 'QN' on cell 'rf_reg[11][22]'
         to break a timing loop. (OPT-314)
Warning: Disabling timing arc between pins 'Q' and 'QN' on cell 'rf_reg[11][22]'
         to break a timing loop. (OPT-314)
Warning: Disabling timing arc between pins 'Q' and 'QN' on cell 'rf_reg[17][22]'
         to break a timing loop. (OPT-314)
Warning: Disabling timing arc between pins 'Q' and 'QN' on cell 'rf_reg[17][22]'
         to break a timing loop. (OPT-314)
Warning: Disabling timing arc between pins 'Q' and 'QN' on cell 'rf_reg[9][22]'
         to break a timing loop. (OPT-314)
Warning: Disabling timing arc between pins 'Q' and 'QN' on cell 'rf_reg[9][22]'
         to break a timing loop. (OPT-314)
Warning: Disabling timing arc between pins 'Q' and 'QN' on cell 'rf_reg[4][22]'
         to break a timing loop. (OPT-314)
Warning: Disabling timing arc between pins 'Q' and 'QN' on cell 'rf_reg[4][22]'
         to break a timing loop. (OPT-314)
Warning: Disabling timing arc between pins 'Q' and 'QN' on cell 'rf_reg[8][22]'
         to break a timing loop. (OPT-314)
Warning: Disabling timing arc between pins 'Q' and 'QN' on cell 'rf_reg[8][22]'
         to break a timing loop. (OPT-314)
Warning: Disabling timing arc between pins 'Q' and 'QN' on cell 'rf_reg[1][22]'
         to break a timing loop. (OPT-314)
Warning: Disabling timing arc between pins 'Q' and 'QN' on cell 'rf_reg[1][22]'
         to break a timing loop. (OPT-314)
Warning: Disabling timing arc between pins 'Q' and 'QN' on cell 'rf_reg[19][22]'
         to break a timing loop. (OPT-314)
Warning: Disabling timing arc between pins 'Q' and 'QN' on cell 'rf_reg[19][22]'
         to break a timing loop. (OPT-314)
Warning: Disabling timing arc between pins 'Q' and 'QN' on cell 'rf_reg[28][22]'
         to break a timing loop. (OPT-314)
Warning: Disabling timing arc between pins 'Q' and 'QN' on cell 'rf_reg[28][22]'
         to break a timing loop. (OPT-314)
Warning: Disabling timing arc between pins 'Q' and 'QN' on cell 'rf_reg[29][22]'
         to break a timing loop. (OPT-314)
Warning: Disabling timing arc between pins 'Q' and 'QN' on cell 'rf_reg[29][22]'
         to break a timing loop. (OPT-314)
Warning: Disabling timing arc between pins 'Q' and 'QN' on cell 'rf_reg[30][22]'
         to break a timing loop. (OPT-314)
Warning: Disabling timing arc between pins 'Q' and 'QN' on cell 'rf_reg[30][22]'
         to break a timing loop. (OPT-314)
Warning: Disabling timing arc between pins 'Q' and 'QN' on cell 'rf_reg[31][22]'
         to break a timing loop. (OPT-314)
Warning: Disabling timing arc between pins 'Q' and 'QN' on cell 'rf_reg[31][22]'
         to break a timing loop. (OPT-314)
Warning: Disabling timing arc between pins 'Q' and 'QN' on cell 'rf_reg[2][22]'
         to break a timing loop. (OPT-314)
Warning: Disabling timing arc between pins 'Q' and 'QN' on cell 'rf_reg[2][22]'
         to break a timing loop. (OPT-314)
Warning: Disabling timing arc between pins 'Q' and 'QN' on cell 'rf_reg[27][22]'
         to break a timing loop. (OPT-314)
Warning: Disabling timing arc between pins 'Q' and 'QN' on cell 'rf_reg[27][22]'
         to break a timing loop. (OPT-314)
Warning: Disabling timing arc between pins 'Q' and 'QN' on cell 'rf_reg[24][22]'
         to break a timing loop. (OPT-314)
Warning: Disabling timing arc between pins 'Q' and 'QN' on cell 'rf_reg[24][22]'
         to break a timing loop. (OPT-314)
Warning: Disabling timing arc between pins 'Q' and 'QN' on cell 'rf_reg[15][22]'
         to break a timing loop. (OPT-314)
Warning: Disabling timing arc between pins 'Q' and 'QN' on cell 'rf_reg[15][22]'
         to break a timing loop. (OPT-314)
Warning: Disabling timing arc between pins 'Q' and 'QN' on cell 'rf_reg[13][22]'
         to break a timing loop. (OPT-314)
Warning: Disabling timing arc between pins 'Q' and 'QN' on cell 'rf_reg[13][22]'
         to break a timing loop. (OPT-314)
Warning: Disabling timing arc between pins 'Q' and 'QN' on cell 'rf_reg[26][22]'
         to break a timing loop. (OPT-314)
Warning: Disabling timing arc between pins 'Q' and 'QN' on cell 'rf_reg[26][22]'
         to break a timing loop. (OPT-314)
Warning: Disabling timing arc between pins 'Q' and 'QN' on cell 'rf_reg[3][22]'
         to break a timing loop. (OPT-314)
Warning: Disabling timing arc between pins 'Q' and 'QN' on cell 'rf_reg[3][22]'
         to break a timing loop. (OPT-314)
Warning: Disabling timing arc between pins 'Q' and 'QN' on cell 'q_reg[23]3'
         to break a timing loop. (OPT-314)
Warning: Disabling timing arc between pins 'Q' and 'QN' on cell 'q_reg[23]3'
         to break a timing loop. (OPT-314)
Warning: Disabling timing arc between pins 'Q' and 'QN' on cell 'rf_reg[12][23]'
         to break a timing loop. (OPT-314)
Warning: Disabling timing arc between pins 'Q' and 'QN' on cell 'rf_reg[12][23]'
         to break a timing loop. (OPT-314)
Warning: Disabling timing arc between pins 'Q' and 'QN' on cell 'rf_reg[25][23]'
         to break a timing loop. (OPT-314)
Warning: Disabling timing arc between pins 'Q' and 'QN' on cell 'rf_reg[25][23]'
         to break a timing loop. (OPT-314)
Warning: Disabling timing arc between pins 'Q' and 'QN' on cell 'rf_reg[20][23]'
         to break a timing loop. (OPT-314)
Warning: Disabling timing arc between pins 'Q' and 'QN' on cell 'rf_reg[20][23]'
         to break a timing loop. (OPT-314)
Warning: Disabling timing arc between pins 'Q' and 'QN' on cell 'rf_reg[5][23]'
         to break a timing loop. (OPT-314)
Warning: Disabling timing arc between pins 'Q' and 'QN' on cell 'rf_reg[5][23]'
         to break a timing loop. (OPT-314)
Warning: Disabling timing arc between pins 'Q' and 'QN' on cell 'rf_reg[6][23]'
         to break a timing loop. (OPT-314)
Warning: Disabling timing arc between pins 'Q' and 'QN' on cell 'rf_reg[6][23]'
         to break a timing loop. (OPT-314)
Warning: Disabling timing arc between pins 'Q' and 'QN' on cell 'rf_reg[7][23]'
         to break a timing loop. (OPT-314)
Warning: Disabling timing arc between pins 'Q' and 'QN' on cell 'rf_reg[7][23]'
         to break a timing loop. (OPT-314)
Warning: Disabling timing arc between pins 'Q' and 'QN' on cell 'rf_reg[21][23]'
         to break a timing loop. (OPT-314)
Warning: Disabling timing arc between pins 'Q' and 'QN' on cell 'rf_reg[21][23]'
         to break a timing loop. (OPT-314)
Warning: Disabling timing arc between pins 'Q' and 'QN' on cell 'rf_reg[22][23]'
         to break a timing loop. (OPT-314)
Warning: Disabling timing arc between pins 'Q' and 'QN' on cell 'rf_reg[22][23]'
         to break a timing loop. (OPT-314)
Warning: Disabling timing arc between pins 'Q' and 'QN' on cell 'rf_reg[14][23]'
         to break a timing loop. (OPT-314)
Warning: Disabling timing arc between pins 'Q' and 'QN' on cell 'rf_reg[14][23]'
         to break a timing loop. (OPT-314)
Warning: Disabling timing arc between pins 'Q' and 'QN' on cell 'rf_reg[23][23]'
         to break a timing loop. (OPT-314)
Warning: Disabling timing arc between pins 'Q' and 'QN' on cell 'rf_reg[23][23]'
         to break a timing loop. (OPT-314)
Warning: Disabling timing arc between pins 'Q' and 'QN' on cell 'rf_reg[18][23]'
         to break a timing loop. (OPT-314)
Warning: Disabling timing arc between pins 'Q' and 'QN' on cell 'rf_reg[18][23]'
         to break a timing loop. (OPT-314)
Warning: Disabling timing arc between pins 'Q' and 'QN' on cell 'rf_reg[10][23]'
         to break a timing loop. (OPT-314)
Warning: Disabling timing arc between pins 'Q' and 'QN' on cell 'rf_reg[10][23]'
         to break a timing loop. (OPT-314)
Warning: Disabling timing arc between pins 'Q' and 'QN' on cell 'rf_reg[16][23]'
         to break a timing loop. (OPT-314)
Warning: Disabling timing arc between pins 'Q' and 'QN' on cell 'rf_reg[16][23]'
         to break a timing loop. (OPT-314)
Warning: Disabling timing arc between pins 'Q' and 'QN' on cell 'rf_reg[11][23]'
         to break a timing loop. (OPT-314)
Warning: Disabling timing arc between pins 'Q' and 'QN' on cell 'rf_reg[11][23]'
         to break a timing loop. (OPT-314)
Warning: Disabling timing arc between pins 'Q' and 'QN' on cell 'rf_reg[17][23]'
         to break a timing loop. (OPT-314)
Warning: Disabling timing arc between pins 'Q' and 'QN' on cell 'rf_reg[17][23]'
         to break a timing loop. (OPT-314)
Warning: Disabling timing arc between pins 'Q' and 'QN' on cell 'rf_reg[9][23]'
         to break a timing loop. (OPT-314)
Warning: Disabling timing arc between pins 'Q' and 'QN' on cell 'rf_reg[9][23]'
         to break a timing loop. (OPT-314)
Warning: Disabling timing arc between pins 'Q' and 'QN' on cell 'rf_reg[4][23]'
         to break a timing loop. (OPT-314)
Warning: Disabling timing arc between pins 'Q' and 'QN' on cell 'rf_reg[4][23]'
         to break a timing loop. (OPT-314)
Warning: Disabling timing arc between pins 'Q' and 'QN' on cell 'rf_reg[8][23]'
         to break a timing loop. (OPT-314)
Warning: Disabling timing arc between pins 'Q' and 'QN' on cell 'rf_reg[8][23]'
         to break a timing loop. (OPT-314)
Warning: Disabling timing arc between pins 'Q' and 'QN' on cell 'rf_reg[1][23]'
         to break a timing loop. (OPT-314)
Warning: Disabling timing arc between pins 'Q' and 'QN' on cell 'rf_reg[1][23]'
         to break a timing loop. (OPT-314)
Warning: Disabling timing arc between pins 'Q' and 'QN' on cell 'rf_reg[19][23]'
         to break a timing loop. (OPT-314)
Warning: Disabling timing arc between pins 'Q' and 'QN' on cell 'rf_reg[19][23]'
         to break a timing loop. (OPT-314)
Warning: Disabling timing arc between pins 'Q' and 'QN' on cell 'rf_reg[28][23]'
         to break a timing loop. (OPT-314)
Warning: Disabling timing arc between pins 'Q' and 'QN' on cell 'rf_reg[28][23]'
         to break a timing loop. (OPT-314)
Warning: Disabling timing arc between pins 'Q' and 'QN' on cell 'rf_reg[29][23]'
         to break a timing loop. (OPT-314)
Warning: Disabling timing arc between pins 'Q' and 'QN' on cell 'rf_reg[29][23]'
         to break a timing loop. (OPT-314)
Warning: Disabling timing arc between pins 'Q' and 'QN' on cell 'rf_reg[30][23]'
         to break a timing loop. (OPT-314)
Warning: Disabling timing arc between pins 'Q' and 'QN' on cell 'rf_reg[30][23]'
         to break a timing loop. (OPT-314)
Warning: Disabling timing arc between pins 'Q' and 'QN' on cell 'rf_reg[31][23]'
         to break a timing loop. (OPT-314)
Warning: Disabling timing arc between pins 'Q' and 'QN' on cell 'rf_reg[31][23]'
         to break a timing loop. (OPT-314)
Warning: Disabling timing arc between pins 'Q' and 'QN' on cell 'rf_reg[2][23]'
         to break a timing loop. (OPT-314)
Warning: Disabling timing arc between pins 'Q' and 'QN' on cell 'rf_reg[2][23]'
         to break a timing loop. (OPT-314)
Warning: Disabling timing arc between pins 'Q' and 'QN' on cell 'rf_reg[27][23]'
         to break a timing loop. (OPT-314)
Warning: Disabling timing arc between pins 'Q' and 'QN' on cell 'rf_reg[27][23]'
         to break a timing loop. (OPT-314)
Warning: Disabling timing arc between pins 'Q' and 'QN' on cell 'rf_reg[24][23]'
         to break a timing loop. (OPT-314)
Warning: Disabling timing arc between pins 'Q' and 'QN' on cell 'rf_reg[24][23]'
         to break a timing loop. (OPT-314)
Warning: Disabling timing arc between pins 'Q' and 'QN' on cell 'rf_reg[15][23]'
         to break a timing loop. (OPT-314)
Warning: Disabling timing arc between pins 'Q' and 'QN' on cell 'rf_reg[15][23]'
         to break a timing loop. (OPT-314)
Warning: Disabling timing arc between pins 'Q' and 'QN' on cell 'rf_reg[13][23]'
         to break a timing loop. (OPT-314)
Warning: Disabling timing arc between pins 'Q' and 'QN' on cell 'rf_reg[13][23]'
         to break a timing loop. (OPT-314)
Warning: Disabling timing arc between pins 'Q' and 'QN' on cell 'rf_reg[26][23]'
         to break a timing loop. (OPT-314)
Warning: Disabling timing arc between pins 'Q' and 'QN' on cell 'rf_reg[26][23]'
         to break a timing loop. (OPT-314)
Warning: Disabling timing arc between pins 'Q' and 'QN' on cell 'rf_reg[3][23]'
         to break a timing loop. (OPT-314)
Warning: Disabling timing arc between pins 'Q' and 'QN' on cell 'rf_reg[3][23]'
         to break a timing loop. (OPT-314)
Warning: Disabling timing arc between pins 'Q' and 'QN' on cell 'q_reg[8]5'
         to break a timing loop. (OPT-314)
Warning: Disabling timing arc between pins 'Q' and 'QN' on cell 'q_reg[8]5'
         to break a timing loop. (OPT-314)
Warning: Disabling timing arc between pins 'Q' and 'QN' on cell 'rf_reg[12][8]'
         to break a timing loop. (OPT-314)
Warning: Disabling timing arc between pins 'Q' and 'QN' on cell 'rf_reg[12][8]'
         to break a timing loop. (OPT-314)
Warning: Disabling timing arc between pins 'Q' and 'QN' on cell 'rf_reg[25][8]'
         to break a timing loop. (OPT-314)
Warning: Disabling timing arc between pins 'Q' and 'QN' on cell 'rf_reg[25][8]'
         to break a timing loop. (OPT-314)
Warning: Disabling timing arc between pins 'Q' and 'QN' on cell 'rf_reg[20][8]'
         to break a timing loop. (OPT-314)
Warning: Disabling timing arc between pins 'Q' and 'QN' on cell 'rf_reg[20][8]'
         to break a timing loop. (OPT-314)
Warning: Disabling timing arc between pins 'Q' and 'QN' on cell 'rf_reg[5][8]'
         to break a timing loop. (OPT-314)
Warning: Disabling timing arc between pins 'Q' and 'QN' on cell 'rf_reg[5][8]'
         to break a timing loop. (OPT-314)
Warning: Disabling timing arc between pins 'Q' and 'QN' on cell 'rf_reg[6][8]'
         to break a timing loop. (OPT-314)
Warning: Disabling timing arc between pins 'Q' and 'QN' on cell 'rf_reg[6][8]'
         to break a timing loop. (OPT-314)
Warning: Disabling timing arc between pins 'Q' and 'QN' on cell 'rf_reg[7][8]'
         to break a timing loop. (OPT-314)
Warning: Disabling timing arc between pins 'Q' and 'QN' on cell 'rf_reg[7][8]'
         to break a timing loop. (OPT-314)
Warning: Disabling timing arc between pins 'Q' and 'QN' on cell 'rf_reg[21][8]'
         to break a timing loop. (OPT-314)
Warning: Disabling timing arc between pins 'Q' and 'QN' on cell 'rf_reg[21][8]'
         to break a timing loop. (OPT-314)
Warning: Disabling timing arc between pins 'Q' and 'QN' on cell 'rf_reg[22][8]'
         to break a timing loop. (OPT-314)
Warning: Disabling timing arc between pins 'Q' and 'QN' on cell 'rf_reg[22][8]'
         to break a timing loop. (OPT-314)
Warning: Disabling timing arc between pins 'Q' and 'QN' on cell 'rf_reg[14][8]'
         to break a timing loop. (OPT-314)
Warning: Disabling timing arc between pins 'Q' and 'QN' on cell 'rf_reg[14][8]'
         to break a timing loop. (OPT-314)
Warning: Disabling timing arc between pins 'Q' and 'QN' on cell 'rf_reg[23][8]'
         to break a timing loop. (OPT-314)
Warning: Disabling timing arc between pins 'Q' and 'QN' on cell 'rf_reg[23][8]'
         to break a timing loop. (OPT-314)
Warning: Disabling timing arc between pins 'Q' and 'QN' on cell 'rf_reg[18][8]'
         to break a timing loop. (OPT-314)
Warning: Disabling timing arc between pins 'Q' and 'QN' on cell 'rf_reg[18][8]'
         to break a timing loop. (OPT-314)
Warning: Disabling timing arc between pins 'Q' and 'QN' on cell 'rf_reg[10][8]'
         to break a timing loop. (OPT-314)
Warning: Disabling timing arc between pins 'Q' and 'QN' on cell 'rf_reg[10][8]'
         to break a timing loop. (OPT-314)
Warning: Disabling timing arc between pins 'Q' and 'QN' on cell 'rf_reg[16][8]'
         to break a timing loop. (OPT-314)
Warning: Disabling timing arc between pins 'Q' and 'QN' on cell 'rf_reg[16][8]'
         to break a timing loop. (OPT-314)
Warning: Disabling timing arc between pins 'Q' and 'QN' on cell 'rf_reg[11][8]'
         to break a timing loop. (OPT-314)
Warning: Disabling timing arc between pins 'Q' and 'QN' on cell 'rf_reg[11][8]'
         to break a timing loop. (OPT-314)
Warning: Disabling timing arc between pins 'Q' and 'QN' on cell 'rf_reg[17][8]'
         to break a timing loop. (OPT-314)
Warning: Disabling timing arc between pins 'Q' and 'QN' on cell 'rf_reg[17][8]'
         to break a timing loop. (OPT-314)
Warning: Disabling timing arc between pins 'Q' and 'QN' on cell 'rf_reg[9][8]'
         to break a timing loop. (OPT-314)
Warning: Disabling timing arc between pins 'Q' and 'QN' on cell 'rf_reg[9][8]'
         to break a timing loop. (OPT-314)
Warning: Disabling timing arc between pins 'Q' and 'QN' on cell 'rf_reg[4][8]'
         to break a timing loop. (OPT-314)
Warning: Disabling timing arc between pins 'Q' and 'QN' on cell 'rf_reg[4][8]'
         to break a timing loop. (OPT-314)
Warning: Disabling timing arc between pins 'Q' and 'QN' on cell 'rf_reg[8][8]'
         to break a timing loop. (OPT-314)
Warning: Disabling timing arc between pins 'Q' and 'QN' on cell 'rf_reg[8][8]'
         to break a timing loop. (OPT-314)
Warning: Disabling timing arc between pins 'Q' and 'QN' on cell 'rf_reg[1][8]'
         to break a timing loop. (OPT-314)
Warning: Disabling timing arc between pins 'Q' and 'QN' on cell 'rf_reg[1][8]'
         to break a timing loop. (OPT-314)
Warning: Disabling timing arc between pins 'Q' and 'QN' on cell 'rf_reg[19][8]'
         to break a timing loop. (OPT-314)
Warning: Disabling timing arc between pins 'Q' and 'QN' on cell 'rf_reg[19][8]'
         to break a timing loop. (OPT-314)
Warning: Disabling timing arc between pins 'Q' and 'QN' on cell 'rf_reg[28][8]'
         to break a timing loop. (OPT-314)
Warning: Disabling timing arc between pins 'Q' and 'QN' on cell 'rf_reg[28][8]'
         to break a timing loop. (OPT-314)
Warning: Disabling timing arc between pins 'Q' and 'QN' on cell 'rf_reg[29][8]'
         to break a timing loop. (OPT-314)
Warning: Disabling timing arc between pins 'Q' and 'QN' on cell 'rf_reg[29][8]'
         to break a timing loop. (OPT-314)
Warning: Disabling timing arc between pins 'Q' and 'QN' on cell 'rf_reg[30][8]'
         to break a timing loop. (OPT-314)
Warning: Disabling timing arc between pins 'Q' and 'QN' on cell 'rf_reg[30][8]'
         to break a timing loop. (OPT-314)
Warning: Disabling timing arc between pins 'Q' and 'QN' on cell 'rf_reg[31][8]'
         to break a timing loop. (OPT-314)
Warning: Disabling timing arc between pins 'Q' and 'QN' on cell 'rf_reg[31][8]'
         to break a timing loop. (OPT-314)
Warning: Disabling timing arc between pins 'Q' and 'QN' on cell 'rf_reg[2][8]'
         to break a timing loop. (OPT-314)
Warning: Disabling timing arc between pins 'Q' and 'QN' on cell 'rf_reg[2][8]'
         to break a timing loop. (OPT-314)
Warning: Disabling timing arc between pins 'Q' and 'QN' on cell 'rf_reg[27][8]'
         to break a timing loop. (OPT-314)
Warning: Disabling timing arc between pins 'Q' and 'QN' on cell 'rf_reg[27][8]'
         to break a timing loop. (OPT-314)
Warning: Disabling timing arc between pins 'Q' and 'QN' on cell 'rf_reg[24][8]'
         to break a timing loop. (OPT-314)
Warning: Disabling timing arc between pins 'Q' and 'QN' on cell 'rf_reg[24][8]'
         to break a timing loop. (OPT-314)
Warning: Disabling timing arc between pins 'Q' and 'QN' on cell 'rf_reg[15][8]'
         to break a timing loop. (OPT-314)
Warning: Disabling timing arc between pins 'Q' and 'QN' on cell 'rf_reg[15][8]'
         to break a timing loop. (OPT-314)
Warning: Disabling timing arc between pins 'Q' and 'QN' on cell 'rf_reg[13][8]'
         to break a timing loop. (OPT-314)
Warning: Disabling timing arc between pins 'Q' and 'QN' on cell 'rf_reg[13][8]'
         to break a timing loop. (OPT-314)
Warning: Disabling timing arc between pins 'Q' and 'QN' on cell 'rf_reg[26][8]'
         to break a timing loop. (OPT-314)
Warning: Disabling timing arc between pins 'Q' and 'QN' on cell 'rf_reg[26][8]'
         to break a timing loop. (OPT-314)
Warning: Disabling timing arc between pins 'Q' and 'QN' on cell 'rf_reg[3][8]'
         to break a timing loop. (OPT-314)
Warning: Disabling timing arc between pins 'Q' and 'QN' on cell 'rf_reg[3][8]'
         to break a timing loop. (OPT-314)
Warning: Disabling timing arc between pins 'Q' and 'QN' on cell 'q_reg[11]4'
         to break a timing loop. (OPT-314)
Warning: Disabling timing arc between pins 'Q' and 'QN' on cell 'q_reg[11]4'
         to break a timing loop. (OPT-314)
Warning: Disabling timing arc between pins 'Q' and 'QN' on cell 'rf_reg[12][11]'
         to break a timing loop. (OPT-314)
Warning: Disabling timing arc between pins 'Q' and 'QN' on cell 'rf_reg[12][11]'
         to break a timing loop. (OPT-314)
Warning: Disabling timing arc between pins 'Q' and 'QN' on cell 'rf_reg[25][11]'
         to break a timing loop. (OPT-314)
Warning: Disabling timing arc between pins 'Q' and 'QN' on cell 'rf_reg[25][11]'
         to break a timing loop. (OPT-314)
Warning: Disabling timing arc between pins 'Q' and 'QN' on cell 'rf_reg[20][11]'
         to break a timing loop. (OPT-314)
Warning: Disabling timing arc between pins 'Q' and 'QN' on cell 'rf_reg[20][11]'
         to break a timing loop. (OPT-314)
Warning: Disabling timing arc between pins 'Q' and 'QN' on cell 'rf_reg[5][11]'
         to break a timing loop. (OPT-314)
Warning: Disabling timing arc between pins 'Q' and 'QN' on cell 'rf_reg[5][11]'
         to break a timing loop. (OPT-314)
Warning: Disabling timing arc between pins 'Q' and 'QN' on cell 'rf_reg[6][11]'
         to break a timing loop. (OPT-314)
Warning: Disabling timing arc between pins 'Q' and 'QN' on cell 'rf_reg[6][11]'
         to break a timing loop. (OPT-314)
Warning: Disabling timing arc between pins 'Q' and 'QN' on cell 'rf_reg[7][11]'
         to break a timing loop. (OPT-314)
Warning: Disabling timing arc between pins 'Q' and 'QN' on cell 'rf_reg[7][11]'
         to break a timing loop. (OPT-314)
Warning: Disabling timing arc between pins 'Q' and 'QN' on cell 'rf_reg[21][11]'
         to break a timing loop. (OPT-314)
Warning: Disabling timing arc between pins 'Q' and 'QN' on cell 'rf_reg[21][11]'
         to break a timing loop. (OPT-314)
Warning: Disabling timing arc between pins 'Q' and 'QN' on cell 'rf_reg[22][11]'
         to break a timing loop. (OPT-314)
Warning: Disabling timing arc between pins 'Q' and 'QN' on cell 'rf_reg[22][11]'
         to break a timing loop. (OPT-314)
Warning: Disabling timing arc between pins 'Q' and 'QN' on cell 'rf_reg[14][11]'
         to break a timing loop. (OPT-314)
Warning: Disabling timing arc between pins 'Q' and 'QN' on cell 'rf_reg[14][11]'
         to break a timing loop. (OPT-314)
Warning: Disabling timing arc between pins 'Q' and 'QN' on cell 'rf_reg[23][11]'
         to break a timing loop. (OPT-314)
Warning: Disabling timing arc between pins 'Q' and 'QN' on cell 'rf_reg[23][11]'
         to break a timing loop. (OPT-314)
Warning: Disabling timing arc between pins 'Q' and 'QN' on cell 'rf_reg[18][11]'
         to break a timing loop. (OPT-314)
Warning: Disabling timing arc between pins 'Q' and 'QN' on cell 'rf_reg[18][11]'
         to break a timing loop. (OPT-314)
Warning: Disabling timing arc between pins 'Q' and 'QN' on cell 'rf_reg[10][11]'
         to break a timing loop. (OPT-314)
Warning: Disabling timing arc between pins 'Q' and 'QN' on cell 'rf_reg[10][11]'
         to break a timing loop. (OPT-314)
Warning: Disabling timing arc between pins 'Q' and 'QN' on cell 'rf_reg[16][11]'
         to break a timing loop. (OPT-314)
Warning: Disabling timing arc between pins 'Q' and 'QN' on cell 'rf_reg[16][11]'
         to break a timing loop. (OPT-314)
Warning: Disabling timing arc between pins 'Q' and 'QN' on cell 'rf_reg[11][11]'
         to break a timing loop. (OPT-314)
Warning: Disabling timing arc between pins 'Q' and 'QN' on cell 'rf_reg[11][11]'
         to break a timing loop. (OPT-314)
Warning: Disabling timing arc between pins 'Q' and 'QN' on cell 'rf_reg[17][11]'
         to break a timing loop. (OPT-314)
Warning: Disabling timing arc between pins 'Q' and 'QN' on cell 'rf_reg[17][11]'
         to break a timing loop. (OPT-314)
Warning: Disabling timing arc between pins 'Q' and 'QN' on cell 'rf_reg[9][11]'
         to break a timing loop. (OPT-314)
Warning: Disabling timing arc between pins 'Q' and 'QN' on cell 'rf_reg[9][11]'
         to break a timing loop. (OPT-314)
Warning: Disabling timing arc between pins 'Q' and 'QN' on cell 'rf_reg[4][11]'
         to break a timing loop. (OPT-314)
Warning: Disabling timing arc between pins 'Q' and 'QN' on cell 'rf_reg[4][11]'
         to break a timing loop. (OPT-314)
Warning: Disabling timing arc between pins 'Q' and 'QN' on cell 'rf_reg[8][11]'
         to break a timing loop. (OPT-314)
Warning: Disabling timing arc between pins 'Q' and 'QN' on cell 'rf_reg[8][11]'
         to break a timing loop. (OPT-314)
Warning: Disabling timing arc between pins 'Q' and 'QN' on cell 'rf_reg[1][11]'
         to break a timing loop. (OPT-314)
Warning: Disabling timing arc between pins 'Q' and 'QN' on cell 'rf_reg[1][11]'
         to break a timing loop. (OPT-314)
Warning: Disabling timing arc between pins 'Q' and 'QN' on cell 'rf_reg[19][11]'
         to break a timing loop. (OPT-314)
Warning: Disabling timing arc between pins 'Q' and 'QN' on cell 'rf_reg[19][11]'
         to break a timing loop. (OPT-314)
Warning: Disabling timing arc between pins 'Q' and 'QN' on cell 'rf_reg[28][11]'
         to break a timing loop. (OPT-314)
Warning: Disabling timing arc between pins 'Q' and 'QN' on cell 'rf_reg[28][11]'
         to break a timing loop. (OPT-314)
Warning: Disabling timing arc between pins 'Q' and 'QN' on cell 'rf_reg[29][11]'
         to break a timing loop. (OPT-314)
Warning: Disabling timing arc between pins 'Q' and 'QN' on cell 'rf_reg[29][11]'
         to break a timing loop. (OPT-314)
Warning: Disabling timing arc between pins 'Q' and 'QN' on cell 'rf_reg[30][11]'
         to break a timing loop. (OPT-314)
Warning: Disabling timing arc between pins 'Q' and 'QN' on cell 'rf_reg[30][11]'
         to break a timing loop. (OPT-314)
Warning: Disabling timing arc between pins 'Q' and 'QN' on cell 'rf_reg[31][11]'
         to break a timing loop. (OPT-314)
Warning: Disabling timing arc between pins 'Q' and 'QN' on cell 'rf_reg[31][11]'
         to break a timing loop. (OPT-314)
Warning: Disabling timing arc between pins 'Q' and 'QN' on cell 'rf_reg[2][11]'
         to break a timing loop. (OPT-314)
Warning: Disabling timing arc between pins 'Q' and 'QN' on cell 'rf_reg[2][11]'
         to break a timing loop. (OPT-314)
Warning: Disabling timing arc between pins 'Q' and 'QN' on cell 'rf_reg[27][11]'
         to break a timing loop. (OPT-314)
Warning: Disabling timing arc between pins 'Q' and 'QN' on cell 'rf_reg[27][11]'
         to break a timing loop. (OPT-314)
Warning: Disabling timing arc between pins 'Q' and 'QN' on cell 'rf_reg[24][11]'
         to break a timing loop. (OPT-314)
Warning: Disabling timing arc between pins 'Q' and 'QN' on cell 'rf_reg[24][11]'
         to break a timing loop. (OPT-314)
Warning: Disabling timing arc between pins 'Q' and 'QN' on cell 'rf_reg[15][11]'
         to break a timing loop. (OPT-314)
Warning: Disabling timing arc between pins 'Q' and 'QN' on cell 'rf_reg[15][11]'
         to break a timing loop. (OPT-314)
Warning: Disabling timing arc between pins 'Q' and 'QN' on cell 'rf_reg[13][11]'
         to break a timing loop. (OPT-314)
Warning: Disabling timing arc between pins 'Q' and 'QN' on cell 'rf_reg[13][11]'
         to break a timing loop. (OPT-314)
Warning: Disabling timing arc between pins 'Q' and 'QN' on cell 'rf_reg[26][11]'
         to break a timing loop. (OPT-314)
Warning: Disabling timing arc between pins 'Q' and 'QN' on cell 'rf_reg[26][11]'
         to break a timing loop. (OPT-314)
Warning: Disabling timing arc between pins 'Q' and 'QN' on cell 'rf_reg[3][11]'
         to break a timing loop. (OPT-314)
Warning: Disabling timing arc between pins 'Q' and 'QN' on cell 'rf_reg[3][11]'
         to break a timing loop. (OPT-314)
Warning: Disabling timing arc between pins 'Q' and 'QN' on cell 'q_reg[13]4'
         to break a timing loop. (OPT-314)
Warning: Disabling timing arc between pins 'Q' and 'QN' on cell 'q_reg[13]4'
         to break a timing loop. (OPT-314)
Warning: Disabling timing arc between pins 'Q' and 'QN' on cell 'rf_reg[12][13]'
         to break a timing loop. (OPT-314)
Warning: Disabling timing arc between pins 'Q' and 'QN' on cell 'rf_reg[12][13]'
         to break a timing loop. (OPT-314)
Warning: Disabling timing arc between pins 'Q' and 'QN' on cell 'rf_reg[25][13]'
         to break a timing loop. (OPT-314)
Warning: Disabling timing arc between pins 'Q' and 'QN' on cell 'rf_reg[25][13]'
         to break a timing loop. (OPT-314)
Warning: Disabling timing arc between pins 'Q' and 'QN' on cell 'rf_reg[20][13]'
         to break a timing loop. (OPT-314)
Warning: Disabling timing arc between pins 'Q' and 'QN' on cell 'rf_reg[20][13]'
         to break a timing loop. (OPT-314)
Warning: Disabling timing arc between pins 'Q' and 'QN' on cell 'rf_reg[5][13]'
         to break a timing loop. (OPT-314)
Warning: Disabling timing arc between pins 'Q' and 'QN' on cell 'rf_reg[5][13]'
         to break a timing loop. (OPT-314)
Warning: Disabling timing arc between pins 'Q' and 'QN' on cell 'rf_reg[6][13]'
         to break a timing loop. (OPT-314)
Warning: Disabling timing arc between pins 'Q' and 'QN' on cell 'rf_reg[6][13]'
         to break a timing loop. (OPT-314)
Warning: Disabling timing arc between pins 'Q' and 'QN' on cell 'rf_reg[7][13]'
         to break a timing loop. (OPT-314)
Warning: Disabling timing arc between pins 'Q' and 'QN' on cell 'rf_reg[7][13]'
         to break a timing loop. (OPT-314)
Warning: Disabling timing arc between pins 'Q' and 'QN' on cell 'rf_reg[21][13]'
         to break a timing loop. (OPT-314)
Warning: Disabling timing arc between pins 'Q' and 'QN' on cell 'rf_reg[21][13]'
         to break a timing loop. (OPT-314)
Warning: Disabling timing arc between pins 'Q' and 'QN' on cell 'rf_reg[22][13]'
         to break a timing loop. (OPT-314)
Warning: Disabling timing arc between pins 'Q' and 'QN' on cell 'rf_reg[22][13]'
         to break a timing loop. (OPT-314)
Warning: Disabling timing arc between pins 'Q' and 'QN' on cell 'rf_reg[14][13]'
         to break a timing loop. (OPT-314)
Warning: Disabling timing arc between pins 'Q' and 'QN' on cell 'rf_reg[14][13]'
         to break a timing loop. (OPT-314)
Warning: Disabling timing arc between pins 'Q' and 'QN' on cell 'rf_reg[23][13]'
         to break a timing loop. (OPT-314)
Warning: Disabling timing arc between pins 'Q' and 'QN' on cell 'rf_reg[23][13]'
         to break a timing loop. (OPT-314)
Warning: Disabling timing arc between pins 'Q' and 'QN' on cell 'rf_reg[18][13]'
         to break a timing loop. (OPT-314)
Warning: Disabling timing arc between pins 'Q' and 'QN' on cell 'rf_reg[18][13]'
         to break a timing loop. (OPT-314)
Warning: Disabling timing arc between pins 'Q' and 'QN' on cell 'rf_reg[10][13]'
         to break a timing loop. (OPT-314)
Warning: Disabling timing arc between pins 'Q' and 'QN' on cell 'rf_reg[10][13]'
         to break a timing loop. (OPT-314)
Warning: Disabling timing arc between pins 'Q' and 'QN' on cell 'rf_reg[16][13]'
         to break a timing loop. (OPT-314)
Warning: Disabling timing arc between pins 'Q' and 'QN' on cell 'rf_reg[16][13]'
         to break a timing loop. (OPT-314)
Warning: Disabling timing arc between pins 'Q' and 'QN' on cell 'rf_reg[11][13]'
         to break a timing loop. (OPT-314)
Warning: Disabling timing arc between pins 'Q' and 'QN' on cell 'rf_reg[11][13]'
         to break a timing loop. (OPT-314)
Warning: Disabling timing arc between pins 'Q' and 'QN' on cell 'rf_reg[17][13]'
         to break a timing loop. (OPT-314)
Warning: Disabling timing arc between pins 'Q' and 'QN' on cell 'rf_reg[17][13]'
         to break a timing loop. (OPT-314)
Warning: Disabling timing arc between pins 'Q' and 'QN' on cell 'rf_reg[9][13]'
         to break a timing loop. (OPT-314)
Warning: Disabling timing arc between pins 'Q' and 'QN' on cell 'rf_reg[9][13]'
         to break a timing loop. (OPT-314)
Warning: Disabling timing arc between pins 'Q' and 'QN' on cell 'rf_reg[4][13]'
         to break a timing loop. (OPT-314)
Warning: Disabling timing arc between pins 'Q' and 'QN' on cell 'rf_reg[4][13]'
         to break a timing loop. (OPT-314)
Warning: Disabling timing arc between pins 'Q' and 'QN' on cell 'rf_reg[8][13]'
         to break a timing loop. (OPT-314)
Warning: Disabling timing arc between pins 'Q' and 'QN' on cell 'rf_reg[8][13]'
         to break a timing loop. (OPT-314)
Warning: Disabling timing arc between pins 'Q' and 'QN' on cell 'rf_reg[1][13]'
         to break a timing loop. (OPT-314)
Warning: Disabling timing arc between pins 'Q' and 'QN' on cell 'rf_reg[1][13]'
         to break a timing loop. (OPT-314)
Warning: Disabling timing arc between pins 'Q' and 'QN' on cell 'rf_reg[19][13]'
         to break a timing loop. (OPT-314)
Warning: Disabling timing arc between pins 'Q' and 'QN' on cell 'rf_reg[19][13]'
         to break a timing loop. (OPT-314)
Warning: Disabling timing arc between pins 'Q' and 'QN' on cell 'rf_reg[28][13]'
         to break a timing loop. (OPT-314)
Warning: Disabling timing arc between pins 'Q' and 'QN' on cell 'rf_reg[28][13]'
         to break a timing loop. (OPT-314)
Warning: Disabling timing arc between pins 'Q' and 'QN' on cell 'rf_reg[29][13]'
         to break a timing loop. (OPT-314)
Warning: Disabling timing arc between pins 'Q' and 'QN' on cell 'rf_reg[29][13]'
         to break a timing loop. (OPT-314)
Warning: Disabling timing arc between pins 'Q' and 'QN' on cell 'rf_reg[30][13]'
         to break a timing loop. (OPT-314)
Warning: Disabling timing arc between pins 'Q' and 'QN' on cell 'rf_reg[30][13]'
         to break a timing loop. (OPT-314)
Warning: Disabling timing arc between pins 'Q' and 'QN' on cell 'rf_reg[31][13]'
         to break a timing loop. (OPT-314)
Warning: Disabling timing arc between pins 'Q' and 'QN' on cell 'rf_reg[31][13]'
         to break a timing loop. (OPT-314)
Warning: Disabling timing arc between pins 'Q' and 'QN' on cell 'rf_reg[2][13]'
         to break a timing loop. (OPT-314)
Warning: Disabling timing arc between pins 'Q' and 'QN' on cell 'rf_reg[2][13]'
         to break a timing loop. (OPT-314)
Warning: Disabling timing arc between pins 'Q' and 'QN' on cell 'rf_reg[27][13]'
         to break a timing loop. (OPT-314)
Warning: Disabling timing arc between pins 'Q' and 'QN' on cell 'rf_reg[27][13]'
         to break a timing loop. (OPT-314)
Warning: Disabling timing arc between pins 'Q' and 'QN' on cell 'rf_reg[24][13]'
         to break a timing loop. (OPT-314)
Warning: Disabling timing arc between pins 'Q' and 'QN' on cell 'rf_reg[24][13]'
         to break a timing loop. (OPT-314)
Warning: Disabling timing arc between pins 'Q' and 'QN' on cell 'rf_reg[15][13]'
         to break a timing loop. (OPT-314)
Warning: Disabling timing arc between pins 'Q' and 'QN' on cell 'rf_reg[15][13]'
         to break a timing loop. (OPT-314)
Warning: Disabling timing arc between pins 'Q' and 'QN' on cell 'rf_reg[13][13]'
         to break a timing loop. (OPT-314)
Warning: Disabling timing arc between pins 'Q' and 'QN' on cell 'rf_reg[13][13]'
         to break a timing loop. (OPT-314)
Warning: Disabling timing arc between pins 'Q' and 'QN' on cell 'rf_reg[26][13]'
         to break a timing loop. (OPT-314)
Warning: Disabling timing arc between pins 'Q' and 'QN' on cell 'rf_reg[26][13]'
         to break a timing loop. (OPT-314)
Warning: Disabling timing arc between pins 'Q' and 'QN' on cell 'rf_reg[3][13]'
         to break a timing loop. (OPT-314)
Warning: Disabling timing arc between pins 'Q' and 'QN' on cell 'rf_reg[3][13]'
         to break a timing loop. (OPT-314)
Warning: Disabling timing arc between pins 'Q' and 'QN' on cell 'q_reg[15]4'
         to break a timing loop. (OPT-314)
Warning: Disabling timing arc between pins 'Q' and 'QN' on cell 'q_reg[15]4'
         to break a timing loop. (OPT-314)
Warning: Disabling timing arc between pins 'Q' and 'QN' on cell 'rf_reg[12][15]'
         to break a timing loop. (OPT-314)
Warning: Disabling timing arc between pins 'Q' and 'QN' on cell 'rf_reg[12][15]'
         to break a timing loop. (OPT-314)
Warning: Disabling timing arc between pins 'Q' and 'QN' on cell 'rf_reg[25][15]'
         to break a timing loop. (OPT-314)
Warning: Disabling timing arc between pins 'Q' and 'QN' on cell 'rf_reg[25][15]'
         to break a timing loop. (OPT-314)
Warning: Disabling timing arc between pins 'Q' and 'QN' on cell 'rf_reg[20][15]'
         to break a timing loop. (OPT-314)
Warning: Disabling timing arc between pins 'Q' and 'QN' on cell 'rf_reg[20][15]'
         to break a timing loop. (OPT-314)
Warning: Disabling timing arc between pins 'Q' and 'QN' on cell 'rf_reg[5][15]'
         to break a timing loop. (OPT-314)
Warning: Disabling timing arc between pins 'Q' and 'QN' on cell 'rf_reg[5][15]'
         to break a timing loop. (OPT-314)
Warning: Disabling timing arc between pins 'Q' and 'QN' on cell 'rf_reg[6][15]'
         to break a timing loop. (OPT-314)
Warning: Disabling timing arc between pins 'Q' and 'QN' on cell 'rf_reg[6][15]'
         to break a timing loop. (OPT-314)
Warning: Disabling timing arc between pins 'Q' and 'QN' on cell 'rf_reg[7][15]'
         to break a timing loop. (OPT-314)
Warning: Disabling timing arc between pins 'Q' and 'QN' on cell 'rf_reg[7][15]'
         to break a timing loop. (OPT-314)
Warning: Disabling timing arc between pins 'Q' and 'QN' on cell 'rf_reg[21][15]'
         to break a timing loop. (OPT-314)
Warning: Disabling timing arc between pins 'Q' and 'QN' on cell 'rf_reg[21][15]'
         to break a timing loop. (OPT-314)
Warning: Disabling timing arc between pins 'Q' and 'QN' on cell 'rf_reg[22][15]'
         to break a timing loop. (OPT-314)
Warning: Disabling timing arc between pins 'Q' and 'QN' on cell 'rf_reg[22][15]'
         to break a timing loop. (OPT-314)
Warning: Disabling timing arc between pins 'Q' and 'QN' on cell 'rf_reg[14][15]'
         to break a timing loop. (OPT-314)
Warning: Disabling timing arc between pins 'Q' and 'QN' on cell 'rf_reg[14][15]'
         to break a timing loop. (OPT-314)
Warning: Disabling timing arc between pins 'Q' and 'QN' on cell 'rf_reg[23][15]'
         to break a timing loop. (OPT-314)
Warning: Disabling timing arc between pins 'Q' and 'QN' on cell 'rf_reg[23][15]'
         to break a timing loop. (OPT-314)
Warning: Disabling timing arc between pins 'Q' and 'QN' on cell 'rf_reg[18][15]'
         to break a timing loop. (OPT-314)
Warning: Disabling timing arc between pins 'Q' and 'QN' on cell 'rf_reg[18][15]'
         to break a timing loop. (OPT-314)
Warning: Disabling timing arc between pins 'Q' and 'QN' on cell 'rf_reg[10][15]'
         to break a timing loop. (OPT-314)
Warning: Disabling timing arc between pins 'Q' and 'QN' on cell 'rf_reg[10][15]'
         to break a timing loop. (OPT-314)
Warning: Disabling timing arc between pins 'Q' and 'QN' on cell 'rf_reg[16][15]'
         to break a timing loop. (OPT-314)
Warning: Disabling timing arc between pins 'Q' and 'QN' on cell 'rf_reg[16][15]'
         to break a timing loop. (OPT-314)
Warning: Disabling timing arc between pins 'Q' and 'QN' on cell 'rf_reg[11][15]'
         to break a timing loop. (OPT-314)
Warning: Disabling timing arc between pins 'Q' and 'QN' on cell 'rf_reg[11][15]'
         to break a timing loop. (OPT-314)
Warning: Disabling timing arc between pins 'Q' and 'QN' on cell 'rf_reg[17][15]'
         to break a timing loop. (OPT-314)
Warning: Disabling timing arc between pins 'Q' and 'QN' on cell 'rf_reg[17][15]'
         to break a timing loop. (OPT-314)
Warning: Disabling timing arc between pins 'Q' and 'QN' on cell 'rf_reg[9][15]'
         to break a timing loop. (OPT-314)
Warning: Disabling timing arc between pins 'Q' and 'QN' on cell 'rf_reg[9][15]'
         to break a timing loop. (OPT-314)
Warning: Disabling timing arc between pins 'Q' and 'QN' on cell 'rf_reg[4][15]'
         to break a timing loop. (OPT-314)
Warning: Disabling timing arc between pins 'Q' and 'QN' on cell 'rf_reg[4][15]'
         to break a timing loop. (OPT-314)
Warning: Disabling timing arc between pins 'Q' and 'QN' on cell 'rf_reg[8][15]'
         to break a timing loop. (OPT-314)
Warning: Disabling timing arc between pins 'Q' and 'QN' on cell 'rf_reg[8][15]'
         to break a timing loop. (OPT-314)
Warning: Disabling timing arc between pins 'Q' and 'QN' on cell 'rf_reg[1][15]'
         to break a timing loop. (OPT-314)
Warning: Disabling timing arc between pins 'Q' and 'QN' on cell 'rf_reg[1][15]'
         to break a timing loop. (OPT-314)
Warning: Disabling timing arc between pins 'Q' and 'QN' on cell 'rf_reg[19][15]'
         to break a timing loop. (OPT-314)
Warning: Disabling timing arc between pins 'Q' and 'QN' on cell 'rf_reg[19][15]'
         to break a timing loop. (OPT-314)
Warning: Disabling timing arc between pins 'Q' and 'QN' on cell 'rf_reg[28][15]'
         to break a timing loop. (OPT-314)
Warning: Disabling timing arc between pins 'Q' and 'QN' on cell 'rf_reg[28][15]'
         to break a timing loop. (OPT-314)
Warning: Disabling timing arc between pins 'Q' and 'QN' on cell 'rf_reg[29][15]'
         to break a timing loop. (OPT-314)
Warning: Disabling timing arc between pins 'Q' and 'QN' on cell 'rf_reg[29][15]'
         to break a timing loop. (OPT-314)
Warning: Disabling timing arc between pins 'Q' and 'QN' on cell 'rf_reg[30][15]'
         to break a timing loop. (OPT-314)
Warning: Disabling timing arc between pins 'Q' and 'QN' on cell 'rf_reg[30][15]'
         to break a timing loop. (OPT-314)
Warning: Disabling timing arc between pins 'Q' and 'QN' on cell 'rf_reg[31][15]'
         to break a timing loop. (OPT-314)
Warning: Disabling timing arc between pins 'Q' and 'QN' on cell 'rf_reg[31][15]'
         to break a timing loop. (OPT-314)
Warning: Disabling timing arc between pins 'Q' and 'QN' on cell 'rf_reg[2][15]'
         to break a timing loop. (OPT-314)
Warning: Disabling timing arc between pins 'Q' and 'QN' on cell 'rf_reg[2][15]'
         to break a timing loop. (OPT-314)
Warning: Disabling timing arc between pins 'Q' and 'QN' on cell 'rf_reg[27][15]'
         to break a timing loop. (OPT-314)
Warning: Disabling timing arc between pins 'Q' and 'QN' on cell 'rf_reg[27][15]'
         to break a timing loop. (OPT-314)
Warning: Disabling timing arc between pins 'Q' and 'QN' on cell 'rf_reg[24][15]'
         to break a timing loop. (OPT-314)
Warning: Disabling timing arc between pins 'Q' and 'QN' on cell 'rf_reg[24][15]'
         to break a timing loop. (OPT-314)
Warning: Disabling timing arc between pins 'Q' and 'QN' on cell 'rf_reg[15][15]'
         to break a timing loop. (OPT-314)
Warning: Disabling timing arc between pins 'Q' and 'QN' on cell 'rf_reg[15][15]'
         to break a timing loop. (OPT-314)
Warning: Disabling timing arc between pins 'Q' and 'QN' on cell 'rf_reg[13][15]'
         to break a timing loop. (OPT-314)
Warning: Disabling timing arc between pins 'Q' and 'QN' on cell 'rf_reg[13][15]'
         to break a timing loop. (OPT-314)
Warning: Disabling timing arc between pins 'Q' and 'QN' on cell 'rf_reg[26][15]'
         to break a timing loop. (OPT-314)
Warning: Disabling timing arc between pins 'Q' and 'QN' on cell 'rf_reg[26][15]'
         to break a timing loop. (OPT-314)
Warning: Disabling timing arc between pins 'Q' and 'QN' on cell 'rf_reg[3][15]'
         to break a timing loop. (OPT-314)
Warning: Disabling timing arc between pins 'Q' and 'QN' on cell 'rf_reg[3][15]'
         to break a timing loop. (OPT-314)
Warning: Disabling timing arc between pins 'Q' and 'QN' on cell 'q_reg[17]3'
         to break a timing loop. (OPT-314)
Warning: Disabling timing arc between pins 'Q' and 'QN' on cell 'q_reg[17]3'
         to break a timing loop. (OPT-314)
Warning: Disabling timing arc between pins 'Q' and 'QN' on cell 'rf_reg[12][17]'
         to break a timing loop. (OPT-314)
Warning: Disabling timing arc between pins 'Q' and 'QN' on cell 'rf_reg[12][17]'
         to break a timing loop. (OPT-314)
Warning: Disabling timing arc between pins 'Q' and 'QN' on cell 'rf_reg[25][17]'
         to break a timing loop. (OPT-314)
Warning: Disabling timing arc between pins 'Q' and 'QN' on cell 'rf_reg[25][17]'
         to break a timing loop. (OPT-314)
Warning: Disabling timing arc between pins 'Q' and 'QN' on cell 'rf_reg[20][17]'
         to break a timing loop. (OPT-314)
Warning: Disabling timing arc between pins 'Q' and 'QN' on cell 'rf_reg[20][17]'
         to break a timing loop. (OPT-314)
Warning: Disabling timing arc between pins 'Q' and 'QN' on cell 'rf_reg[5][17]'
         to break a timing loop. (OPT-314)
Warning: Disabling timing arc between pins 'Q' and 'QN' on cell 'rf_reg[5][17]'
         to break a timing loop. (OPT-314)
Warning: Disabling timing arc between pins 'Q' and 'QN' on cell 'rf_reg[6][17]'
         to break a timing loop. (OPT-314)
Warning: Disabling timing arc between pins 'Q' and 'QN' on cell 'rf_reg[6][17]'
         to break a timing loop. (OPT-314)
Warning: Disabling timing arc between pins 'Q' and 'QN' on cell 'rf_reg[7][17]'
         to break a timing loop. (OPT-314)
Warning: Disabling timing arc between pins 'Q' and 'QN' on cell 'rf_reg[7][17]'
         to break a timing loop. (OPT-314)
Warning: Disabling timing arc between pins 'Q' and 'QN' on cell 'rf_reg[21][17]'
         to break a timing loop. (OPT-314)
Warning: Disabling timing arc between pins 'Q' and 'QN' on cell 'rf_reg[21][17]'
         to break a timing loop. (OPT-314)
Warning: Disabling timing arc between pins 'Q' and 'QN' on cell 'rf_reg[22][17]'
         to break a timing loop. (OPT-314)
Warning: Disabling timing arc between pins 'Q' and 'QN' on cell 'rf_reg[22][17]'
         to break a timing loop. (OPT-314)
Warning: Disabling timing arc between pins 'Q' and 'QN' on cell 'rf_reg[14][17]'
         to break a timing loop. (OPT-314)
Warning: Disabling timing arc between pins 'Q' and 'QN' on cell 'rf_reg[14][17]'
         to break a timing loop. (OPT-314)
Warning: Disabling timing arc between pins 'Q' and 'QN' on cell 'rf_reg[23][17]'
         to break a timing loop. (OPT-314)
Warning: Disabling timing arc between pins 'Q' and 'QN' on cell 'rf_reg[23][17]'
         to break a timing loop. (OPT-314)
Warning: Disabling timing arc between pins 'Q' and 'QN' on cell 'rf_reg[18][17]'
         to break a timing loop. (OPT-314)
Warning: Disabling timing arc between pins 'Q' and 'QN' on cell 'rf_reg[18][17]'
         to break a timing loop. (OPT-314)
Warning: Disabling timing arc between pins 'Q' and 'QN' on cell 'rf_reg[10][17]'
         to break a timing loop. (OPT-314)
Warning: Disabling timing arc between pins 'Q' and 'QN' on cell 'rf_reg[10][17]'
         to break a timing loop. (OPT-314)
Warning: Disabling timing arc between pins 'Q' and 'QN' on cell 'rf_reg[16][17]'
         to break a timing loop. (OPT-314)
Warning: Disabling timing arc between pins 'Q' and 'QN' on cell 'rf_reg[16][17]'
         to break a timing loop. (OPT-314)
Warning: Disabling timing arc between pins 'Q' and 'QN' on cell 'rf_reg[11][17]'
         to break a timing loop. (OPT-314)
Warning: Disabling timing arc between pins 'Q' and 'QN' on cell 'rf_reg[11][17]'
         to break a timing loop. (OPT-314)
Warning: Disabling timing arc between pins 'Q' and 'QN' on cell 'rf_reg[17][17]'
         to break a timing loop. (OPT-314)
Warning: Disabling timing arc between pins 'Q' and 'QN' on cell 'rf_reg[17][17]'
         to break a timing loop. (OPT-314)
Warning: Disabling timing arc between pins 'Q' and 'QN' on cell 'rf_reg[9][17]'
         to break a timing loop. (OPT-314)
Warning: Disabling timing arc between pins 'Q' and 'QN' on cell 'rf_reg[9][17]'
         to break a timing loop. (OPT-314)
Warning: Disabling timing arc between pins 'Q' and 'QN' on cell 'rf_reg[4][17]'
         to break a timing loop. (OPT-314)
Warning: Disabling timing arc between pins 'Q' and 'QN' on cell 'rf_reg[4][17]'
         to break a timing loop. (OPT-314)
Warning: Disabling timing arc between pins 'Q' and 'QN' on cell 'rf_reg[8][17]'
         to break a timing loop. (OPT-314)
Warning: Disabling timing arc between pins 'Q' and 'QN' on cell 'rf_reg[8][17]'
         to break a timing loop. (OPT-314)
Warning: Disabling timing arc between pins 'Q' and 'QN' on cell 'rf_reg[1][17]'
         to break a timing loop. (OPT-314)
Warning: Disabling timing arc between pins 'Q' and 'QN' on cell 'rf_reg[1][17]'
         to break a timing loop. (OPT-314)
Warning: Disabling timing arc between pins 'Q' and 'QN' on cell 'rf_reg[19][17]'
         to break a timing loop. (OPT-314)
Warning: Disabling timing arc between pins 'Q' and 'QN' on cell 'rf_reg[19][17]'
         to break a timing loop. (OPT-314)
Warning: Disabling timing arc between pins 'Q' and 'QN' on cell 'rf_reg[28][17]'
         to break a timing loop. (OPT-314)
Warning: Disabling timing arc between pins 'Q' and 'QN' on cell 'rf_reg[28][17]'
         to break a timing loop. (OPT-314)
Warning: Disabling timing arc between pins 'Q' and 'QN' on cell 'rf_reg[29][17]'
         to break a timing loop. (OPT-314)
Warning: Disabling timing arc between pins 'Q' and 'QN' on cell 'rf_reg[29][17]'
         to break a timing loop. (OPT-314)
Warning: Disabling timing arc between pins 'Q' and 'QN' on cell 'rf_reg[30][17]'
         to break a timing loop. (OPT-314)
Warning: Disabling timing arc between pins 'Q' and 'QN' on cell 'rf_reg[30][17]'
         to break a timing loop. (OPT-314)
Warning: Disabling timing arc between pins 'Q' and 'QN' on cell 'rf_reg[31][17]'
         to break a timing loop. (OPT-314)
Warning: Disabling timing arc between pins 'Q' and 'QN' on cell 'rf_reg[31][17]'
         to break a timing loop. (OPT-314)
Warning: Disabling timing arc between pins 'Q' and 'QN' on cell 'rf_reg[2][17]'
         to break a timing loop. (OPT-314)
Warning: Disabling timing arc between pins 'Q' and 'QN' on cell 'rf_reg[2][17]'
         to break a timing loop. (OPT-314)
Warning: Disabling timing arc between pins 'Q' and 'QN' on cell 'rf_reg[27][17]'
         to break a timing loop. (OPT-314)
Warning: Disabling timing arc between pins 'Q' and 'QN' on cell 'rf_reg[27][17]'
         to break a timing loop. (OPT-314)
Warning: Disabling timing arc between pins 'Q' and 'QN' on cell 'rf_reg[24][17]'
         to break a timing loop. (OPT-314)
Warning: Disabling timing arc between pins 'Q' and 'QN' on cell 'rf_reg[24][17]'
         to break a timing loop. (OPT-314)
Warning: Disabling timing arc between pins 'Q' and 'QN' on cell 'rf_reg[15][17]'
         to break a timing loop. (OPT-314)
Warning: Disabling timing arc between pins 'Q' and 'QN' on cell 'rf_reg[15][17]'
         to break a timing loop. (OPT-314)
Warning: Disabling timing arc between pins 'Q' and 'QN' on cell 'rf_reg[13][17]'
         to break a timing loop. (OPT-314)
Warning: Disabling timing arc between pins 'Q' and 'QN' on cell 'rf_reg[13][17]'
         to break a timing loop. (OPT-314)
Warning: Disabling timing arc between pins 'Q' and 'QN' on cell 'rf_reg[26][17]'
         to break a timing loop. (OPT-314)
Warning: Disabling timing arc between pins 'Q' and 'QN' on cell 'rf_reg[26][17]'
         to break a timing loop. (OPT-314)
Warning: Disabling timing arc between pins 'Q' and 'QN' on cell 'rf_reg[3][17]'
         to break a timing loop. (OPT-314)
Warning: Disabling timing arc between pins 'Q' and 'QN' on cell 'rf_reg[3][17]'
         to break a timing loop. (OPT-314)
Warning: Disabling timing arc between pins 'Q' and 'QN' on cell 'q_reg[19]3'
         to break a timing loop. (OPT-314)
Warning: Disabling timing arc between pins 'Q' and 'QN' on cell 'q_reg[19]3'
         to break a timing loop. (OPT-314)
Warning: Disabling timing arc between pins 'Q' and 'QN' on cell 'rf_reg[12][19]'
         to break a timing loop. (OPT-314)
Warning: Disabling timing arc between pins 'Q' and 'QN' on cell 'rf_reg[12][19]'
         to break a timing loop. (OPT-314)
Warning: Disabling timing arc between pins 'Q' and 'QN' on cell 'rf_reg[25][19]'
         to break a timing loop. (OPT-314)
Warning: Disabling timing arc between pins 'Q' and 'QN' on cell 'rf_reg[25][19]'
         to break a timing loop. (OPT-314)
Warning: Disabling timing arc between pins 'Q' and 'QN' on cell 'rf_reg[20][19]'
         to break a timing loop. (OPT-314)
Warning: Disabling timing arc between pins 'Q' and 'QN' on cell 'rf_reg[20][19]'
         to break a timing loop. (OPT-314)
Warning: Disabling timing arc between pins 'Q' and 'QN' on cell 'rf_reg[5][19]'
         to break a timing loop. (OPT-314)
Warning: Disabling timing arc between pins 'Q' and 'QN' on cell 'rf_reg[5][19]'
         to break a timing loop. (OPT-314)
Warning: Disabling timing arc between pins 'Q' and 'QN' on cell 'rf_reg[6][19]'
         to break a timing loop. (OPT-314)
Warning: Disabling timing arc between pins 'Q' and 'QN' on cell 'rf_reg[6][19]'
         to break a timing loop. (OPT-314)
Warning: Disabling timing arc between pins 'Q' and 'QN' on cell 'rf_reg[7][19]'
         to break a timing loop. (OPT-314)
Warning: Disabling timing arc between pins 'Q' and 'QN' on cell 'rf_reg[7][19]'
         to break a timing loop. (OPT-314)
Warning: Disabling timing arc between pins 'Q' and 'QN' on cell 'rf_reg[21][19]'
         to break a timing loop. (OPT-314)
Warning: Disabling timing arc between pins 'Q' and 'QN' on cell 'rf_reg[21][19]'
         to break a timing loop. (OPT-314)
Warning: Disabling timing arc between pins 'Q' and 'QN' on cell 'rf_reg[22][19]'
         to break a timing loop. (OPT-314)
Warning: Disabling timing arc between pins 'Q' and 'QN' on cell 'rf_reg[22][19]'
         to break a timing loop. (OPT-314)
Warning: Disabling timing arc between pins 'Q' and 'QN' on cell 'rf_reg[14][19]'
         to break a timing loop. (OPT-314)
Warning: Disabling timing arc between pins 'Q' and 'QN' on cell 'rf_reg[14][19]'
         to break a timing loop. (OPT-314)
Warning: Disabling timing arc between pins 'Q' and 'QN' on cell 'rf_reg[23][19]'
         to break a timing loop. (OPT-314)
Warning: Disabling timing arc between pins 'Q' and 'QN' on cell 'rf_reg[23][19]'
         to break a timing loop. (OPT-314)
Warning: Disabling timing arc between pins 'Q' and 'QN' on cell 'rf_reg[18][19]'
         to break a timing loop. (OPT-314)
Warning: Disabling timing arc between pins 'Q' and 'QN' on cell 'rf_reg[18][19]'
         to break a timing loop. (OPT-314)
Warning: Disabling timing arc between pins 'Q' and 'QN' on cell 'rf_reg[10][19]'
         to break a timing loop. (OPT-314)
Warning: Disabling timing arc between pins 'Q' and 'QN' on cell 'rf_reg[10][19]'
         to break a timing loop. (OPT-314)
Warning: Disabling timing arc between pins 'Q' and 'QN' on cell 'rf_reg[16][19]'
         to break a timing loop. (OPT-314)
Warning: Disabling timing arc between pins 'Q' and 'QN' on cell 'rf_reg[16][19]'
         to break a timing loop. (OPT-314)
Warning: Disabling timing arc between pins 'Q' and 'QN' on cell 'rf_reg[11][19]'
         to break a timing loop. (OPT-314)
Warning: Disabling timing arc between pins 'Q' and 'QN' on cell 'rf_reg[11][19]'
         to break a timing loop. (OPT-314)
Warning: Disabling timing arc between pins 'Q' and 'QN' on cell 'rf_reg[17][19]'
         to break a timing loop. (OPT-314)
Warning: Disabling timing arc between pins 'Q' and 'QN' on cell 'rf_reg[17][19]'
         to break a timing loop. (OPT-314)
Warning: Disabling timing arc between pins 'Q' and 'QN' on cell 'rf_reg[9][19]'
         to break a timing loop. (OPT-314)
Warning: Disabling timing arc between pins 'Q' and 'QN' on cell 'rf_reg[9][19]'
         to break a timing loop. (OPT-314)
Warning: Disabling timing arc between pins 'Q' and 'QN' on cell 'rf_reg[4][19]'
         to break a timing loop. (OPT-314)
Warning: Disabling timing arc between pins 'Q' and 'QN' on cell 'rf_reg[4][19]'
         to break a timing loop. (OPT-314)
Warning: Disabling timing arc between pins 'Q' and 'QN' on cell 'rf_reg[8][19]'
         to break a timing loop. (OPT-314)
Warning: Disabling timing arc between pins 'Q' and 'QN' on cell 'rf_reg[8][19]'
         to break a timing loop. (OPT-314)
Warning: Disabling timing arc between pins 'Q' and 'QN' on cell 'rf_reg[1][19]'
         to break a timing loop. (OPT-314)
Warning: Disabling timing arc between pins 'Q' and 'QN' on cell 'rf_reg[1][19]'
         to break a timing loop. (OPT-314)
Warning: Disabling timing arc between pins 'Q' and 'QN' on cell 'rf_reg[19][19]'
         to break a timing loop. (OPT-314)
Warning: Disabling timing arc between pins 'Q' and 'QN' on cell 'rf_reg[19][19]'
         to break a timing loop. (OPT-314)
Warning: Disabling timing arc between pins 'Q' and 'QN' on cell 'rf_reg[28][19]'
         to break a timing loop. (OPT-314)
Warning: Disabling timing arc between pins 'Q' and 'QN' on cell 'rf_reg[28][19]'
         to break a timing loop. (OPT-314)
Warning: Disabling timing arc between pins 'Q' and 'QN' on cell 'rf_reg[29][19]'
         to break a timing loop. (OPT-314)
Warning: Disabling timing arc between pins 'Q' and 'QN' on cell 'rf_reg[29][19]'
         to break a timing loop. (OPT-314)
Warning: Disabling timing arc between pins 'Q' and 'QN' on cell 'rf_reg[30][19]'
         to break a timing loop. (OPT-314)
Warning: Disabling timing arc between pins 'Q' and 'QN' on cell 'rf_reg[30][19]'
         to break a timing loop. (OPT-314)
Warning: Disabling timing arc between pins 'Q' and 'QN' on cell 'rf_reg[31][19]'
         to break a timing loop. (OPT-314)
Warning: Disabling timing arc between pins 'Q' and 'QN' on cell 'rf_reg[31][19]'
         to break a timing loop. (OPT-314)
Warning: Disabling timing arc between pins 'Q' and 'QN' on cell 'rf_reg[2][19]'
         to break a timing loop. (OPT-314)
Warning: Disabling timing arc between pins 'Q' and 'QN' on cell 'rf_reg[2][19]'
         to break a timing loop. (OPT-314)
Warning: Disabling timing arc between pins 'Q' and 'QN' on cell 'rf_reg[27][19]'
         to break a timing loop. (OPT-314)
Warning: Disabling timing arc between pins 'Q' and 'QN' on cell 'rf_reg[27][19]'
         to break a timing loop. (OPT-314)
Warning: Disabling timing arc between pins 'Q' and 'QN' on cell 'rf_reg[24][19]'
         to break a timing loop. (OPT-314)
Warning: Disabling timing arc between pins 'Q' and 'QN' on cell 'rf_reg[24][19]'
         to break a timing loop. (OPT-314)
Warning: Disabling timing arc between pins 'Q' and 'QN' on cell 'rf_reg[15][19]'
         to break a timing loop. (OPT-314)
Warning: Disabling timing arc between pins 'Q' and 'QN' on cell 'rf_reg[15][19]'
         to break a timing loop. (OPT-314)
Warning: Disabling timing arc between pins 'Q' and 'QN' on cell 'rf_reg[13][19]'
         to break a timing loop. (OPT-314)
Warning: Disabling timing arc between pins 'Q' and 'QN' on cell 'rf_reg[13][19]'
         to break a timing loop. (OPT-314)
Warning: Disabling timing arc between pins 'Q' and 'QN' on cell 'rf_reg[26][19]'
         to break a timing loop. (OPT-314)
Warning: Disabling timing arc between pins 'Q' and 'QN' on cell 'rf_reg[26][19]'
         to break a timing loop. (OPT-314)
Warning: Disabling timing arc between pins 'Q' and 'QN' on cell 'rf_reg[3][19]'
         to break a timing loop. (OPT-314)
Warning: Disabling timing arc between pins 'Q' and 'QN' on cell 'rf_reg[3][19]'
         to break a timing loop. (OPT-314)
Warning: Disabling timing arc between pins 'Q' and 'QN' on cell 'q_reg[21]3'
         to break a timing loop. (OPT-314)
Warning: Disabling timing arc between pins 'Q' and 'QN' on cell 'q_reg[21]3'
         to break a timing loop. (OPT-314)
Warning: Disabling timing arc between pins 'Q' and 'QN' on cell 'rf_reg[12][21]'
         to break a timing loop. (OPT-314)
Warning: Disabling timing arc between pins 'Q' and 'QN' on cell 'rf_reg[12][21]'
         to break a timing loop. (OPT-314)
Warning: Disabling timing arc between pins 'Q' and 'QN' on cell 'rf_reg[25][21]'
         to break a timing loop. (OPT-314)
Warning: Disabling timing arc between pins 'Q' and 'QN' on cell 'rf_reg[25][21]'
         to break a timing loop. (OPT-314)
Warning: Disabling timing arc between pins 'Q' and 'QN' on cell 'rf_reg[20][21]'
         to break a timing loop. (OPT-314)
Warning: Disabling timing arc between pins 'Q' and 'QN' on cell 'rf_reg[20][21]'
         to break a timing loop. (OPT-314)
Warning: Disabling timing arc between pins 'Q' and 'QN' on cell 'rf_reg[5][21]'
         to break a timing loop. (OPT-314)
Warning: Disabling timing arc between pins 'Q' and 'QN' on cell 'rf_reg[5][21]'
         to break a timing loop. (OPT-314)
Warning: Disabling timing arc between pins 'Q' and 'QN' on cell 'rf_reg[6][21]'
         to break a timing loop. (OPT-314)
Warning: Disabling timing arc between pins 'Q' and 'QN' on cell 'rf_reg[6][21]'
         to break a timing loop. (OPT-314)
Warning: Disabling timing arc between pins 'Q' and 'QN' on cell 'rf_reg[7][21]'
         to break a timing loop. (OPT-314)
Warning: Disabling timing arc between pins 'Q' and 'QN' on cell 'rf_reg[7][21]'
         to break a timing loop. (OPT-314)
Warning: Disabling timing arc between pins 'Q' and 'QN' on cell 'rf_reg[21][21]'
         to break a timing loop. (OPT-314)
Warning: Disabling timing arc between pins 'Q' and 'QN' on cell 'rf_reg[21][21]'
         to break a timing loop. (OPT-314)
Warning: Disabling timing arc between pins 'Q' and 'QN' on cell 'rf_reg[22][21]'
         to break a timing loop. (OPT-314)
Warning: Disabling timing arc between pins 'Q' and 'QN' on cell 'rf_reg[22][21]'
         to break a timing loop. (OPT-314)
Warning: Disabling timing arc between pins 'Q' and 'QN' on cell 'rf_reg[14][21]'
         to break a timing loop. (OPT-314)
Warning: Disabling timing arc between pins 'Q' and 'QN' on cell 'rf_reg[14][21]'
         to break a timing loop. (OPT-314)
Warning: Disabling timing arc between pins 'Q' and 'QN' on cell 'rf_reg[23][21]'
         to break a timing loop. (OPT-314)
Warning: Disabling timing arc between pins 'Q' and 'QN' on cell 'rf_reg[23][21]'
         to break a timing loop. (OPT-314)
Warning: Disabling timing arc between pins 'Q' and 'QN' on cell 'rf_reg[18][21]'
         to break a timing loop. (OPT-314)
Warning: Disabling timing arc between pins 'Q' and 'QN' on cell 'rf_reg[18][21]'
         to break a timing loop. (OPT-314)
Warning: Disabling timing arc between pins 'Q' and 'QN' on cell 'rf_reg[10][21]'
         to break a timing loop. (OPT-314)
Warning: Disabling timing arc between pins 'Q' and 'QN' on cell 'rf_reg[10][21]'
         to break a timing loop. (OPT-314)
Warning: Disabling timing arc between pins 'Q' and 'QN' on cell 'rf_reg[16][21]'
         to break a timing loop. (OPT-314)
Warning: Disabling timing arc between pins 'Q' and 'QN' on cell 'rf_reg[16][21]'
         to break a timing loop. (OPT-314)
Warning: Disabling timing arc between pins 'Q' and 'QN' on cell 'rf_reg[11][21]'
         to break a timing loop. (OPT-314)
Warning: Disabling timing arc between pins 'Q' and 'QN' on cell 'rf_reg[11][21]'
         to break a timing loop. (OPT-314)
Warning: Disabling timing arc between pins 'Q' and 'QN' on cell 'rf_reg[17][21]'
         to break a timing loop. (OPT-314)
Warning: Disabling timing arc between pins 'Q' and 'QN' on cell 'rf_reg[17][21]'
         to break a timing loop. (OPT-314)
Warning: Disabling timing arc between pins 'Q' and 'QN' on cell 'rf_reg[9][21]'
         to break a timing loop. (OPT-314)
Warning: Disabling timing arc between pins 'Q' and 'QN' on cell 'rf_reg[9][21]'
         to break a timing loop. (OPT-314)
Warning: Disabling timing arc between pins 'Q' and 'QN' on cell 'rf_reg[4][21]'
         to break a timing loop. (OPT-314)
Warning: Disabling timing arc between pins 'Q' and 'QN' on cell 'rf_reg[4][21]'
         to break a timing loop. (OPT-314)
Warning: Disabling timing arc between pins 'Q' and 'QN' on cell 'rf_reg[8][21]'
         to break a timing loop. (OPT-314)
Warning: Disabling timing arc between pins 'Q' and 'QN' on cell 'rf_reg[8][21]'
         to break a timing loop. (OPT-314)
Warning: Disabling timing arc between pins 'Q' and 'QN' on cell 'rf_reg[1][21]'
         to break a timing loop. (OPT-314)
Warning: Disabling timing arc between pins 'Q' and 'QN' on cell 'rf_reg[1][21]'
         to break a timing loop. (OPT-314)
Warning: Disabling timing arc between pins 'Q' and 'QN' on cell 'rf_reg[19][21]'
         to break a timing loop. (OPT-314)
Warning: Disabling timing arc between pins 'Q' and 'QN' on cell 'rf_reg[19][21]'
         to break a timing loop. (OPT-314)
Warning: Disabling timing arc between pins 'Q' and 'QN' on cell 'rf_reg[28][21]'
         to break a timing loop. (OPT-314)
Warning: Disabling timing arc between pins 'Q' and 'QN' on cell 'rf_reg[28][21]'
         to break a timing loop. (OPT-314)
Warning: Disabling timing arc between pins 'Q' and 'QN' on cell 'rf_reg[29][21]'
         to break a timing loop. (OPT-314)
Warning: Disabling timing arc between pins 'Q' and 'QN' on cell 'rf_reg[29][21]'
         to break a timing loop. (OPT-314)
Warning: Disabling timing arc between pins 'Q' and 'QN' on cell 'rf_reg[30][21]'
         to break a timing loop. (OPT-314)
Warning: Disabling timing arc between pins 'Q' and 'QN' on cell 'rf_reg[30][21]'
         to break a timing loop. (OPT-314)
Warning: Disabling timing arc between pins 'Q' and 'QN' on cell 'rf_reg[31][21]'
         to break a timing loop. (OPT-314)
Warning: Disabling timing arc between pins 'Q' and 'QN' on cell 'rf_reg[31][21]'
         to break a timing loop. (OPT-314)
Warning: Disabling timing arc between pins 'Q' and 'QN' on cell 'rf_reg[2][21]'
         to break a timing loop. (OPT-314)
Warning: Disabling timing arc between pins 'Q' and 'QN' on cell 'rf_reg[2][21]'
         to break a timing loop. (OPT-314)
Warning: Disabling timing arc between pins 'Q' and 'QN' on cell 'rf_reg[27][21]'
         to break a timing loop. (OPT-314)
Warning: Disabling timing arc between pins 'Q' and 'QN' on cell 'rf_reg[27][21]'
         to break a timing loop. (OPT-314)
Warning: Disabling timing arc between pins 'Q' and 'QN' on cell 'rf_reg[24][21]'
         to break a timing loop. (OPT-314)
Warning: Disabling timing arc between pins 'Q' and 'QN' on cell 'rf_reg[24][21]'
         to break a timing loop. (OPT-314)
Warning: Disabling timing arc between pins 'Q' and 'QN' on cell 'rf_reg[15][21]'
         to break a timing loop. (OPT-314)
Warning: Disabling timing arc between pins 'Q' and 'QN' on cell 'rf_reg[15][21]'
         to break a timing loop. (OPT-314)
Warning: Disabling timing arc between pins 'Q' and 'QN' on cell 'rf_reg[13][21]'
         to break a timing loop. (OPT-314)
Warning: Disabling timing arc between pins 'Q' and 'QN' on cell 'rf_reg[13][21]'
         to break a timing loop. (OPT-314)
Warning: Disabling timing arc between pins 'Q' and 'QN' on cell 'rf_reg[26][21]'
         to break a timing loop. (OPT-314)
Warning: Disabling timing arc between pins 'Q' and 'QN' on cell 'rf_reg[26][21]'
         to break a timing loop. (OPT-314)
Warning: Disabling timing arc between pins 'Q' and 'QN' on cell 'rf_reg[3][21]'
         to break a timing loop. (OPT-314)
Warning: Disabling timing arc between pins 'Q' and 'QN' on cell 'rf_reg[3][21]'
         to break a timing loop. (OPT-314)
Warning: Disabling timing arc between pins 'Q' and 'QN' on cell 'q_reg[18]3'
         to break a timing loop. (OPT-314)
Warning: Disabling timing arc between pins 'Q' and 'QN' on cell 'q_reg[18]3'
         to break a timing loop. (OPT-314)
Warning: Disabling timing arc between pins 'Q' and 'QN' on cell 'rf_reg[12][18]'
         to break a timing loop. (OPT-314)
Warning: Disabling timing arc between pins 'Q' and 'QN' on cell 'rf_reg[12][18]'
         to break a timing loop. (OPT-314)
Warning: Disabling timing arc between pins 'Q' and 'QN' on cell 'rf_reg[25][18]'
         to break a timing loop. (OPT-314)
Warning: Disabling timing arc between pins 'Q' and 'QN' on cell 'rf_reg[25][18]'
         to break a timing loop. (OPT-314)
Warning: Disabling timing arc between pins 'Q' and 'QN' on cell 'rf_reg[20][18]'
         to break a timing loop. (OPT-314)
Warning: Disabling timing arc between pins 'Q' and 'QN' on cell 'rf_reg[20][18]'
         to break a timing loop. (OPT-314)
Warning: Disabling timing arc between pins 'Q' and 'QN' on cell 'rf_reg[5][18]'
         to break a timing loop. (OPT-314)
Warning: Disabling timing arc between pins 'Q' and 'QN' on cell 'rf_reg[5][18]'
         to break a timing loop. (OPT-314)
Warning: Disabling timing arc between pins 'Q' and 'QN' on cell 'rf_reg[6][18]'
         to break a timing loop. (OPT-314)
Warning: Disabling timing arc between pins 'Q' and 'QN' on cell 'rf_reg[6][18]'
         to break a timing loop. (OPT-314)
Warning: Disabling timing arc between pins 'Q' and 'QN' on cell 'rf_reg[7][18]'
         to break a timing loop. (OPT-314)
Warning: Disabling timing arc between pins 'Q' and 'QN' on cell 'rf_reg[7][18]'
         to break a timing loop. (OPT-314)
Warning: Disabling timing arc between pins 'Q' and 'QN' on cell 'rf_reg[21][18]'
         to break a timing loop. (OPT-314)
Warning: Disabling timing arc between pins 'Q' and 'QN' on cell 'rf_reg[21][18]'
         to break a timing loop. (OPT-314)
Warning: Disabling timing arc between pins 'Q' and 'QN' on cell 'rf_reg[22][18]'
         to break a timing loop. (OPT-314)
Warning: Disabling timing arc between pins 'Q' and 'QN' on cell 'rf_reg[22][18]'
         to break a timing loop. (OPT-314)
Warning: Disabling timing arc between pins 'Q' and 'QN' on cell 'rf_reg[14][18]'
         to break a timing loop. (OPT-314)
Warning: Disabling timing arc between pins 'Q' and 'QN' on cell 'rf_reg[14][18]'
         to break a timing loop. (OPT-314)
Warning: Disabling timing arc between pins 'Q' and 'QN' on cell 'rf_reg[23][18]'
         to break a timing loop. (OPT-314)
Warning: Disabling timing arc between pins 'Q' and 'QN' on cell 'rf_reg[23][18]'
         to break a timing loop. (OPT-314)
Warning: Disabling timing arc between pins 'Q' and 'QN' on cell 'rf_reg[18][18]'
         to break a timing loop. (OPT-314)
Warning: Disabling timing arc between pins 'Q' and 'QN' on cell 'rf_reg[18][18]'
         to break a timing loop. (OPT-314)
Warning: Disabling timing arc between pins 'Q' and 'QN' on cell 'rf_reg[10][18]'
         to break a timing loop. (OPT-314)
Warning: Disabling timing arc between pins 'Q' and 'QN' on cell 'rf_reg[10][18]'
         to break a timing loop. (OPT-314)
Warning: Disabling timing arc between pins 'Q' and 'QN' on cell 'rf_reg[16][18]'
         to break a timing loop. (OPT-314)
Warning: Disabling timing arc between pins 'Q' and 'QN' on cell 'rf_reg[16][18]'
         to break a timing loop. (OPT-314)
Warning: Disabling timing arc between pins 'Q' and 'QN' on cell 'rf_reg[11][18]'
         to break a timing loop. (OPT-314)
Warning: Disabling timing arc between pins 'Q' and 'QN' on cell 'rf_reg[11][18]'
         to break a timing loop. (OPT-314)
Warning: Disabling timing arc between pins 'Q' and 'QN' on cell 'rf_reg[17][18]'
         to break a timing loop. (OPT-314)
Warning: Disabling timing arc between pins 'Q' and 'QN' on cell 'rf_reg[17][18]'
         to break a timing loop. (OPT-314)
Warning: Disabling timing arc between pins 'Q' and 'QN' on cell 'rf_reg[9][18]'
         to break a timing loop. (OPT-314)
Warning: Disabling timing arc between pins 'Q' and 'QN' on cell 'rf_reg[9][18]'
         to break a timing loop. (OPT-314)
Warning: Disabling timing arc between pins 'Q' and 'QN' on cell 'rf_reg[4][18]'
         to break a timing loop. (OPT-314)
Warning: Disabling timing arc between pins 'Q' and 'QN' on cell 'rf_reg[4][18]'
         to break a timing loop. (OPT-314)
Warning: Disabling timing arc between pins 'Q' and 'QN' on cell 'rf_reg[8][18]'
         to break a timing loop. (OPT-314)
Warning: Disabling timing arc between pins 'Q' and 'QN' on cell 'rf_reg[8][18]'
         to break a timing loop. (OPT-314)
Warning: Disabling timing arc between pins 'Q' and 'QN' on cell 'rf_reg[1][18]'
         to break a timing loop. (OPT-314)
Warning: Disabling timing arc between pins 'Q' and 'QN' on cell 'rf_reg[1][18]'
         to break a timing loop. (OPT-314)
Warning: Disabling timing arc between pins 'Q' and 'QN' on cell 'rf_reg[19][18]'
         to break a timing loop. (OPT-314)
Warning: Disabling timing arc between pins 'Q' and 'QN' on cell 'rf_reg[19][18]'
         to break a timing loop. (OPT-314)
Warning: Disabling timing arc between pins 'Q' and 'QN' on cell 'rf_reg[28][18]'
         to break a timing loop. (OPT-314)
Warning: Disabling timing arc between pins 'Q' and 'QN' on cell 'rf_reg[28][18]'
         to break a timing loop. (OPT-314)
Warning: Disabling timing arc between pins 'Q' and 'QN' on cell 'rf_reg[29][18]'
         to break a timing loop. (OPT-314)
Warning: Disabling timing arc between pins 'Q' and 'QN' on cell 'rf_reg[29][18]'
         to break a timing loop. (OPT-314)
Warning: Disabling timing arc between pins 'Q' and 'QN' on cell 'rf_reg[30][18]'
         to break a timing loop. (OPT-314)
Warning: Disabling timing arc between pins 'Q' and 'QN' on cell 'rf_reg[30][18]'
         to break a timing loop. (OPT-314)
Warning: Disabling timing arc between pins 'Q' and 'QN' on cell 'rf_reg[31][18]'
         to break a timing loop. (OPT-314)
Warning: Disabling timing arc between pins 'Q' and 'QN' on cell 'rf_reg[31][18]'
         to break a timing loop. (OPT-314)
Warning: Disabling timing arc between pins 'Q' and 'QN' on cell 'rf_reg[2][18]'
         to break a timing loop. (OPT-314)
Warning: Disabling timing arc between pins 'Q' and 'QN' on cell 'rf_reg[2][18]'
         to break a timing loop. (OPT-314)
Warning: Disabling timing arc between pins 'Q' and 'QN' on cell 'rf_reg[27][18]'
         to break a timing loop. (OPT-314)
Warning: Disabling timing arc between pins 'Q' and 'QN' on cell 'rf_reg[27][18]'
         to break a timing loop. (OPT-314)
Warning: Disabling timing arc between pins 'Q' and 'QN' on cell 'rf_reg[24][18]'
         to break a timing loop. (OPT-314)
Warning: Disabling timing arc between pins 'Q' and 'QN' on cell 'rf_reg[24][18]'
         to break a timing loop. (OPT-314)
Warning: Disabling timing arc between pins 'Q' and 'QN' on cell 'rf_reg[15][18]'
         to break a timing loop. (OPT-314)
Warning: Disabling timing arc between pins 'Q' and 'QN' on cell 'rf_reg[15][18]'
         to break a timing loop. (OPT-314)
Warning: Disabling timing arc between pins 'Q' and 'QN' on cell 'rf_reg[13][18]'
         to break a timing loop. (OPT-314)
Warning: Disabling timing arc between pins 'Q' and 'QN' on cell 'rf_reg[13][18]'
         to break a timing loop. (OPT-314)
Warning: Disabling timing arc between pins 'Q' and 'QN' on cell 'rf_reg[26][18]'
         to break a timing loop. (OPT-314)
Warning: Disabling timing arc between pins 'Q' and 'QN' on cell 'rf_reg[26][18]'
         to break a timing loop. (OPT-314)
Warning: Disabling timing arc between pins 'Q' and 'QN' on cell 'rf_reg[3][18]'
         to break a timing loop. (OPT-314)
Warning: Disabling timing arc between pins 'Q' and 'QN' on cell 'rf_reg[3][18]'
         to break a timing loop. (OPT-314)
Warning: Disabling timing arc between pins 'Q' and 'QN' on cell 'q_reg[4]5'
         to break a timing loop. (OPT-314)
Warning: Disabling timing arc between pins 'Q' and 'QN' on cell 'q_reg[4]5'
         to break a timing loop. (OPT-314)
Warning: Disabling timing arc between pins 'Q' and 'QN' on cell 'rf_reg[12][4]'
         to break a timing loop. (OPT-314)
Warning: Disabling timing arc between pins 'Q' and 'QN' on cell 'rf_reg[12][4]'
         to break a timing loop. (OPT-314)
Warning: Disabling timing arc between pins 'Q' and 'QN' on cell 'rf_reg[25][4]'
         to break a timing loop. (OPT-314)
Warning: Disabling timing arc between pins 'Q' and 'QN' on cell 'rf_reg[25][4]'
         to break a timing loop. (OPT-314)
Warning: Disabling timing arc between pins 'Q' and 'QN' on cell 'rf_reg[20][4]'
         to break a timing loop. (OPT-314)
Warning: Disabling timing arc between pins 'Q' and 'QN' on cell 'rf_reg[20][4]'
         to break a timing loop. (OPT-314)
Warning: Disabling timing arc between pins 'Q' and 'QN' on cell 'rf_reg[5][4]'
         to break a timing loop. (OPT-314)
Warning: Disabling timing arc between pins 'Q' and 'QN' on cell 'rf_reg[5][4]'
         to break a timing loop. (OPT-314)
Warning: Disabling timing arc between pins 'Q' and 'QN' on cell 'rf_reg[6][4]'
         to break a timing loop. (OPT-314)
Warning: Disabling timing arc between pins 'Q' and 'QN' on cell 'rf_reg[6][4]'
         to break a timing loop. (OPT-314)
Warning: Disabling timing arc between pins 'Q' and 'QN' on cell 'rf_reg[7][4]'
         to break a timing loop. (OPT-314)
Warning: Disabling timing arc between pins 'Q' and 'QN' on cell 'rf_reg[7][4]'
         to break a timing loop. (OPT-314)
Warning: Disabling timing arc between pins 'Q' and 'QN' on cell 'rf_reg[21][4]'
         to break a timing loop. (OPT-314)
Warning: Disabling timing arc between pins 'Q' and 'QN' on cell 'rf_reg[21][4]'
         to break a timing loop. (OPT-314)
Warning: Disabling timing arc between pins 'Q' and 'QN' on cell 'rf_reg[22][4]'
         to break a timing loop. (OPT-314)
Warning: Disabling timing arc between pins 'Q' and 'QN' on cell 'rf_reg[22][4]'
         to break a timing loop. (OPT-314)
Warning: Disabling timing arc between pins 'Q' and 'QN' on cell 'rf_reg[14][4]'
         to break a timing loop. (OPT-314)
Warning: Disabling timing arc between pins 'Q' and 'QN' on cell 'rf_reg[14][4]'
         to break a timing loop. (OPT-314)
Warning: Disabling timing arc between pins 'Q' and 'QN' on cell 'rf_reg[23][4]'
         to break a timing loop. (OPT-314)
Warning: Disabling timing arc between pins 'Q' and 'QN' on cell 'rf_reg[23][4]'
         to break a timing loop. (OPT-314)
Warning: Disabling timing arc between pins 'Q' and 'QN' on cell 'rf_reg[18][4]'
         to break a timing loop. (OPT-314)
Warning: Disabling timing arc between pins 'Q' and 'QN' on cell 'rf_reg[18][4]'
         to break a timing loop. (OPT-314)
Warning: Disabling timing arc between pins 'Q' and 'QN' on cell 'rf_reg[10][4]'
         to break a timing loop. (OPT-314)
Warning: Disabling timing arc between pins 'Q' and 'QN' on cell 'rf_reg[10][4]'
         to break a timing loop. (OPT-314)
Warning: Disabling timing arc between pins 'Q' and 'QN' on cell 'rf_reg[16][4]'
         to break a timing loop. (OPT-314)
Warning: Disabling timing arc between pins 'Q' and 'QN' on cell 'rf_reg[16][4]'
         to break a timing loop. (OPT-314)
Warning: Disabling timing arc between pins 'Q' and 'QN' on cell 'rf_reg[11][4]'
         to break a timing loop. (OPT-314)
Warning: Disabling timing arc between pins 'Q' and 'QN' on cell 'rf_reg[11][4]'
         to break a timing loop. (OPT-314)
Warning: Disabling timing arc between pins 'Q' and 'QN' on cell 'rf_reg[17][4]'
         to break a timing loop. (OPT-314)
Warning: Disabling timing arc between pins 'Q' and 'QN' on cell 'rf_reg[17][4]'
         to break a timing loop. (OPT-314)
Warning: Disabling timing arc between pins 'Q' and 'QN' on cell 'rf_reg[9][4]'
         to break a timing loop. (OPT-314)
Warning: Disabling timing arc between pins 'Q' and 'QN' on cell 'rf_reg[9][4]'
         to break a timing loop. (OPT-314)
Warning: Disabling timing arc between pins 'Q' and 'QN' on cell 'rf_reg[4][4]'
         to break a timing loop. (OPT-314)
Warning: Disabling timing arc between pins 'Q' and 'QN' on cell 'rf_reg[4][4]'
         to break a timing loop. (OPT-314)
Warning: Disabling timing arc between pins 'Q' and 'QN' on cell 'rf_reg[8][4]'
         to break a timing loop. (OPT-314)
Warning: Disabling timing arc between pins 'Q' and 'QN' on cell 'rf_reg[8][4]'
         to break a timing loop. (OPT-314)
Warning: Disabling timing arc between pins 'Q' and 'QN' on cell 'rf_reg[1][4]'
         to break a timing loop. (OPT-314)
Warning: Disabling timing arc between pins 'Q' and 'QN' on cell 'rf_reg[1][4]'
         to break a timing loop. (OPT-314)
Warning: Disabling timing arc between pins 'Q' and 'QN' on cell 'rf_reg[19][4]'
         to break a timing loop. (OPT-314)
Warning: Disabling timing arc between pins 'Q' and 'QN' on cell 'rf_reg[19][4]'
         to break a timing loop. (OPT-314)
Warning: Disabling timing arc between pins 'Q' and 'QN' on cell 'rf_reg[28][4]'
         to break a timing loop. (OPT-314)
Warning: Disabling timing arc between pins 'Q' and 'QN' on cell 'rf_reg[28][4]'
         to break a timing loop. (OPT-314)
Warning: Disabling timing arc between pins 'Q' and 'QN' on cell 'rf_reg[29][4]'
         to break a timing loop. (OPT-314)
Warning: Disabling timing arc between pins 'Q' and 'QN' on cell 'rf_reg[29][4]'
         to break a timing loop. (OPT-314)
Warning: Disabling timing arc between pins 'Q' and 'QN' on cell 'rf_reg[30][4]'
         to break a timing loop. (OPT-314)
Warning: Disabling timing arc between pins 'Q' and 'QN' on cell 'rf_reg[30][4]'
         to break a timing loop. (OPT-314)
Warning: Disabling timing arc between pins 'Q' and 'QN' on cell 'rf_reg[31][4]'
         to break a timing loop. (OPT-314)
Warning: Disabling timing arc between pins 'Q' and 'QN' on cell 'rf_reg[31][4]'
         to break a timing loop. (OPT-314)
Warning: Disabling timing arc between pins 'Q' and 'QN' on cell 'rf_reg[2][4]'
         to break a timing loop. (OPT-314)
Warning: Disabling timing arc between pins 'Q' and 'QN' on cell 'rf_reg[2][4]'
         to break a timing loop. (OPT-314)
Warning: Disabling timing arc between pins 'Q' and 'QN' on cell 'rf_reg[27][4]'
         to break a timing loop. (OPT-314)
Warning: Disabling timing arc between pins 'Q' and 'QN' on cell 'rf_reg[27][4]'
         to break a timing loop. (OPT-314)
Warning: Disabling timing arc between pins 'Q' and 'QN' on cell 'rf_reg[24][4]'
         to break a timing loop. (OPT-314)
Warning: Disabling timing arc between pins 'Q' and 'QN' on cell 'rf_reg[24][4]'
         to break a timing loop. (OPT-314)
Warning: Disabling timing arc between pins 'Q' and 'QN' on cell 'rf_reg[15][4]'
         to break a timing loop. (OPT-314)
Warning: Disabling timing arc between pins 'Q' and 'QN' on cell 'rf_reg[15][4]'
         to break a timing loop. (OPT-314)
Warning: Disabling timing arc between pins 'Q' and 'QN' on cell 'rf_reg[13][4]'
         to break a timing loop. (OPT-314)
Warning: Disabling timing arc between pins 'Q' and 'QN' on cell 'rf_reg[13][4]'
         to break a timing loop. (OPT-314)
Warning: Disabling timing arc between pins 'Q' and 'QN' on cell 'rf_reg[26][4]'
         to break a timing loop. (OPT-314)
Warning: Disabling timing arc between pins 'Q' and 'QN' on cell 'rf_reg[26][4]'
         to break a timing loop. (OPT-314)
Warning: Disabling timing arc between pins 'Q' and 'QN' on cell 'rf_reg[3][4]'
         to break a timing loop. (OPT-314)
Warning: Disabling timing arc between pins 'Q' and 'QN' on cell 'rf_reg[3][4]'
         to break a timing loop. (OPT-314)
Warning: Disabling timing arc between pins 'Q' and 'QN' on cell 'q_reg[14]4'
         to break a timing loop. (OPT-314)
Warning: Disabling timing arc between pins 'Q' and 'QN' on cell 'q_reg[14]4'
         to break a timing loop. (OPT-314)
Warning: Disabling timing arc between pins 'Q' and 'QN' on cell 'rf_reg[12][14]'
         to break a timing loop. (OPT-314)
Warning: Disabling timing arc between pins 'Q' and 'QN' on cell 'rf_reg[12][14]'
         to break a timing loop. (OPT-314)
Warning: Disabling timing arc between pins 'Q' and 'QN' on cell 'rf_reg[25][14]'
         to break a timing loop. (OPT-314)
Warning: Disabling timing arc between pins 'Q' and 'QN' on cell 'rf_reg[25][14]'
         to break a timing loop. (OPT-314)
Warning: Disabling timing arc between pins 'Q' and 'QN' on cell 'rf_reg[20][14]'
         to break a timing loop. (OPT-314)
Warning: Disabling timing arc between pins 'Q' and 'QN' on cell 'rf_reg[20][14]'
         to break a timing loop. (OPT-314)
Warning: Disabling timing arc between pins 'Q' and 'QN' on cell 'rf_reg[5][14]'
         to break a timing loop. (OPT-314)
Warning: Disabling timing arc between pins 'Q' and 'QN' on cell 'rf_reg[5][14]'
         to break a timing loop. (OPT-314)
Warning: Disabling timing arc between pins 'Q' and 'QN' on cell 'rf_reg[6][14]'
         to break a timing loop. (OPT-314)
Warning: Disabling timing arc between pins 'Q' and 'QN' on cell 'rf_reg[6][14]'
         to break a timing loop. (OPT-314)
Warning: Disabling timing arc between pins 'Q' and 'QN' on cell 'rf_reg[7][14]'
         to break a timing loop. (OPT-314)
Warning: Disabling timing arc between pins 'Q' and 'QN' on cell 'rf_reg[7][14]'
         to break a timing loop. (OPT-314)
Warning: Disabling timing arc between pins 'Q' and 'QN' on cell 'rf_reg[21][14]'
         to break a timing loop. (OPT-314)
Warning: Disabling timing arc between pins 'Q' and 'QN' on cell 'rf_reg[21][14]'
         to break a timing loop. (OPT-314)
Warning: Disabling timing arc between pins 'Q' and 'QN' on cell 'rf_reg[22][14]'
         to break a timing loop. (OPT-314)
Warning: Disabling timing arc between pins 'Q' and 'QN' on cell 'rf_reg[22][14]'
         to break a timing loop. (OPT-314)
Warning: Disabling timing arc between pins 'Q' and 'QN' on cell 'rf_reg[14][14]'
         to break a timing loop. (OPT-314)
Warning: Disabling timing arc between pins 'Q' and 'QN' on cell 'rf_reg[14][14]'
         to break a timing loop. (OPT-314)
Warning: Disabling timing arc between pins 'Q' and 'QN' on cell 'rf_reg[23][14]'
         to break a timing loop. (OPT-314)
Warning: Disabling timing arc between pins 'Q' and 'QN' on cell 'rf_reg[23][14]'
         to break a timing loop. (OPT-314)
Warning: Disabling timing arc between pins 'Q' and 'QN' on cell 'rf_reg[18][14]'
         to break a timing loop. (OPT-314)
Warning: Disabling timing arc between pins 'Q' and 'QN' on cell 'rf_reg[18][14]'
         to break a timing loop. (OPT-314)
Warning: Disabling timing arc between pins 'Q' and 'QN' on cell 'rf_reg[10][14]'
         to break a timing loop. (OPT-314)
Warning: Disabling timing arc between pins 'Q' and 'QN' on cell 'rf_reg[10][14]'
         to break a timing loop. (OPT-314)
Warning: Disabling timing arc between pins 'Q' and 'QN' on cell 'rf_reg[16][14]'
         to break a timing loop. (OPT-314)
Warning: Disabling timing arc between pins 'Q' and 'QN' on cell 'rf_reg[16][14]'
         to break a timing loop. (OPT-314)
Warning: Disabling timing arc between pins 'Q' and 'QN' on cell 'rf_reg[11][14]'
         to break a timing loop. (OPT-314)
Warning: Disabling timing arc between pins 'Q' and 'QN' on cell 'rf_reg[11][14]'
         to break a timing loop. (OPT-314)
Warning: Disabling timing arc between pins 'Q' and 'QN' on cell 'rf_reg[17][14]'
         to break a timing loop. (OPT-314)
Warning: Disabling timing arc between pins 'Q' and 'QN' on cell 'rf_reg[17][14]'
         to break a timing loop. (OPT-314)
Warning: Disabling timing arc between pins 'Q' and 'QN' on cell 'rf_reg[9][14]'
         to break a timing loop. (OPT-314)
Warning: Disabling timing arc between pins 'Q' and 'QN' on cell 'rf_reg[9][14]'
         to break a timing loop. (OPT-314)
Warning: Disabling timing arc between pins 'Q' and 'QN' on cell 'rf_reg[4][14]'
         to break a timing loop. (OPT-314)
Warning: Disabling timing arc between pins 'Q' and 'QN' on cell 'rf_reg[4][14]'
         to break a timing loop. (OPT-314)
Warning: Disabling timing arc between pins 'Q' and 'QN' on cell 'rf_reg[8][14]'
         to break a timing loop. (OPT-314)
Warning: Disabling timing arc between pins 'Q' and 'QN' on cell 'rf_reg[8][14]'
         to break a timing loop. (OPT-314)
Warning: Disabling timing arc between pins 'Q' and 'QN' on cell 'rf_reg[1][14]'
         to break a timing loop. (OPT-314)
Warning: Disabling timing arc between pins 'Q' and 'QN' on cell 'rf_reg[1][14]'
         to break a timing loop. (OPT-314)
Warning: Disabling timing arc between pins 'Q' and 'QN' on cell 'rf_reg[19][14]'
         to break a timing loop. (OPT-314)
Warning: Disabling timing arc between pins 'Q' and 'QN' on cell 'rf_reg[19][14]'
         to break a timing loop. (OPT-314)
Warning: Disabling timing arc between pins 'Q' and 'QN' on cell 'rf_reg[28][14]'
         to break a timing loop. (OPT-314)
Warning: Disabling timing arc between pins 'Q' and 'QN' on cell 'rf_reg[28][14]'
         to break a timing loop. (OPT-314)
Warning: Disabling timing arc between pins 'Q' and 'QN' on cell 'rf_reg[29][14]'
         to break a timing loop. (OPT-314)
Warning: Disabling timing arc between pins 'Q' and 'QN' on cell 'rf_reg[29][14]'
         to break a timing loop. (OPT-314)
Warning: Disabling timing arc between pins 'Q' and 'QN' on cell 'rf_reg[30][14]'
         to break a timing loop. (OPT-314)
Warning: Disabling timing arc between pins 'Q' and 'QN' on cell 'rf_reg[30][14]'
         to break a timing loop. (OPT-314)
Warning: Disabling timing arc between pins 'Q' and 'QN' on cell 'rf_reg[31][14]'
         to break a timing loop. (OPT-314)
Warning: Disabling timing arc between pins 'Q' and 'QN' on cell 'rf_reg[31][14]'
         to break a timing loop. (OPT-314)
Warning: Disabling timing arc between pins 'Q' and 'QN' on cell 'rf_reg[2][14]'
         to break a timing loop. (OPT-314)
Warning: Disabling timing arc between pins 'Q' and 'QN' on cell 'rf_reg[2][14]'
         to break a timing loop. (OPT-314)
Warning: Disabling timing arc between pins 'Q' and 'QN' on cell 'rf_reg[27][14]'
         to break a timing loop. (OPT-314)
Warning: Disabling timing arc between pins 'Q' and 'QN' on cell 'rf_reg[27][14]'
         to break a timing loop. (OPT-314)
Warning: Disabling timing arc between pins 'Q' and 'QN' on cell 'rf_reg[24][14]'
         to break a timing loop. (OPT-314)
Warning: Disabling timing arc between pins 'Q' and 'QN' on cell 'rf_reg[24][14]'
         to break a timing loop. (OPT-314)
Warning: Disabling timing arc between pins 'Q' and 'QN' on cell 'rf_reg[15][14]'
         to break a timing loop. (OPT-314)
Warning: Disabling timing arc between pins 'Q' and 'QN' on cell 'rf_reg[15][14]'
         to break a timing loop. (OPT-314)
Warning: Disabling timing arc between pins 'Q' and 'QN' on cell 'rf_reg[13][14]'
         to break a timing loop. (OPT-314)
Warning: Disabling timing arc between pins 'Q' and 'QN' on cell 'rf_reg[13][14]'
         to break a timing loop. (OPT-314)
Warning: Disabling timing arc between pins 'Q' and 'QN' on cell 'rf_reg[26][14]'
         to break a timing loop. (OPT-314)
Warning: Disabling timing arc between pins 'Q' and 'QN' on cell 'rf_reg[26][14]'
         to break a timing loop. (OPT-314)
Warning: Disabling timing arc between pins 'Q' and 'QN' on cell 'rf_reg[3][14]'
         to break a timing loop. (OPT-314)
Warning: Disabling timing arc between pins 'Q' and 'QN' on cell 'rf_reg[3][14]'
         to break a timing loop. (OPT-314)
Warning: Disabling timing arc between pins 'Q' and 'QN' on cell 'q_reg[2]6'
         to break a timing loop. (OPT-314)
Warning: Disabling timing arc between pins 'Q' and 'QN' on cell 'q_reg[2]6'
         to break a timing loop. (OPT-314)
Warning: Disabling timing arc between pins 'Q' and 'QN' on cell 'rf_reg[12][2]'
         to break a timing loop. (OPT-314)
Warning: Disabling timing arc between pins 'Q' and 'QN' on cell 'rf_reg[12][2]'
         to break a timing loop. (OPT-314)
Warning: Disabling timing arc between pins 'Q' and 'QN' on cell 'rf_reg[25][2]'
         to break a timing loop. (OPT-314)
Warning: Disabling timing arc between pins 'Q' and 'QN' on cell 'rf_reg[25][2]'
         to break a timing loop. (OPT-314)
Warning: Disabling timing arc between pins 'Q' and 'QN' on cell 'rf_reg[20][2]'
         to break a timing loop. (OPT-314)
Warning: Disabling timing arc between pins 'Q' and 'QN' on cell 'rf_reg[20][2]'
         to break a timing loop. (OPT-314)
Warning: Disabling timing arc between pins 'Q' and 'QN' on cell 'rf_reg[5][2]'
         to break a timing loop. (OPT-314)
Warning: Disabling timing arc between pins 'Q' and 'QN' on cell 'rf_reg[5][2]'
         to break a timing loop. (OPT-314)
Warning: Disabling timing arc between pins 'Q' and 'QN' on cell 'rf_reg[6][2]'
         to break a timing loop. (OPT-314)
Warning: Disabling timing arc between pins 'Q' and 'QN' on cell 'rf_reg[6][2]'
         to break a timing loop. (OPT-314)
Warning: Disabling timing arc between pins 'Q' and 'QN' on cell 'rf_reg[7][2]'
         to break a timing loop. (OPT-314)
Warning: Disabling timing arc between pins 'Q' and 'QN' on cell 'rf_reg[7][2]'
         to break a timing loop. (OPT-314)
Warning: Disabling timing arc between pins 'Q' and 'QN' on cell 'rf_reg[21][2]'
         to break a timing loop. (OPT-314)
Warning: Disabling timing arc between pins 'Q' and 'QN' on cell 'rf_reg[21][2]'
         to break a timing loop. (OPT-314)
Warning: Disabling timing arc between pins 'Q' and 'QN' on cell 'rf_reg[22][2]'
         to break a timing loop. (OPT-314)
Warning: Disabling timing arc between pins 'Q' and 'QN' on cell 'rf_reg[22][2]'
         to break a timing loop. (OPT-314)
Warning: Disabling timing arc between pins 'Q' and 'QN' on cell 'rf_reg[14][2]'
         to break a timing loop. (OPT-314)
Warning: Disabling timing arc between pins 'Q' and 'QN' on cell 'rf_reg[14][2]'
         to break a timing loop. (OPT-314)
Warning: Disabling timing arc between pins 'Q' and 'QN' on cell 'rf_reg[23][2]'
         to break a timing loop. (OPT-314)
Warning: Disabling timing arc between pins 'Q' and 'QN' on cell 'rf_reg[23][2]'
         to break a timing loop. (OPT-314)
Warning: Disabling timing arc between pins 'Q' and 'QN' on cell 'rf_reg[18][2]'
         to break a timing loop. (OPT-314)
Warning: Disabling timing arc between pins 'Q' and 'QN' on cell 'rf_reg[18][2]'
         to break a timing loop. (OPT-314)
Warning: Disabling timing arc between pins 'Q' and 'QN' on cell 'rf_reg[10][2]'
         to break a timing loop. (OPT-314)
Warning: Disabling timing arc between pins 'Q' and 'QN' on cell 'rf_reg[10][2]'
         to break a timing loop. (OPT-314)
Warning: Disabling timing arc between pins 'Q' and 'QN' on cell 'rf_reg[16][2]'
         to break a timing loop. (OPT-314)
Warning: Disabling timing arc between pins 'Q' and 'QN' on cell 'rf_reg[16][2]'
         to break a timing loop. (OPT-314)
Warning: Disabling timing arc between pins 'Q' and 'QN' on cell 'rf_reg[11][2]'
         to break a timing loop. (OPT-314)
Warning: Disabling timing arc between pins 'Q' and 'QN' on cell 'rf_reg[11][2]'
         to break a timing loop. (OPT-314)
Warning: Disabling timing arc between pins 'Q' and 'QN' on cell 'rf_reg[17][2]'
         to break a timing loop. (OPT-314)
Warning: Disabling timing arc between pins 'Q' and 'QN' on cell 'rf_reg[17][2]'
         to break a timing loop. (OPT-314)
Warning: Disabling timing arc between pins 'Q' and 'QN' on cell 'rf_reg[9][2]'
         to break a timing loop. (OPT-314)
Warning: Disabling timing arc between pins 'Q' and 'QN' on cell 'rf_reg[9][2]'
         to break a timing loop. (OPT-314)
Warning: Disabling timing arc between pins 'Q' and 'QN' on cell 'rf_reg[4][2]'
         to break a timing loop. (OPT-314)
Warning: Disabling timing arc between pins 'Q' and 'QN' on cell 'rf_reg[4][2]'
         to break a timing loop. (OPT-314)
Warning: Disabling timing arc between pins 'Q' and 'QN' on cell 'rf_reg[8][2]'
         to break a timing loop. (OPT-314)
Warning: Disabling timing arc between pins 'Q' and 'QN' on cell 'rf_reg[8][2]'
         to break a timing loop. (OPT-314)
Warning: Disabling timing arc between pins 'Q' and 'QN' on cell 'rf_reg[1][2]'
         to break a timing loop. (OPT-314)
Warning: Disabling timing arc between pins 'Q' and 'QN' on cell 'rf_reg[1][2]'
         to break a timing loop. (OPT-314)
Warning: Disabling timing arc between pins 'Q' and 'QN' on cell 'rf_reg[19][2]'
         to break a timing loop. (OPT-314)
Warning: Disabling timing arc between pins 'Q' and 'QN' on cell 'rf_reg[19][2]'
         to break a timing loop. (OPT-314)
Warning: Disabling timing arc between pins 'Q' and 'QN' on cell 'rf_reg[28][2]'
         to break a timing loop. (OPT-314)
Warning: Disabling timing arc between pins 'Q' and 'QN' on cell 'rf_reg[28][2]'
         to break a timing loop. (OPT-314)
Warning: Disabling timing arc between pins 'Q' and 'QN' on cell 'rf_reg[29][2]'
         to break a timing loop. (OPT-314)
Warning: Disabling timing arc between pins 'Q' and 'QN' on cell 'rf_reg[29][2]'
         to break a timing loop. (OPT-314)
Warning: Disabling timing arc between pins 'Q' and 'QN' on cell 'rf_reg[30][2]'
         to break a timing loop. (OPT-314)
Warning: Disabling timing arc between pins 'Q' and 'QN' on cell 'rf_reg[30][2]'
         to break a timing loop. (OPT-314)
Warning: Disabling timing arc between pins 'Q' and 'QN' on cell 'rf_reg[31][2]'
         to break a timing loop. (OPT-314)
Warning: Disabling timing arc between pins 'Q' and 'QN' on cell 'rf_reg[31][2]'
         to break a timing loop. (OPT-314)
Warning: Disabling timing arc between pins 'Q' and 'QN' on cell 'rf_reg[2][2]'
         to break a timing loop. (OPT-314)
Warning: Disabling timing arc between pins 'Q' and 'QN' on cell 'rf_reg[2][2]'
         to break a timing loop. (OPT-314)
Warning: Disabling timing arc between pins 'Q' and 'QN' on cell 'rf_reg[27][2]'
         to break a timing loop. (OPT-314)
Warning: Disabling timing arc between pins 'Q' and 'QN' on cell 'rf_reg[27][2]'
         to break a timing loop. (OPT-314)
Warning: Disabling timing arc between pins 'Q' and 'QN' on cell 'rf_reg[24][2]'
         to break a timing loop. (OPT-314)
Warning: Disabling timing arc between pins 'Q' and 'QN' on cell 'rf_reg[24][2]'
         to break a timing loop. (OPT-314)
Warning: Disabling timing arc between pins 'Q' and 'QN' on cell 'rf_reg[15][2]'
         to break a timing loop. (OPT-314)
Warning: Disabling timing arc between pins 'Q' and 'QN' on cell 'rf_reg[15][2]'
         to break a timing loop. (OPT-314)
Warning: Disabling timing arc between pins 'Q' and 'QN' on cell 'rf_reg[13][2]'
         to break a timing loop. (OPT-314)
Warning: Disabling timing arc between pins 'Q' and 'QN' on cell 'rf_reg[13][2]'
         to break a timing loop. (OPT-314)
Warning: Disabling timing arc between pins 'Q' and 'QN' on cell 'rf_reg[26][2]'
         to break a timing loop. (OPT-314)
Warning: Disabling timing arc between pins 'Q' and 'QN' on cell 'rf_reg[26][2]'
         to break a timing loop. (OPT-314)
Warning: Disabling timing arc between pins 'Q' and 'QN' on cell 'rf_reg[3][2]'
         to break a timing loop. (OPT-314)
Warning: Disabling timing arc between pins 'Q' and 'QN' on cell 'rf_reg[3][2]'
         to break a timing loop. (OPT-314)
Warning: Disabling timing arc between pins 'Q' and 'QN' on cell 'q_reg[7]5'
         to break a timing loop. (OPT-314)
Warning: Disabling timing arc between pins 'Q' and 'QN' on cell 'q_reg[7]5'
         to break a timing loop. (OPT-314)
Warning: Disabling timing arc between pins 'Q' and 'QN' on cell 'rf_reg[12][7]'
         to break a timing loop. (OPT-314)
Warning: Disabling timing arc between pins 'Q' and 'QN' on cell 'rf_reg[12][7]'
         to break a timing loop. (OPT-314)
Warning: Disabling timing arc between pins 'Q' and 'QN' on cell 'rf_reg[25][7]'
         to break a timing loop. (OPT-314)
Warning: Disabling timing arc between pins 'Q' and 'QN' on cell 'rf_reg[25][7]'
         to break a timing loop. (OPT-314)
Warning: Disabling timing arc between pins 'Q' and 'QN' on cell 'rf_reg[20][7]'
         to break a timing loop. (OPT-314)
Warning: Disabling timing arc between pins 'Q' and 'QN' on cell 'rf_reg[20][7]'
         to break a timing loop. (OPT-314)
Warning: Disabling timing arc between pins 'Q' and 'QN' on cell 'rf_reg[5][7]'
         to break a timing loop. (OPT-314)
Warning: Disabling timing arc between pins 'Q' and 'QN' on cell 'rf_reg[5][7]'
         to break a timing loop. (OPT-314)
Warning: Disabling timing arc between pins 'Q' and 'QN' on cell 'rf_reg[6][7]'
         to break a timing loop. (OPT-314)
Warning: Disabling timing arc between pins 'Q' and 'QN' on cell 'rf_reg[6][7]'
         to break a timing loop. (OPT-314)
Warning: Disabling timing arc between pins 'Q' and 'QN' on cell 'rf_reg[7][7]'
         to break a timing loop. (OPT-314)
Warning: Disabling timing arc between pins 'Q' and 'QN' on cell 'rf_reg[7][7]'
         to break a timing loop. (OPT-314)
Warning: Disabling timing arc between pins 'Q' and 'QN' on cell 'rf_reg[21][7]'
         to break a timing loop. (OPT-314)
Warning: Disabling timing arc between pins 'Q' and 'QN' on cell 'rf_reg[21][7]'
         to break a timing loop. (OPT-314)
Warning: Disabling timing arc between pins 'Q' and 'QN' on cell 'rf_reg[22][7]'
         to break a timing loop. (OPT-314)
Warning: Disabling timing arc between pins 'Q' and 'QN' on cell 'rf_reg[22][7]'
         to break a timing loop. (OPT-314)
Warning: Disabling timing arc between pins 'Q' and 'QN' on cell 'rf_reg[14][7]'
         to break a timing loop. (OPT-314)
Warning: Disabling timing arc between pins 'Q' and 'QN' on cell 'rf_reg[14][7]'
         to break a timing loop. (OPT-314)
Warning: Disabling timing arc between pins 'Q' and 'QN' on cell 'rf_reg[23][7]'
         to break a timing loop. (OPT-314)
Warning: Disabling timing arc between pins 'Q' and 'QN' on cell 'rf_reg[23][7]'
         to break a timing loop. (OPT-314)
Warning: Disabling timing arc between pins 'Q' and 'QN' on cell 'rf_reg[18][7]'
         to break a timing loop. (OPT-314)
Warning: Disabling timing arc between pins 'Q' and 'QN' on cell 'rf_reg[18][7]'
         to break a timing loop. (OPT-314)
Warning: Disabling timing arc between pins 'Q' and 'QN' on cell 'rf_reg[10][7]'
         to break a timing loop. (OPT-314)
Warning: Disabling timing arc between pins 'Q' and 'QN' on cell 'rf_reg[10][7]'
         to break a timing loop. (OPT-314)
Warning: Disabling timing arc between pins 'Q' and 'QN' on cell 'rf_reg[16][7]'
         to break a timing loop. (OPT-314)
Warning: Disabling timing arc between pins 'Q' and 'QN' on cell 'rf_reg[16][7]'
         to break a timing loop. (OPT-314)
Warning: Disabling timing arc between pins 'Q' and 'QN' on cell 'rf_reg[11][7]'
         to break a timing loop. (OPT-314)
Warning: Disabling timing arc between pins 'Q' and 'QN' on cell 'rf_reg[11][7]'
         to break a timing loop. (OPT-314)
Warning: Disabling timing arc between pins 'Q' and 'QN' on cell 'rf_reg[17][7]'
         to break a timing loop. (OPT-314)
Warning: Disabling timing arc between pins 'Q' and 'QN' on cell 'rf_reg[17][7]'
         to break a timing loop. (OPT-314)
Warning: Disabling timing arc between pins 'Q' and 'QN' on cell 'rf_reg[9][7]'
         to break a timing loop. (OPT-314)
Warning: Disabling timing arc between pins 'Q' and 'QN' on cell 'rf_reg[9][7]'
         to break a timing loop. (OPT-314)
Warning: Disabling timing arc between pins 'Q' and 'QN' on cell 'rf_reg[4][7]'
         to break a timing loop. (OPT-314)
Warning: Disabling timing arc between pins 'Q' and 'QN' on cell 'rf_reg[4][7]'
         to break a timing loop. (OPT-314)
Warning: Disabling timing arc between pins 'Q' and 'QN' on cell 'rf_reg[8][7]'
         to break a timing loop. (OPT-314)
Warning: Disabling timing arc between pins 'Q' and 'QN' on cell 'rf_reg[8][7]'
         to break a timing loop. (OPT-314)
Warning: Disabling timing arc between pins 'Q' and 'QN' on cell 'rf_reg[1][7]'
         to break a timing loop. (OPT-314)
Warning: Disabling timing arc between pins 'Q' and 'QN' on cell 'rf_reg[1][7]'
         to break a timing loop. (OPT-314)
Warning: Disabling timing arc between pins 'Q' and 'QN' on cell 'rf_reg[19][7]'
         to break a timing loop. (OPT-314)
Warning: Disabling timing arc between pins 'Q' and 'QN' on cell 'rf_reg[19][7]'
         to break a timing loop. (OPT-314)
Warning: Disabling timing arc between pins 'Q' and 'QN' on cell 'rf_reg[28][7]'
         to break a timing loop. (OPT-314)
Warning: Disabling timing arc between pins 'Q' and 'QN' on cell 'rf_reg[28][7]'
         to break a timing loop. (OPT-314)
Warning: Disabling timing arc between pins 'Q' and 'QN' on cell 'rf_reg[29][7]'
         to break a timing loop. (OPT-314)
Warning: Disabling timing arc between pins 'Q' and 'QN' on cell 'rf_reg[29][7]'
         to break a timing loop. (OPT-314)
Warning: Disabling timing arc between pins 'Q' and 'QN' on cell 'rf_reg[30][7]'
         to break a timing loop. (OPT-314)
Warning: Disabling timing arc between pins 'Q' and 'QN' on cell 'rf_reg[30][7]'
         to break a timing loop. (OPT-314)
Warning: Disabling timing arc between pins 'Q' and 'QN' on cell 'rf_reg[31][7]'
         to break a timing loop. (OPT-314)
Warning: Disabling timing arc between pins 'Q' and 'QN' on cell 'rf_reg[31][7]'
         to break a timing loop. (OPT-314)
Warning: Disabling timing arc between pins 'Q' and 'QN' on cell 'rf_reg[2][7]'
         to break a timing loop. (OPT-314)
Warning: Disabling timing arc between pins 'Q' and 'QN' on cell 'rf_reg[2][7]'
         to break a timing loop. (OPT-314)
Warning: Disabling timing arc between pins 'Q' and 'QN' on cell 'rf_reg[27][7]'
         to break a timing loop. (OPT-314)
Warning: Disabling timing arc between pins 'Q' and 'QN' on cell 'rf_reg[27][7]'
         to break a timing loop. (OPT-314)
Warning: Disabling timing arc between pins 'Q' and 'QN' on cell 'rf_reg[24][7]'
         to break a timing loop. (OPT-314)
Warning: Disabling timing arc between pins 'Q' and 'QN' on cell 'rf_reg[24][7]'
         to break a timing loop. (OPT-314)
Warning: Disabling timing arc between pins 'Q' and 'QN' on cell 'rf_reg[15][7]'
         to break a timing loop. (OPT-314)
Warning: Disabling timing arc between pins 'Q' and 'QN' on cell 'rf_reg[15][7]'
         to break a timing loop. (OPT-314)
Warning: Disabling timing arc between pins 'Q' and 'QN' on cell 'rf_reg[13][7]'
         to break a timing loop. (OPT-314)
Warning: Disabling timing arc between pins 'Q' and 'QN' on cell 'rf_reg[13][7]'
         to break a timing loop. (OPT-314)
Warning: Disabling timing arc between pins 'Q' and 'QN' on cell 'rf_reg[26][7]'
         to break a timing loop. (OPT-314)
Warning: Disabling timing arc between pins 'Q' and 'QN' on cell 'rf_reg[26][7]'
         to break a timing loop. (OPT-314)
Warning: Disabling timing arc between pins 'Q' and 'QN' on cell 'rf_reg[3][7]'
         to break a timing loop. (OPT-314)
Warning: Disabling timing arc between pins 'Q' and 'QN' on cell 'rf_reg[3][7]'
         to break a timing loop. (OPT-314)
Warning: Disabling timing arc between pins 'Q' and 'QN' on cell 'q_reg[25]3'
         to break a timing loop. (OPT-314)
Warning: Disabling timing arc between pins 'Q' and 'QN' on cell 'q_reg[25]3'
         to break a timing loop. (OPT-314)
Warning: Disabling timing arc between pins 'Q' and 'QN' on cell 'rf_reg[12][25]'
         to break a timing loop. (OPT-314)
Warning: Disabling timing arc between pins 'Q' and 'QN' on cell 'rf_reg[12][25]'
         to break a timing loop. (OPT-314)
Warning: Disabling timing arc between pins 'Q' and 'QN' on cell 'rf_reg[25][25]'
         to break a timing loop. (OPT-314)
Warning: Disabling timing arc between pins 'Q' and 'QN' on cell 'rf_reg[25][25]'
         to break a timing loop. (OPT-314)
Warning: Disabling timing arc between pins 'Q' and 'QN' on cell 'rf_reg[20][25]'
         to break a timing loop. (OPT-314)
Warning: Disabling timing arc between pins 'Q' and 'QN' on cell 'rf_reg[20][25]'
         to break a timing loop. (OPT-314)
Warning: Disabling timing arc between pins 'Q' and 'QN' on cell 'rf_reg[5][25]'
         to break a timing loop. (OPT-314)
Warning: Disabling timing arc between pins 'Q' and 'QN' on cell 'rf_reg[5][25]'
         to break a timing loop. (OPT-314)
Warning: Disabling timing arc between pins 'Q' and 'QN' on cell 'rf_reg[6][25]'
         to break a timing loop. (OPT-314)
Warning: Disabling timing arc between pins 'Q' and 'QN' on cell 'rf_reg[6][25]'
         to break a timing loop. (OPT-314)
Warning: Disabling timing arc between pins 'Q' and 'QN' on cell 'rf_reg[7][25]'
         to break a timing loop. (OPT-314)
Warning: Disabling timing arc between pins 'Q' and 'QN' on cell 'rf_reg[7][25]'
         to break a timing loop. (OPT-314)
Warning: Disabling timing arc between pins 'Q' and 'QN' on cell 'rf_reg[21][25]'
         to break a timing loop. (OPT-314)
Warning: Disabling timing arc between pins 'Q' and 'QN' on cell 'rf_reg[21][25]'
         to break a timing loop. (OPT-314)
Warning: Disabling timing arc between pins 'Q' and 'QN' on cell 'rf_reg[22][25]'
         to break a timing loop. (OPT-314)
Warning: Disabling timing arc between pins 'Q' and 'QN' on cell 'rf_reg[22][25]'
         to break a timing loop. (OPT-314)
Warning: Disabling timing arc between pins 'Q' and 'QN' on cell 'rf_reg[14][25]'
         to break a timing loop. (OPT-314)
Warning: Disabling timing arc between pins 'Q' and 'QN' on cell 'rf_reg[14][25]'
         to break a timing loop. (OPT-314)
Warning: Disabling timing arc between pins 'Q' and 'QN' on cell 'rf_reg[23][25]'
         to break a timing loop. (OPT-314)
Warning: Disabling timing arc between pins 'Q' and 'QN' on cell 'rf_reg[23][25]'
         to break a timing loop. (OPT-314)
Warning: Disabling timing arc between pins 'Q' and 'QN' on cell 'rf_reg[18][25]'
         to break a timing loop. (OPT-314)
Warning: Disabling timing arc between pins 'Q' and 'QN' on cell 'rf_reg[18][25]'
         to break a timing loop. (OPT-314)
Warning: Disabling timing arc between pins 'Q' and 'QN' on cell 'rf_reg[10][25]'
         to break a timing loop. (OPT-314)
Warning: Disabling timing arc between pins 'Q' and 'QN' on cell 'rf_reg[10][25]'
         to break a timing loop. (OPT-314)
Warning: Disabling timing arc between pins 'Q' and 'QN' on cell 'rf_reg[16][25]'
         to break a timing loop. (OPT-314)
Warning: Disabling timing arc between pins 'Q' and 'QN' on cell 'rf_reg[16][25]'
         to break a timing loop. (OPT-314)
Warning: Disabling timing arc between pins 'Q' and 'QN' on cell 'rf_reg[11][25]'
         to break a timing loop. (OPT-314)
Warning: Disabling timing arc between pins 'Q' and 'QN' on cell 'rf_reg[11][25]'
         to break a timing loop. (OPT-314)
Warning: Disabling timing arc between pins 'Q' and 'QN' on cell 'rf_reg[17][25]'
         to break a timing loop. (OPT-314)
Warning: Disabling timing arc between pins 'Q' and 'QN' on cell 'rf_reg[17][25]'
         to break a timing loop. (OPT-314)
Warning: Disabling timing arc between pins 'Q' and 'QN' on cell 'rf_reg[9][25]'
         to break a timing loop. (OPT-314)
Warning: Disabling timing arc between pins 'Q' and 'QN' on cell 'rf_reg[9][25]'
         to break a timing loop. (OPT-314)
Warning: Disabling timing arc between pins 'Q' and 'QN' on cell 'rf_reg[4][25]'
         to break a timing loop. (OPT-314)
Warning: Disabling timing arc between pins 'Q' and 'QN' on cell 'rf_reg[4][25]'
         to break a timing loop. (OPT-314)
Warning: Disabling timing arc between pins 'Q' and 'QN' on cell 'rf_reg[8][25]'
         to break a timing loop. (OPT-314)
Warning: Disabling timing arc between pins 'Q' and 'QN' on cell 'rf_reg[8][25]'
         to break a timing loop. (OPT-314)
Warning: Disabling timing arc between pins 'Q' and 'QN' on cell 'rf_reg[1][25]'
         to break a timing loop. (OPT-314)
Warning: Disabling timing arc between pins 'Q' and 'QN' on cell 'rf_reg[1][25]'
         to break a timing loop. (OPT-314)
Warning: Disabling timing arc between pins 'Q' and 'QN' on cell 'rf_reg[19][25]'
         to break a timing loop. (OPT-314)
Warning: Disabling timing arc between pins 'Q' and 'QN' on cell 'rf_reg[19][25]'
         to break a timing loop. (OPT-314)
Warning: Disabling timing arc between pins 'Q' and 'QN' on cell 'rf_reg[28][25]'
         to break a timing loop. (OPT-314)
Warning: Disabling timing arc between pins 'Q' and 'QN' on cell 'rf_reg[28][25]'
         to break a timing loop. (OPT-314)
Warning: Disabling timing arc between pins 'Q' and 'QN' on cell 'rf_reg[29][25]'
         to break a timing loop. (OPT-314)
Warning: Disabling timing arc between pins 'Q' and 'QN' on cell 'rf_reg[29][25]'
         to break a timing loop. (OPT-314)
Warning: Disabling timing arc between pins 'Q' and 'QN' on cell 'rf_reg[30][25]'
         to break a timing loop. (OPT-314)
Warning: Disabling timing arc between pins 'Q' and 'QN' on cell 'rf_reg[30][25]'
         to break a timing loop. (OPT-314)
Warning: Disabling timing arc between pins 'Q' and 'QN' on cell 'rf_reg[31][25]'
         to break a timing loop. (OPT-314)
Warning: Disabling timing arc between pins 'Q' and 'QN' on cell 'rf_reg[31][25]'
         to break a timing loop. (OPT-314)
Warning: Disabling timing arc between pins 'Q' and 'QN' on cell 'rf_reg[2][25]'
         to break a timing loop. (OPT-314)
Warning: Disabling timing arc between pins 'Q' and 'QN' on cell 'rf_reg[2][25]'
         to break a timing loop. (OPT-314)
Warning: Disabling timing arc between pins 'Q' and 'QN' on cell 'rf_reg[27][25]'
         to break a timing loop. (OPT-314)
Warning: Disabling timing arc between pins 'Q' and 'QN' on cell 'rf_reg[27][25]'
         to break a timing loop. (OPT-314)
Warning: Disabling timing arc between pins 'Q' and 'QN' on cell 'rf_reg[24][25]'
         to break a timing loop. (OPT-314)
Warning: Disabling timing arc between pins 'Q' and 'QN' on cell 'rf_reg[24][25]'
         to break a timing loop. (OPT-314)
Warning: Disabling timing arc between pins 'Q' and 'QN' on cell 'rf_reg[15][25]'
         to break a timing loop. (OPT-314)
Warning: Disabling timing arc between pins 'Q' and 'QN' on cell 'rf_reg[15][25]'
         to break a timing loop. (OPT-314)
Warning: Disabling timing arc between pins 'Q' and 'QN' on cell 'rf_reg[13][25]'
         to break a timing loop. (OPT-314)
Warning: Disabling timing arc between pins 'Q' and 'QN' on cell 'rf_reg[13][25]'
         to break a timing loop. (OPT-314)
Warning: Disabling timing arc between pins 'Q' and 'QN' on cell 'rf_reg[26][25]'
         to break a timing loop. (OPT-314)
Warning: Disabling timing arc between pins 'Q' and 'QN' on cell 'rf_reg[26][25]'
         to break a timing loop. (OPT-314)
Warning: Disabling timing arc between pins 'Q' and 'QN' on cell 'rf_reg[3][25]'
         to break a timing loop. (OPT-314)
Warning: Disabling timing arc between pins 'Q' and 'QN' on cell 'rf_reg[3][25]'
         to break a timing loop. (OPT-314)
Warning: Disabling timing arc between pins 'Q' and 'QN' on cell 'q_reg[6]5'
         to break a timing loop. (OPT-314)
Warning: Disabling timing arc between pins 'Q' and 'QN' on cell 'q_reg[6]5'
         to break a timing loop. (OPT-314)
Warning: Disabling timing arc between pins 'Q' and 'QN' on cell 'rf_reg[12][6]'
         to break a timing loop. (OPT-314)
Warning: Disabling timing arc between pins 'Q' and 'QN' on cell 'rf_reg[12][6]'
         to break a timing loop. (OPT-314)
Warning: Disabling timing arc between pins 'Q' and 'QN' on cell 'rf_reg[25][6]'
         to break a timing loop. (OPT-314)
Warning: Disabling timing arc between pins 'Q' and 'QN' on cell 'rf_reg[25][6]'
         to break a timing loop. (OPT-314)
Warning: Disabling timing arc between pins 'Q' and 'QN' on cell 'rf_reg[20][6]'
         to break a timing loop. (OPT-314)
Warning: Disabling timing arc between pins 'Q' and 'QN' on cell 'rf_reg[20][6]'
         to break a timing loop. (OPT-314)
Warning: Disabling timing arc between pins 'Q' and 'QN' on cell 'rf_reg[5][6]'
         to break a timing loop. (OPT-314)
Warning: Disabling timing arc between pins 'Q' and 'QN' on cell 'rf_reg[5][6]'
         to break a timing loop. (OPT-314)
Warning: Disabling timing arc between pins 'Q' and 'QN' on cell 'rf_reg[6][6]'
         to break a timing loop. (OPT-314)
Warning: Disabling timing arc between pins 'Q' and 'QN' on cell 'rf_reg[6][6]'
         to break a timing loop. (OPT-314)
Warning: Disabling timing arc between pins 'Q' and 'QN' on cell 'rf_reg[7][6]'
         to break a timing loop. (OPT-314)
Warning: Disabling timing arc between pins 'Q' and 'QN' on cell 'rf_reg[7][6]'
         to break a timing loop. (OPT-314)
Warning: Disabling timing arc between pins 'Q' and 'QN' on cell 'rf_reg[21][6]'
         to break a timing loop. (OPT-314)
Warning: Disabling timing arc between pins 'Q' and 'QN' on cell 'rf_reg[21][6]'
         to break a timing loop. (OPT-314)
Warning: Disabling timing arc between pins 'Q' and 'QN' on cell 'rf_reg[22][6]'
         to break a timing loop. (OPT-314)
Warning: Disabling timing arc between pins 'Q' and 'QN' on cell 'rf_reg[22][6]'
         to break a timing loop. (OPT-314)
Warning: Disabling timing arc between pins 'Q' and 'QN' on cell 'rf_reg[14][6]'
         to break a timing loop. (OPT-314)
Warning: Disabling timing arc between pins 'Q' and 'QN' on cell 'rf_reg[14][6]'
         to break a timing loop. (OPT-314)
Warning: Disabling timing arc between pins 'Q' and 'QN' on cell 'rf_reg[23][6]'
         to break a timing loop. (OPT-314)
Warning: Disabling timing arc between pins 'Q' and 'QN' on cell 'rf_reg[23][6]'
         to break a timing loop. (OPT-314)
Warning: Disabling timing arc between pins 'Q' and 'QN' on cell 'rf_reg[18][6]'
         to break a timing loop. (OPT-314)
Warning: Disabling timing arc between pins 'Q' and 'QN' on cell 'rf_reg[18][6]'
         to break a timing loop. (OPT-314)
Warning: Disabling timing arc between pins 'Q' and 'QN' on cell 'rf_reg[10][6]'
         to break a timing loop. (OPT-314)
Warning: Disabling timing arc between pins 'Q' and 'QN' on cell 'rf_reg[10][6]'
         to break a timing loop. (OPT-314)
Warning: Disabling timing arc between pins 'Q' and 'QN' on cell 'rf_reg[16][6]'
         to break a timing loop. (OPT-314)
Warning: Disabling timing arc between pins 'Q' and 'QN' on cell 'rf_reg[16][6]'
         to break a timing loop. (OPT-314)
Warning: Disabling timing arc between pins 'Q' and 'QN' on cell 'rf_reg[11][6]'
         to break a timing loop. (OPT-314)
Warning: Disabling timing arc between pins 'Q' and 'QN' on cell 'rf_reg[11][6]'
         to break a timing loop. (OPT-314)
Warning: Disabling timing arc between pins 'Q' and 'QN' on cell 'rf_reg[17][6]'
         to break a timing loop. (OPT-314)
Warning: Disabling timing arc between pins 'Q' and 'QN' on cell 'rf_reg[17][6]'
         to break a timing loop. (OPT-314)
Warning: Disabling timing arc between pins 'Q' and 'QN' on cell 'rf_reg[9][6]'
         to break a timing loop. (OPT-314)
Warning: Disabling timing arc between pins 'Q' and 'QN' on cell 'rf_reg[9][6]'
         to break a timing loop. (OPT-314)
Warning: Disabling timing arc between pins 'Q' and 'QN' on cell 'rf_reg[4][6]'
         to break a timing loop. (OPT-314)
Warning: Disabling timing arc between pins 'Q' and 'QN' on cell 'rf_reg[4][6]'
         to break a timing loop. (OPT-314)
Warning: Disabling timing arc between pins 'Q' and 'QN' on cell 'rf_reg[8][6]'
         to break a timing loop. (OPT-314)
Warning: Disabling timing arc between pins 'Q' and 'QN' on cell 'rf_reg[8][6]'
         to break a timing loop. (OPT-314)
Warning: Disabling timing arc between pins 'Q' and 'QN' on cell 'rf_reg[1][6]'
         to break a timing loop. (OPT-314)
Warning: Disabling timing arc between pins 'Q' and 'QN' on cell 'rf_reg[1][6]'
         to break a timing loop. (OPT-314)
Warning: Disabling timing arc between pins 'Q' and 'QN' on cell 'rf_reg[19][6]'
         to break a timing loop. (OPT-314)
Warning: Disabling timing arc between pins 'Q' and 'QN' on cell 'rf_reg[19][6]'
         to break a timing loop. (OPT-314)
Warning: Disabling timing arc between pins 'Q' and 'QN' on cell 'rf_reg[28][6]'
         to break a timing loop. (OPT-314)
Warning: Disabling timing arc between pins 'Q' and 'QN' on cell 'rf_reg[28][6]'
         to break a timing loop. (OPT-314)
Warning: Disabling timing arc between pins 'Q' and 'QN' on cell 'rf_reg[29][6]'
         to break a timing loop. (OPT-314)
Warning: Disabling timing arc between pins 'Q' and 'QN' on cell 'rf_reg[29][6]'
         to break a timing loop. (OPT-314)
Warning: Disabling timing arc between pins 'Q' and 'QN' on cell 'rf_reg[30][6]'
         to break a timing loop. (OPT-314)
Warning: Disabling timing arc between pins 'Q' and 'QN' on cell 'rf_reg[30][6]'
         to break a timing loop. (OPT-314)
Warning: Disabling timing arc between pins 'Q' and 'QN' on cell 'rf_reg[31][6]'
         to break a timing loop. (OPT-314)
Warning: Disabling timing arc between pins 'Q' and 'QN' on cell 'rf_reg[31][6]'
         to break a timing loop. (OPT-314)
Warning: Disabling timing arc between pins 'Q' and 'QN' on cell 'rf_reg[2][6]'
         to break a timing loop. (OPT-314)
Warning: Disabling timing arc between pins 'Q' and 'QN' on cell 'rf_reg[2][6]'
         to break a timing loop. (OPT-314)
Warning: Disabling timing arc between pins 'Q' and 'QN' on cell 'rf_reg[27][6]'
         to break a timing loop. (OPT-314)
Warning: Disabling timing arc between pins 'Q' and 'QN' on cell 'rf_reg[27][6]'
         to break a timing loop. (OPT-314)
Warning: Disabling timing arc between pins 'Q' and 'QN' on cell 'rf_reg[24][6]'
         to break a timing loop. (OPT-314)
Warning: Disabling timing arc between pins 'Q' and 'QN' on cell 'rf_reg[24][6]'
         to break a timing loop. (OPT-314)
Warning: Disabling timing arc between pins 'Q' and 'QN' on cell 'rf_reg[15][6]'
         to break a timing loop. (OPT-314)
Warning: Disabling timing arc between pins 'Q' and 'QN' on cell 'rf_reg[15][6]'
         to break a timing loop. (OPT-314)
Warning: Disabling timing arc between pins 'Q' and 'QN' on cell 'rf_reg[13][6]'
         to break a timing loop. (OPT-314)
Warning: Disabling timing arc between pins 'Q' and 'QN' on cell 'rf_reg[13][6]'
         to break a timing loop. (OPT-314)
Warning: Disabling timing arc between pins 'Q' and 'QN' on cell 'rf_reg[26][6]'
         to break a timing loop. (OPT-314)
Warning: Disabling timing arc between pins 'Q' and 'QN' on cell 'rf_reg[26][6]'
         to break a timing loop. (OPT-314)
Warning: Disabling timing arc between pins 'Q' and 'QN' on cell 'rf_reg[3][6]'
         to break a timing loop. (OPT-314)
Warning: Disabling timing arc between pins 'Q' and 'QN' on cell 'rf_reg[3][6]'
         to break a timing loop. (OPT-314)
Warning: Disabling timing arc between pins 'Q' and 'QN' on cell 'q_reg[4]1'
         to break a timing loop. (OPT-314)
Warning: Disabling timing arc between pins 'Q' and 'QN' on cell 'q_reg[4]1'
         to break a timing loop. (OPT-314)
Warning: Disabling timing arc between pins 'Q' and 'QN' on cell 'q_reg[3]1'
         to break a timing loop. (OPT-314)
Warning: Disabling timing arc between pins 'Q' and 'QN' on cell 'q_reg[3]1'
         to break a timing loop. (OPT-314)
Warning: Disabling timing arc between pins 'Q' and 'QN' on cell 'q_reg[2]1'
         to break a timing loop. (OPT-314)
Warning: Disabling timing arc between pins 'Q' and 'QN' on cell 'q_reg[2]1'
         to break a timing loop. (OPT-314)
Warning: Disabling timing arc between pins 'Q' and 'QN' on cell 'q_reg[1]6'
         to break a timing loop. (OPT-314)
Warning: Disabling timing arc between pins 'Q' and 'QN' on cell 'q_reg[1]6'
         to break a timing loop. (OPT-314)
Warning: Disabling timing arc between pins 'Q' and 'QN' on cell 'rf_reg[12][1]'
         to break a timing loop. (OPT-314)
Warning: Disabling timing arc between pins 'Q' and 'QN' on cell 'rf_reg[12][1]'
         to break a timing loop. (OPT-314)
Warning: Disabling timing arc between pins 'Q' and 'QN' on cell 'rf_reg[25][1]'
         to break a timing loop. (OPT-314)
Warning: Disabling timing arc between pins 'Q' and 'QN' on cell 'rf_reg[25][1]'
         to break a timing loop. (OPT-314)
Warning: Disabling timing arc between pins 'Q' and 'QN' on cell 'rf_reg[20][1]'
         to break a timing loop. (OPT-314)
Warning: Disabling timing arc between pins 'Q' and 'QN' on cell 'rf_reg[20][1]'
         to break a timing loop. (OPT-314)
Warning: Disabling timing arc between pins 'Q' and 'QN' on cell 'rf_reg[5][1]'
         to break a timing loop. (OPT-314)
Warning: Disabling timing arc between pins 'Q' and 'QN' on cell 'rf_reg[5][1]'
         to break a timing loop. (OPT-314)
Warning: Disabling timing arc between pins 'Q' and 'QN' on cell 'rf_reg[6][1]'
         to break a timing loop. (OPT-314)
Warning: Disabling timing arc between pins 'Q' and 'QN' on cell 'rf_reg[6][1]'
         to break a timing loop. (OPT-314)
Warning: Disabling timing arc between pins 'Q' and 'QN' on cell 'rf_reg[7][1]'
         to break a timing loop. (OPT-314)
Warning: Disabling timing arc between pins 'Q' and 'QN' on cell 'rf_reg[7][1]'
         to break a timing loop. (OPT-314)
Warning: Disabling timing arc between pins 'Q' and 'QN' on cell 'rf_reg[21][1]'
         to break a timing loop. (OPT-314)
Warning: Disabling timing arc between pins 'Q' and 'QN' on cell 'rf_reg[21][1]'
         to break a timing loop. (OPT-314)
Warning: Disabling timing arc between pins 'Q' and 'QN' on cell 'rf_reg[22][1]'
         to break a timing loop. (OPT-314)
Warning: Disabling timing arc between pins 'Q' and 'QN' on cell 'rf_reg[22][1]'
         to break a timing loop. (OPT-314)
Warning: Disabling timing arc between pins 'Q' and 'QN' on cell 'rf_reg[14][1]'
         to break a timing loop. (OPT-314)
Warning: Disabling timing arc between pins 'Q' and 'QN' on cell 'rf_reg[14][1]'
         to break a timing loop. (OPT-314)
Warning: Disabling timing arc between pins 'Q' and 'QN' on cell 'rf_reg[23][1]'
         to break a timing loop. (OPT-314)
Warning: Disabling timing arc between pins 'Q' and 'QN' on cell 'rf_reg[23][1]'
         to break a timing loop. (OPT-314)
Warning: Disabling timing arc between pins 'Q' and 'QN' on cell 'rf_reg[18][1]'
         to break a timing loop. (OPT-314)
Warning: Disabling timing arc between pins 'Q' and 'QN' on cell 'rf_reg[18][1]'
         to break a timing loop. (OPT-314)
Warning: Disabling timing arc between pins 'Q' and 'QN' on cell 'rf_reg[10][1]'
         to break a timing loop. (OPT-314)
Warning: Disabling timing arc between pins 'Q' and 'QN' on cell 'rf_reg[10][1]'
         to break a timing loop. (OPT-314)
Warning: Disabling timing arc between pins 'Q' and 'QN' on cell 'rf_reg[16][1]'
         to break a timing loop. (OPT-314)
Warning: Disabling timing arc between pins 'Q' and 'QN' on cell 'rf_reg[16][1]'
         to break a timing loop. (OPT-314)
Warning: Disabling timing arc between pins 'Q' and 'QN' on cell 'rf_reg[11][1]'
         to break a timing loop. (OPT-314)
Warning: Disabling timing arc between pins 'Q' and 'QN' on cell 'rf_reg[11][1]'
         to break a timing loop. (OPT-314)
Warning: Disabling timing arc between pins 'Q' and 'QN' on cell 'rf_reg[17][1]'
         to break a timing loop. (OPT-314)
Warning: Disabling timing arc between pins 'Q' and 'QN' on cell 'rf_reg[17][1]'
         to break a timing loop. (OPT-314)
Warning: Disabling timing arc between pins 'Q' and 'QN' on cell 'rf_reg[9][1]'
         to break a timing loop. (OPT-314)
Warning: Disabling timing arc between pins 'Q' and 'QN' on cell 'rf_reg[9][1]'
         to break a timing loop. (OPT-314)
Warning: Disabling timing arc between pins 'Q' and 'QN' on cell 'rf_reg[4][1]'
         to break a timing loop. (OPT-314)
Warning: Disabling timing arc between pins 'Q' and 'QN' on cell 'rf_reg[4][1]'
         to break a timing loop. (OPT-314)
Warning: Disabling timing arc between pins 'Q' and 'QN' on cell 'rf_reg[8][1]'
         to break a timing loop. (OPT-314)
Warning: Disabling timing arc between pins 'Q' and 'QN' on cell 'rf_reg[8][1]'
         to break a timing loop. (OPT-314)
Warning: Disabling timing arc between pins 'Q' and 'QN' on cell 'rf_reg[1][1]'
         to break a timing loop. (OPT-314)
Warning: Disabling timing arc between pins 'Q' and 'QN' on cell 'rf_reg[1][1]'
         to break a timing loop. (OPT-314)
Warning: Disabling timing arc between pins 'Q' and 'QN' on cell 'rf_reg[19][1]'
         to break a timing loop. (OPT-314)
Warning: Disabling timing arc between pins 'Q' and 'QN' on cell 'rf_reg[19][1]'
         to break a timing loop. (OPT-314)
Warning: Disabling timing arc between pins 'Q' and 'QN' on cell 'rf_reg[28][1]'
         to break a timing loop. (OPT-314)
Warning: Disabling timing arc between pins 'Q' and 'QN' on cell 'rf_reg[28][1]'
         to break a timing loop. (OPT-314)
Warning: Disabling timing arc between pins 'Q' and 'QN' on cell 'rf_reg[29][1]'
         to break a timing loop. (OPT-314)
Warning: Disabling timing arc between pins 'Q' and 'QN' on cell 'rf_reg[29][1]'
         to break a timing loop. (OPT-314)
Warning: Disabling timing arc between pins 'Q' and 'QN' on cell 'rf_reg[30][1]'
         to break a timing loop. (OPT-314)
Warning: Disabling timing arc between pins 'Q' and 'QN' on cell 'rf_reg[30][1]'
         to break a timing loop. (OPT-314)
Warning: Disabling timing arc between pins 'Q' and 'QN' on cell 'rf_reg[31][1]'
         to break a timing loop. (OPT-314)
Warning: Disabling timing arc between pins 'Q' and 'QN' on cell 'rf_reg[31][1]'
         to break a timing loop. (OPT-314)
Warning: Disabling timing arc between pins 'Q' and 'QN' on cell 'rf_reg[2][1]'
         to break a timing loop. (OPT-314)
Warning: Disabling timing arc between pins 'Q' and 'QN' on cell 'rf_reg[2][1]'
         to break a timing loop. (OPT-314)
Warning: Disabling timing arc between pins 'Q' and 'QN' on cell 'rf_reg[27][1]'
         to break a timing loop. (OPT-314)
Warning: Disabling timing arc between pins 'Q' and 'QN' on cell 'rf_reg[27][1]'
         to break a timing loop. (OPT-314)
Warning: Disabling timing arc between pins 'Q' and 'QN' on cell 'rf_reg[24][1]'
         to break a timing loop. (OPT-314)
Warning: Disabling timing arc between pins 'Q' and 'QN' on cell 'rf_reg[24][1]'
         to break a timing loop. (OPT-314)
Warning: Disabling timing arc between pins 'Q' and 'QN' on cell 'rf_reg[15][1]'
         to break a timing loop. (OPT-314)
Warning: Disabling timing arc between pins 'Q' and 'QN' on cell 'rf_reg[15][1]'
         to break a timing loop. (OPT-314)
Warning: Disabling timing arc between pins 'Q' and 'QN' on cell 'rf_reg[13][1]'
         to break a timing loop. (OPT-314)
Warning: Disabling timing arc between pins 'Q' and 'QN' on cell 'rf_reg[13][1]'
         to break a timing loop. (OPT-314)
Warning: Disabling timing arc between pins 'Q' and 'QN' on cell 'rf_reg[26][1]'
         to break a timing loop. (OPT-314)
Warning: Disabling timing arc between pins 'Q' and 'QN' on cell 'rf_reg[26][1]'
         to break a timing loop. (OPT-314)
Warning: Disabling timing arc between pins 'Q' and 'QN' on cell 'rf_reg[3][1]'
         to break a timing loop. (OPT-314)
Warning: Disabling timing arc between pins 'Q' and 'QN' on cell 'rf_reg[3][1]'
         to break a timing loop. (OPT-314)
Warning: Disabling timing arc between pins 'Q' and 'QN' on cell 'q_reg[5]5'
         to break a timing loop. (OPT-314)
Warning: Disabling timing arc between pins 'Q' and 'QN' on cell 'q_reg[5]5'
         to break a timing loop. (OPT-314)
Warning: Disabling timing arc between pins 'Q' and 'QN' on cell 'rf_reg[12][5]'
         to break a timing loop. (OPT-314)
Warning: Disabling timing arc between pins 'Q' and 'QN' on cell 'rf_reg[12][5]'
         to break a timing loop. (OPT-314)
Warning: Disabling timing arc between pins 'Q' and 'QN' on cell 'rf_reg[25][5]'
         to break a timing loop. (OPT-314)
Warning: Disabling timing arc between pins 'Q' and 'QN' on cell 'rf_reg[25][5]'
         to break a timing loop. (OPT-314)
Warning: Disabling timing arc between pins 'Q' and 'QN' on cell 'rf_reg[20][5]'
         to break a timing loop. (OPT-314)
Warning: Disabling timing arc between pins 'Q' and 'QN' on cell 'rf_reg[20][5]'
         to break a timing loop. (OPT-314)
Warning: Disabling timing arc between pins 'Q' and 'QN' on cell 'rf_reg[5][5]'
         to break a timing loop. (OPT-314)
Warning: Disabling timing arc between pins 'Q' and 'QN' on cell 'rf_reg[5][5]'
         to break a timing loop. (OPT-314)
Warning: Disabling timing arc between pins 'Q' and 'QN' on cell 'rf_reg[6][5]'
         to break a timing loop. (OPT-314)
Warning: Disabling timing arc between pins 'Q' and 'QN' on cell 'rf_reg[6][5]'
         to break a timing loop. (OPT-314)
Warning: Disabling timing arc between pins 'Q' and 'QN' on cell 'rf_reg[7][5]'
         to break a timing loop. (OPT-314)
Warning: Disabling timing arc between pins 'Q' and 'QN' on cell 'rf_reg[7][5]'
         to break a timing loop. (OPT-314)
Warning: Disabling timing arc between pins 'Q' and 'QN' on cell 'rf_reg[21][5]'
         to break a timing loop. (OPT-314)
Warning: Disabling timing arc between pins 'Q' and 'QN' on cell 'rf_reg[21][5]'
         to break a timing loop. (OPT-314)
Warning: Disabling timing arc between pins 'Q' and 'QN' on cell 'rf_reg[22][5]'
         to break a timing loop. (OPT-314)
Warning: Disabling timing arc between pins 'Q' and 'QN' on cell 'rf_reg[22][5]'
         to break a timing loop. (OPT-314)
Warning: Disabling timing arc between pins 'Q' and 'QN' on cell 'rf_reg[14][5]'
         to break a timing loop. (OPT-314)
Warning: Disabling timing arc between pins 'Q' and 'QN' on cell 'rf_reg[14][5]'
         to break a timing loop. (OPT-314)
Warning: Disabling timing arc between pins 'Q' and 'QN' on cell 'rf_reg[23][5]'
         to break a timing loop. (OPT-314)
Warning: Disabling timing arc between pins 'Q' and 'QN' on cell 'rf_reg[23][5]'
         to break a timing loop. (OPT-314)
Warning: Disabling timing arc between pins 'Q' and 'QN' on cell 'rf_reg[18][5]'
         to break a timing loop. (OPT-314)
Warning: Disabling timing arc between pins 'Q' and 'QN' on cell 'rf_reg[18][5]'
         to break a timing loop. (OPT-314)
Warning: Disabling timing arc between pins 'Q' and 'QN' on cell 'rf_reg[10][5]'
         to break a timing loop. (OPT-314)
Warning: Disabling timing arc between pins 'Q' and 'QN' on cell 'rf_reg[10][5]'
         to break a timing loop. (OPT-314)
Warning: Disabling timing arc between pins 'Q' and 'QN' on cell 'rf_reg[16][5]'
         to break a timing loop. (OPT-314)
Warning: Disabling timing arc between pins 'Q' and 'QN' on cell 'rf_reg[16][5]'
         to break a timing loop. (OPT-314)
Warning: Disabling timing arc between pins 'Q' and 'QN' on cell 'rf_reg[11][5]'
         to break a timing loop. (OPT-314)
Warning: Disabling timing arc between pins 'Q' and 'QN' on cell 'rf_reg[11][5]'
         to break a timing loop. (OPT-314)
Warning: Disabling timing arc between pins 'Q' and 'QN' on cell 'rf_reg[17][5]'
         to break a timing loop. (OPT-314)
Warning: Disabling timing arc between pins 'Q' and 'QN' on cell 'rf_reg[17][5]'
         to break a timing loop. (OPT-314)
Warning: Disabling timing arc between pins 'Q' and 'QN' on cell 'rf_reg[9][5]'
         to break a timing loop. (OPT-314)
Warning: Disabling timing arc between pins 'Q' and 'QN' on cell 'rf_reg[9][5]'
         to break a timing loop. (OPT-314)
Warning: Disabling timing arc between pins 'Q' and 'QN' on cell 'rf_reg[4][5]'
         to break a timing loop. (OPT-314)
Warning: Disabling timing arc between pins 'Q' and 'QN' on cell 'rf_reg[4][5]'
         to break a timing loop. (OPT-314)
Warning: Disabling timing arc between pins 'Q' and 'QN' on cell 'rf_reg[8][5]'
         to break a timing loop. (OPT-314)
Warning: Disabling timing arc between pins 'Q' and 'QN' on cell 'rf_reg[8][5]'
         to break a timing loop. (OPT-314)
Warning: Disabling timing arc between pins 'Q' and 'QN' on cell 'rf_reg[1][5]'
         to break a timing loop. (OPT-314)
Warning: Disabling timing arc between pins 'Q' and 'QN' on cell 'rf_reg[1][5]'
         to break a timing loop. (OPT-314)
Warning: Disabling timing arc between pins 'Q' and 'QN' on cell 'rf_reg[19][5]'
         to break a timing loop. (OPT-314)
Warning: Disabling timing arc between pins 'Q' and 'QN' on cell 'rf_reg[19][5]'
         to break a timing loop. (OPT-314)
Warning: Disabling timing arc between pins 'Q' and 'QN' on cell 'rf_reg[28][5]'
         to break a timing loop. (OPT-314)
Warning: Disabling timing arc between pins 'Q' and 'QN' on cell 'rf_reg[28][5]'
         to break a timing loop. (OPT-314)
Warning: Disabling timing arc between pins 'Q' and 'QN' on cell 'rf_reg[29][5]'
         to break a timing loop. (OPT-314)
Warning: Disabling timing arc between pins 'Q' and 'QN' on cell 'rf_reg[29][5]'
         to break a timing loop. (OPT-314)
Warning: Disabling timing arc between pins 'Q' and 'QN' on cell 'rf_reg[30][5]'
         to break a timing loop. (OPT-314)
Warning: Disabling timing arc between pins 'Q' and 'QN' on cell 'rf_reg[30][5]'
         to break a timing loop. (OPT-314)
Warning: Disabling timing arc between pins 'Q' and 'QN' on cell 'rf_reg[31][5]'
         to break a timing loop. (OPT-314)
Warning: Disabling timing arc between pins 'Q' and 'QN' on cell 'rf_reg[31][5]'
         to break a timing loop. (OPT-314)
Warning: Disabling timing arc between pins 'Q' and 'QN' on cell 'rf_reg[2][5]'
         to break a timing loop. (OPT-314)
Warning: Disabling timing arc between pins 'Q' and 'QN' on cell 'rf_reg[2][5]'
         to break a timing loop. (OPT-314)
Warning: Disabling timing arc between pins 'Q' and 'QN' on cell 'rf_reg[27][5]'
         to break a timing loop. (OPT-314)
Warning: Disabling timing arc between pins 'Q' and 'QN' on cell 'rf_reg[27][5]'
         to break a timing loop. (OPT-314)
Warning: Disabling timing arc between pins 'Q' and 'QN' on cell 'rf_reg[24][5]'
         to break a timing loop. (OPT-314)
Warning: Disabling timing arc between pins 'Q' and 'QN' on cell 'rf_reg[24][5]'
         to break a timing loop. (OPT-314)
Warning: Disabling timing arc between pins 'Q' and 'QN' on cell 'rf_reg[15][5]'
         to break a timing loop. (OPT-314)
Warning: Disabling timing arc between pins 'Q' and 'QN' on cell 'rf_reg[15][5]'
         to break a timing loop. (OPT-314)
Warning: Disabling timing arc between pins 'Q' and 'QN' on cell 'rf_reg[13][5]'
         to break a timing loop. (OPT-314)
Warning: Disabling timing arc between pins 'Q' and 'QN' on cell 'rf_reg[13][5]'
         to break a timing loop. (OPT-314)
Warning: Disabling timing arc between pins 'Q' and 'QN' on cell 'rf_reg[26][5]'
         to break a timing loop. (OPT-314)
Warning: Disabling timing arc between pins 'Q' and 'QN' on cell 'rf_reg[26][5]'
         to break a timing loop. (OPT-314)
Warning: Disabling timing arc between pins 'Q' and 'QN' on cell 'rf_reg[3][5]'
         to break a timing loop. (OPT-314)
Warning: Disabling timing arc between pins 'Q' and 'QN' on cell 'rf_reg[3][5]'
         to break a timing loop. (OPT-314)
Warning: Disabling timing arc between pins 'Q' and 'QN' on cell 'q_reg[3]5'
         to break a timing loop. (OPT-314)
Warning: Disabling timing arc between pins 'Q' and 'QN' on cell 'q_reg[3]5'
         to break a timing loop. (OPT-314)
Warning: Disabling timing arc between pins 'Q' and 'QN' on cell 'rf_reg[12][3]'
         to break a timing loop. (OPT-314)
Warning: Disabling timing arc between pins 'Q' and 'QN' on cell 'rf_reg[12][3]'
         to break a timing loop. (OPT-314)
Warning: Disabling timing arc between pins 'Q' and 'QN' on cell 'rf_reg[25][3]'
         to break a timing loop. (OPT-314)
Warning: Disabling timing arc between pins 'Q' and 'QN' on cell 'rf_reg[25][3]'
         to break a timing loop. (OPT-314)
Warning: Disabling timing arc between pins 'Q' and 'QN' on cell 'rf_reg[20][3]'
         to break a timing loop. (OPT-314)
Warning: Disabling timing arc between pins 'Q' and 'QN' on cell 'rf_reg[20][3]'
         to break a timing loop. (OPT-314)
Warning: Disabling timing arc between pins 'Q' and 'QN' on cell 'rf_reg[5][3]'
         to break a timing loop. (OPT-314)
Warning: Disabling timing arc between pins 'Q' and 'QN' on cell 'rf_reg[5][3]'
         to break a timing loop. (OPT-314)
Warning: Disabling timing arc between pins 'Q' and 'QN' on cell 'rf_reg[6][3]'
         to break a timing loop. (OPT-314)
Warning: Disabling timing arc between pins 'Q' and 'QN' on cell 'rf_reg[6][3]'
         to break a timing loop. (OPT-314)
Warning: Disabling timing arc between pins 'Q' and 'QN' on cell 'rf_reg[7][3]'
         to break a timing loop. (OPT-314)
Warning: Disabling timing arc between pins 'Q' and 'QN' on cell 'rf_reg[7][3]'
         to break a timing loop. (OPT-314)
Warning: Disabling timing arc between pins 'Q' and 'QN' on cell 'rf_reg[21][3]'
         to break a timing loop. (OPT-314)
Warning: Disabling timing arc between pins 'Q' and 'QN' on cell 'rf_reg[21][3]'
         to break a timing loop. (OPT-314)
Warning: Disabling timing arc between pins 'Q' and 'QN' on cell 'rf_reg[22][3]'
         to break a timing loop. (OPT-314)
Warning: Disabling timing arc between pins 'Q' and 'QN' on cell 'rf_reg[22][3]'
         to break a timing loop. (OPT-314)
Warning: Disabling timing arc between pins 'Q' and 'QN' on cell 'rf_reg[14][3]'
         to break a timing loop. (OPT-314)
Warning: Disabling timing arc between pins 'Q' and 'QN' on cell 'rf_reg[14][3]'
         to break a timing loop. (OPT-314)
Warning: Disabling timing arc between pins 'Q' and 'QN' on cell 'rf_reg[23][3]'
         to break a timing loop. (OPT-314)
Warning: Disabling timing arc between pins 'Q' and 'QN' on cell 'rf_reg[23][3]'
         to break a timing loop. (OPT-314)
Warning: Disabling timing arc between pins 'Q' and 'QN' on cell 'rf_reg[18][3]'
         to break a timing loop. (OPT-314)
Warning: Disabling timing arc between pins 'Q' and 'QN' on cell 'rf_reg[18][3]'
         to break a timing loop. (OPT-314)
Warning: Disabling timing arc between pins 'Q' and 'QN' on cell 'rf_reg[10][3]'
         to break a timing loop. (OPT-314)
Warning: Disabling timing arc between pins 'Q' and 'QN' on cell 'rf_reg[10][3]'
         to break a timing loop. (OPT-314)
Warning: Disabling timing arc between pins 'Q' and 'QN' on cell 'rf_reg[16][3]'
         to break a timing loop. (OPT-314)
Warning: Disabling timing arc between pins 'Q' and 'QN' on cell 'rf_reg[16][3]'
         to break a timing loop. (OPT-314)
Warning: Disabling timing arc between pins 'Q' and 'QN' on cell 'rf_reg[11][3]'
         to break a timing loop. (OPT-314)
Warning: Disabling timing arc between pins 'Q' and 'QN' on cell 'rf_reg[11][3]'
         to break a timing loop. (OPT-314)
Warning: Disabling timing arc between pins 'Q' and 'QN' on cell 'rf_reg[17][3]'
         to break a timing loop. (OPT-314)
Warning: Disabling timing arc between pins 'Q' and 'QN' on cell 'rf_reg[17][3]'
         to break a timing loop. (OPT-314)
Warning: Disabling timing arc between pins 'Q' and 'QN' on cell 'rf_reg[9][3]'
         to break a timing loop. (OPT-314)
Warning: Disabling timing arc between pins 'Q' and 'QN' on cell 'rf_reg[9][3]'
         to break a timing loop. (OPT-314)
Warning: Disabling timing arc between pins 'Q' and 'QN' on cell 'rf_reg[4][3]'
         to break a timing loop. (OPT-314)
Warning: Disabling timing arc between pins 'Q' and 'QN' on cell 'rf_reg[4][3]'
         to break a timing loop. (OPT-314)
Warning: Disabling timing arc between pins 'Q' and 'QN' on cell 'rf_reg[8][3]'
         to break a timing loop. (OPT-314)
Warning: Disabling timing arc between pins 'Q' and 'QN' on cell 'rf_reg[8][3]'
         to break a timing loop. (OPT-314)
Warning: Disabling timing arc between pins 'Q' and 'QN' on cell 'rf_reg[1][3]'
         to break a timing loop. (OPT-314)
Warning: Disabling timing arc between pins 'Q' and 'QN' on cell 'rf_reg[1][3]'
         to break a timing loop. (OPT-314)
Warning: Disabling timing arc between pins 'Q' and 'QN' on cell 'rf_reg[19][3]'
         to break a timing loop. (OPT-314)
Warning: Disabling timing arc between pins 'Q' and 'QN' on cell 'rf_reg[19][3]'
         to break a timing loop. (OPT-314)
Warning: Disabling timing arc between pins 'Q' and 'QN' on cell 'rf_reg[28][3]'
         to break a timing loop. (OPT-314)
Warning: Disabling timing arc between pins 'Q' and 'QN' on cell 'rf_reg[28][3]'
         to break a timing loop. (OPT-314)
Warning: Disabling timing arc between pins 'Q' and 'QN' on cell 'rf_reg[29][3]'
         to break a timing loop. (OPT-314)
Warning: Disabling timing arc between pins 'Q' and 'QN' on cell 'rf_reg[29][3]'
         to break a timing loop. (OPT-314)
Warning: Disabling timing arc between pins 'Q' and 'QN' on cell 'rf_reg[30][3]'
         to break a timing loop. (OPT-314)
Warning: Disabling timing arc between pins 'Q' and 'QN' on cell 'rf_reg[30][3]'
         to break a timing loop. (OPT-314)
Warning: Disabling timing arc between pins 'Q' and 'QN' on cell 'rf_reg[31][3]'
         to break a timing loop. (OPT-314)
Warning: Disabling timing arc between pins 'Q' and 'QN' on cell 'rf_reg[31][3]'
         to break a timing loop. (OPT-314)
Warning: Disabling timing arc between pins 'Q' and 'QN' on cell 'rf_reg[2][3]'
         to break a timing loop. (OPT-314)
Warning: Disabling timing arc between pins 'Q' and 'QN' on cell 'rf_reg[2][3]'
         to break a timing loop. (OPT-314)
Warning: Disabling timing arc between pins 'Q' and 'QN' on cell 'rf_reg[27][3]'
         to break a timing loop. (OPT-314)
Warning: Disabling timing arc between pins 'Q' and 'QN' on cell 'rf_reg[27][3]'
         to break a timing loop. (OPT-314)
Warning: Disabling timing arc between pins 'Q' and 'QN' on cell 'rf_reg[24][3]'
         to break a timing loop. (OPT-314)
Warning: Disabling timing arc between pins 'Q' and 'QN' on cell 'rf_reg[24][3]'
         to break a timing loop. (OPT-314)
Warning: Disabling timing arc between pins 'Q' and 'QN' on cell 'rf_reg[15][3]'
         to break a timing loop. (OPT-314)
Warning: Disabling timing arc between pins 'Q' and 'QN' on cell 'rf_reg[15][3]'
         to break a timing loop. (OPT-314)
Warning: Disabling timing arc between pins 'Q' and 'QN' on cell 'rf_reg[13][3]'
         to break a timing loop. (OPT-314)
Warning: Disabling timing arc between pins 'Q' and 'QN' on cell 'rf_reg[13][3]'
         to break a timing loop. (OPT-314)
Warning: Disabling timing arc between pins 'Q' and 'QN' on cell 'rf_reg[26][3]'
         to break a timing loop. (OPT-314)
Warning: Disabling timing arc between pins 'Q' and 'QN' on cell 'rf_reg[26][3]'
         to break a timing loop. (OPT-314)
Warning: Disabling timing arc between pins 'Q' and 'QN' on cell 'rf_reg[3][3]'
         to break a timing loop. (OPT-314)
Warning: Disabling timing arc between pins 'Q' and 'QN' on cell 'rf_reg[3][3]'
         to break a timing loop. (OPT-314)
Warning: Disabling timing arc between pins 'Q' and 'QN' on cell 'q_reg[9]4'
         to break a timing loop. (OPT-314)
Warning: Disabling timing arc between pins 'Q' and 'QN' on cell 'q_reg[9]4'
         to break a timing loop. (OPT-314)
Warning: Disabling timing arc between pins 'Q' and 'QN' on cell 'rf_reg[20][9]'
         to break a timing loop. (OPT-314)
Warning: Disabling timing arc between pins 'Q' and 'QN' on cell 'rf_reg[20][9]'
         to break a timing loop. (OPT-314)
Warning: Disabling timing arc between pins 'Q' and 'QN' on cell 'rf_reg[5][9]'
         to break a timing loop. (OPT-314)
Warning: Disabling timing arc between pins 'Q' and 'QN' on cell 'rf_reg[5][9]'
         to break a timing loop. (OPT-314)
Warning: Disabling timing arc between pins 'Q' and 'QN' on cell 'rf_reg[6][9]'
         to break a timing loop. (OPT-314)
Warning: Disabling timing arc between pins 'Q' and 'QN' on cell 'rf_reg[6][9]'
         to break a timing loop. (OPT-314)
Warning: Disabling timing arc between pins 'Q' and 'QN' on cell 'rf_reg[7][9]'
         to break a timing loop. (OPT-314)
Warning: Disabling timing arc between pins 'Q' and 'QN' on cell 'rf_reg[7][9]'
         to break a timing loop. (OPT-314)
Warning: Disabling timing arc between pins 'Q' and 'QN' on cell 'rf_reg[21][9]'
         to break a timing loop. (OPT-314)
Warning: Disabling timing arc between pins 'Q' and 'QN' on cell 'rf_reg[21][9]'
         to break a timing loop. (OPT-314)
Warning: Disabling timing arc between pins 'Q' and 'QN' on cell 'rf_reg[22][9]'
         to break a timing loop. (OPT-314)
Warning: Disabling timing arc between pins 'Q' and 'QN' on cell 'rf_reg[22][9]'
         to break a timing loop. (OPT-314)
Warning: Disabling timing arc between pins 'Q' and 'QN' on cell 'rf_reg[14][9]'
         to break a timing loop. (OPT-314)
Warning: Disabling timing arc between pins 'Q' and 'QN' on cell 'rf_reg[14][9]'
         to break a timing loop. (OPT-314)
Warning: Disabling timing arc between pins 'Q' and 'QN' on cell 'rf_reg[23][9]'
         to break a timing loop. (OPT-314)
Warning: Disabling timing arc between pins 'Q' and 'QN' on cell 'rf_reg[23][9]'
         to break a timing loop. (OPT-314)
Warning: Disabling timing arc between pins 'Q' and 'QN' on cell 'rf_reg[18][9]'
         to break a timing loop. (OPT-314)
Warning: Disabling timing arc between pins 'Q' and 'QN' on cell 'rf_reg[18][9]'
         to break a timing loop. (OPT-314)
Warning: Disabling timing arc between pins 'Q' and 'QN' on cell 'rf_reg[10][9]'
         to break a timing loop. (OPT-314)
Warning: Disabling timing arc between pins 'Q' and 'QN' on cell 'rf_reg[10][9]'
         to break a timing loop. (OPT-314)
Warning: Disabling timing arc between pins 'Q' and 'QN' on cell 'rf_reg[16][9]'
         to break a timing loop. (OPT-314)
Warning: Disabling timing arc between pins 'Q' and 'QN' on cell 'rf_reg[16][9]'
         to break a timing loop. (OPT-314)
Warning: Disabling timing arc between pins 'Q' and 'QN' on cell 'rf_reg[11][9]'
         to break a timing loop. (OPT-314)
Warning: Disabling timing arc between pins 'Q' and 'QN' on cell 'rf_reg[11][9]'
         to break a timing loop. (OPT-314)
Warning: Disabling timing arc between pins 'Q' and 'QN' on cell 'rf_reg[17][9]'
         to break a timing loop. (OPT-314)
Warning: Disabling timing arc between pins 'Q' and 'QN' on cell 'rf_reg[17][9]'
         to break a timing loop. (OPT-314)
Warning: Disabling timing arc between pins 'Q' and 'QN' on cell 'rf_reg[9][9]'
         to break a timing loop. (OPT-314)
Warning: Disabling timing arc between pins 'Q' and 'QN' on cell 'rf_reg[9][9]'
         to break a timing loop. (OPT-314)
Warning: Disabling timing arc between pins 'Q' and 'QN' on cell 'rf_reg[4][9]'
         to break a timing loop. (OPT-314)
Warning: Disabling timing arc between pins 'Q' and 'QN' on cell 'rf_reg[4][9]'
         to break a timing loop. (OPT-314)
Warning: Disabling timing arc between pins 'Q' and 'QN' on cell 'rf_reg[8][9]'
         to break a timing loop. (OPT-314)
Warning: Disabling timing arc between pins 'Q' and 'QN' on cell 'rf_reg[8][9]'
         to break a timing loop. (OPT-314)
Warning: Disabling timing arc between pins 'Q' and 'QN' on cell 'rf_reg[1][9]'
         to break a timing loop. (OPT-314)
Warning: Disabling timing arc between pins 'Q' and 'QN' on cell 'rf_reg[1][9]'
         to break a timing loop. (OPT-314)
Warning: Disabling timing arc between pins 'Q' and 'QN' on cell 'rf_reg[19][9]'
         to break a timing loop. (OPT-314)
Warning: Disabling timing arc between pins 'Q' and 'QN' on cell 'rf_reg[19][9]'
         to break a timing loop. (OPT-314)
Warning: Disabling timing arc between pins 'Q' and 'QN' on cell 'rf_reg[28][9]'
         to break a timing loop. (OPT-314)
Warning: Disabling timing arc between pins 'Q' and 'QN' on cell 'rf_reg[28][9]'
         to break a timing loop. (OPT-314)
Warning: Disabling timing arc between pins 'Q' and 'QN' on cell 'rf_reg[29][9]'
         to break a timing loop. (OPT-314)
Warning: Disabling timing arc between pins 'Q' and 'QN' on cell 'rf_reg[29][9]'
         to break a timing loop. (OPT-314)
Warning: Disabling timing arc between pins 'Q' and 'QN' on cell 'rf_reg[30][9]'
         to break a timing loop. (OPT-314)
Warning: Disabling timing arc between pins 'Q' and 'QN' on cell 'rf_reg[30][9]'
         to break a timing loop. (OPT-314)
Warning: Disabling timing arc between pins 'Q' and 'QN' on cell 'rf_reg[31][9]'
         to break a timing loop. (OPT-314)
Warning: Disabling timing arc between pins 'Q' and 'QN' on cell 'rf_reg[31][9]'
         to break a timing loop. (OPT-314)
Warning: Disabling timing arc between pins 'Q' and 'QN' on cell 'rf_reg[2][9]'
         to break a timing loop. (OPT-314)
Warning: Disabling timing arc between pins 'Q' and 'QN' on cell 'rf_reg[2][9]'
         to break a timing loop. (OPT-314)
Warning: Disabling timing arc between pins 'Q' and 'QN' on cell 'rf_reg[27][9]'
         to break a timing loop. (OPT-314)
Warning: Disabling timing arc between pins 'Q' and 'QN' on cell 'rf_reg[27][9]'
         to break a timing loop. (OPT-314)
Warning: Disabling timing arc between pins 'Q' and 'QN' on cell 'rf_reg[24][9]'
         to break a timing loop. (OPT-314)
Warning: Disabling timing arc between pins 'Q' and 'QN' on cell 'rf_reg[24][9]'
         to break a timing loop. (OPT-314)
Warning: Disabling timing arc between pins 'Q' and 'QN' on cell 'rf_reg[15][9]'
         to break a timing loop. (OPT-314)
Warning: Disabling timing arc between pins 'Q' and 'QN' on cell 'rf_reg[15][9]'
         to break a timing loop. (OPT-314)
Warning: Disabling timing arc between pins 'Q' and 'QN' on cell 'rf_reg[13][9]'
         to break a timing loop. (OPT-314)
Warning: Disabling timing arc between pins 'Q' and 'QN' on cell 'rf_reg[13][9]'
         to break a timing loop. (OPT-314)
Warning: Disabling timing arc between pins 'Q' and 'QN' on cell 'rf_reg[26][9]'
         to break a timing loop. (OPT-314)
Warning: Disabling timing arc between pins 'Q' and 'QN' on cell 'rf_reg[26][9]'
         to break a timing loop. (OPT-314)
Warning: Disabling timing arc between pins 'Q' and 'QN' on cell 'rf_reg[3][9]'
         to break a timing loop. (OPT-314)
Warning: Disabling timing arc between pins 'Q' and 'QN' on cell 'rf_reg[3][9]'
         to break a timing loop. (OPT-314)
Warning: Disabling timing arc between pins 'Q' and 'QN' on cell 'rf_reg[12][9]'
         to break a timing loop. (OPT-314)
Warning: Disabling timing arc between pins 'Q' and 'QN' on cell 'rf_reg[12][9]'
         to break a timing loop. (OPT-314)
Warning: Disabling timing arc between pins 'Q' and 'QN' on cell 'rf_reg[25][9]'
         to break a timing loop. (OPT-314)
Warning: Disabling timing arc between pins 'Q' and 'QN' on cell 'rf_reg[25][9]'
         to break a timing loop. (OPT-314)
Warning: Disabling timing arc between pins 'Q' and 'QN' on cell 'q_reg[41]'
         to break a timing loop. (OPT-314)
Warning: Disabling timing arc between pins 'Q' and 'QN' on cell 'q_reg[41]'
         to break a timing loop. (OPT-314)
Warning: Disabling timing arc between pins 'Q' and 'QN' on cell 'q_reg[35]'
         to break a timing loop. (OPT-314)
Warning: Disabling timing arc between pins 'Q' and 'QN' on cell 'q_reg[35]'
         to break a timing loop. (OPT-314)
Warning: Disabling timing arc between pins 'Q' and 'QN' on cell 'q_reg[37]'
         to break a timing loop. (OPT-314)
Warning: Disabling timing arc between pins 'Q' and 'QN' on cell 'q_reg[37]'
         to break a timing loop. (OPT-314)
Warning: Disabling timing arc between pins 'Q' and 'QN' on cell 'q_reg[33]'
         to break a timing loop. (OPT-314)
Warning: Disabling timing arc between pins 'Q' and 'QN' on cell 'q_reg[33]'
         to break a timing loop. (OPT-314)
Warning: Disabling timing arc between pins 'Q' and 'QN' on cell 'q_reg[38]'
         to break a timing loop. (OPT-314)
Warning: Disabling timing arc between pins 'Q' and 'QN' on cell 'q_reg[38]'
         to break a timing loop. (OPT-314)
Warning: Disabling timing arc between pins 'Q' and 'QN' on cell 'q_reg[57]'
         to break a timing loop. (OPT-314)
Warning: Disabling timing arc between pins 'Q' and 'QN' on cell 'q_reg[57]'
         to break a timing loop. (OPT-314)
Warning: Disabling timing arc between pins 'Q' and 'QN' on cell 'q_reg[39]'
         to break a timing loop. (OPT-314)
Warning: Disabling timing arc between pins 'Q' and 'QN' on cell 'q_reg[39]'
         to break a timing loop. (OPT-314)
Warning: Disabling timing arc between pins 'Q' and 'QN' on cell 'q_reg[34]'
         to break a timing loop. (OPT-314)
Warning: Disabling timing arc between pins 'Q' and 'QN' on cell 'q_reg[34]'
         to break a timing loop. (OPT-314)
Warning: Disabling timing arc between pins 'Q' and 'QN' on cell 'q_reg[46]'
         to break a timing loop. (OPT-314)
Warning: Disabling timing arc between pins 'Q' and 'QN' on cell 'q_reg[46]'
         to break a timing loop. (OPT-314)
Warning: Disabling timing arc between pins 'Q' and 'QN' on cell 'q_reg[36]'
         to break a timing loop. (OPT-314)
Warning: Disabling timing arc between pins 'Q' and 'QN' on cell 'q_reg[36]'
         to break a timing loop. (OPT-314)
Warning: Disabling timing arc between pins 'Q' and 'QN' on cell 'q_reg[50]'
         to break a timing loop. (OPT-314)
Warning: Disabling timing arc between pins 'Q' and 'QN' on cell 'q_reg[50]'
         to break a timing loop. (OPT-314)
Warning: Disabling timing arc between pins 'Q' and 'QN' on cell 'q_reg[53]'
         to break a timing loop. (OPT-314)
Warning: Disabling timing arc between pins 'Q' and 'QN' on cell 'q_reg[53]'
         to break a timing loop. (OPT-314)
Warning: Disabling timing arc between pins 'Q' and 'QN' on cell 'q_reg[51]'
         to break a timing loop. (OPT-314)
Warning: Disabling timing arc between pins 'Q' and 'QN' on cell 'q_reg[51]'
         to break a timing loop. (OPT-314)
Warning: Disabling timing arc between pins 'Q' and 'QN' on cell 'q_reg[49]'
         to break a timing loop. (OPT-314)
Warning: Disabling timing arc between pins 'Q' and 'QN' on cell 'q_reg[49]'
         to break a timing loop. (OPT-314)
Warning: Disabling timing arc between pins 'Q' and 'QN' on cell 'q_reg[47]'
         to break a timing loop. (OPT-314)
Warning: Disabling timing arc between pins 'Q' and 'QN' on cell 'q_reg[47]'
         to break a timing loop. (OPT-314)
Warning: Disabling timing arc between pins 'Q' and 'QN' on cell 'q_reg[45]'
         to break a timing loop. (OPT-314)
Warning: Disabling timing arc between pins 'Q' and 'QN' on cell 'q_reg[45]'
         to break a timing loop. (OPT-314)
Warning: Disabling timing arc between pins 'Q' and 'QN' on cell 'q_reg[43]'
         to break a timing loop. (OPT-314)
Warning: Disabling timing arc between pins 'Q' and 'QN' on cell 'q_reg[43]'
         to break a timing loop. (OPT-314)
Warning: Disabling timing arc between pins 'Q' and 'QN' on cell 'q_reg[40]'
         to break a timing loop. (OPT-314)
Warning: Disabling timing arc between pins 'Q' and 'QN' on cell 'q_reg[40]'
         to break a timing loop. (OPT-314)
Warning: Disabling timing arc between pins 'Q' and 'QN' on cell 'q_reg[55]'
         to break a timing loop. (OPT-314)
Warning: Disabling timing arc between pins 'Q' and 'QN' on cell 'q_reg[55]'
         to break a timing loop. (OPT-314)
Warning: Disabling timing arc between pins 'Q' and 'QN' on cell 'q_reg[54]'
         to break a timing loop. (OPT-314)
Warning: Disabling timing arc between pins 'Q' and 'QN' on cell 'q_reg[54]'
         to break a timing loop. (OPT-314)
Warning: Disabling timing arc between pins 'Q' and 'QN' on cell 'q_reg[52]'
         to break a timing loop. (OPT-314)
Warning: Disabling timing arc between pins 'Q' and 'QN' on cell 'q_reg[52]'
         to break a timing loop. (OPT-314)
Warning: Disabling timing arc between pins 'Q' and 'QN' on cell 'q_reg[44]'
         to break a timing loop. (OPT-314)
Warning: Disabling timing arc between pins 'Q' and 'QN' on cell 'q_reg[44]'
         to break a timing loop. (OPT-314)
Warning: Disabling timing arc between pins 'Q' and 'QN' on cell 'q_reg[59]'
         to break a timing loop. (OPT-314)
Warning: Disabling timing arc between pins 'Q' and 'QN' on cell 'q_reg[59]'
         to break a timing loop. (OPT-314)
Warning: Disabling timing arc between pins 'Q' and 'QN' on cell 'q_reg[58]'
         to break a timing loop. (OPT-314)
Warning: Disabling timing arc between pins 'Q' and 'QN' on cell 'q_reg[58]'
         to break a timing loop. (OPT-314)
Warning: Disabling timing arc between pins 'Q' and 'QN' on cell 'q_reg[42]'
         to break a timing loop. (OPT-314)
Warning: Disabling timing arc between pins 'Q' and 'QN' on cell 'q_reg[42]'
         to break a timing loop. (OPT-314)
Warning: Disabling timing arc between pins 'Q' and 'QN' on cell 'q_reg[61]'
         to break a timing loop. (OPT-314)
Warning: Disabling timing arc between pins 'Q' and 'QN' on cell 'q_reg[61]'
         to break a timing loop. (OPT-314)
Warning: Disabling timing arc between pins 'Q' and 'QN' on cell 'q_reg[60]'
         to break a timing loop. (OPT-314)
Warning: Disabling timing arc between pins 'Q' and 'QN' on cell 'q_reg[60]'
         to break a timing loop. (OPT-314)
Warning: Disabling timing arc between pins 'Q' and 'QN' on cell 'q_reg[56]'
         to break a timing loop. (OPT-314)
Warning: Disabling timing arc between pins 'Q' and 'QN' on cell 'q_reg[56]'
         to break a timing loop. (OPT-314)
Warning: Disabling timing arc between pins 'Q' and 'QN' on cell 'q_reg[48]'
         to break a timing loop. (OPT-314)
Warning: Disabling timing arc between pins 'Q' and 'QN' on cell 'q_reg[48]'
         to break a timing loop. (OPT-314)
Warning: Disabling timing arc between pins 'Q' and 'QN' on cell 'q_reg[32]'
         to break a timing loop. (OPT-314)
Warning: Disabling timing arc between pins 'Q' and 'QN' on cell 'q_reg[32]'
         to break a timing loop. (OPT-314)
Warning: Disabling timing arc between pins 'Q' and 'QN' on cell 'q_reg[62]'
         to break a timing loop. (OPT-314)
Warning: Disabling timing arc between pins 'Q' and 'QN' on cell 'q_reg[62]'
         to break a timing loop. (OPT-314)
 
****************************************
Report : constraint
        -all_violators
Design : riscv
Version: V-2023.12-SP3
Date   : Fri May 23 09:01:15 2025
****************************************


   max_delay/setup ('clk' group)

                             Required        Actual
   Endpoint                 Path Delay     Path Delay        Slack
   -----------------------------------------------------------------
   q_reg[56]1/D             0.970954       2.914440 r     -1.943486 (VIOLATED)
   q_reg[14]/D              0.969580       2.911048 r     -1.941468 (VIOLATED)
   q_reg[15]/D              0.969580       2.911048 r     -1.941468 (VIOLATED)
   q_reg[36]1/D             0.972084       2.912780 r     -1.940696 (VIOLATED)
   q_reg[6]/D               0.967501       2.908031 r     -1.940530 (VIOLATED)
   q_reg[5]2/D              0.969592       2.909197 r     -1.939605 (VIOLATED)
   q_reg[9]1/D              0.969703       2.909197 r     -1.939494 (VIOLATED)
   q_reg[11]1/D             0.969703       2.909197 r     -1.939494 (VIOLATED)
   q_reg[25]/D              0.969743       2.909197 r     -1.939454 (VIOLATED)
   q_reg[27]/D              0.969743       2.909197 r     -1.939454 (VIOLATED)
   q_reg[33]/D              0.971273       2.910727 r     -1.939454 (VIOLATED)
   q_reg[1]4/D              0.971356       2.910727 r     -1.939371 (VIOLATED)
   q_reg[10]1/D             0.971356       2.910727 r     -1.939371 (VIOLATED)
   q_reg[10]2/D             0.971356       2.910727 r     -1.939371 (VIOLATED)
   q_reg[80]1/D             0.973061       2.912283 r     -1.939222 (VIOLATED)
   q_reg[84]1/D             0.973061       2.912283 r     -1.939222 (VIOLATED)
   q_reg[12]3/D             0.972840       2.911494 r     -1.938654 (VIOLATED)
   q_reg[13]3/D             0.972840       2.911494 r     -1.938654 (VIOLATED)
   q_reg[15]3/D             0.972840       2.911494 r     -1.938654 (VIOLATED)
   q_reg[17]2/D             0.973072       2.910941 r     -1.937869 (VIOLATED)
   q_reg[26]/D              0.969335       2.907074 r     -1.937738 (VIOLATED)
   q_reg[12]1/D             0.969359       2.907074 r     -1.937715 (VIOLATED)
   q_reg[16]/D              0.969633       2.907074 r     -1.937441 (VIOLATED)
   q_reg[7]2/D              0.969743       2.907074 r     -1.937331 (VIOLATED)
   q_reg[17]/D              0.969743       2.907074 r     -1.937331 (VIOLATED)
   q_reg[20]/D              0.969748       2.907074 r     -1.937326 (VIOLATED)
   q_reg[62]1/D             0.971901       2.908970 r     -1.937069 (VIOLATED)
   q_reg[99]/D              0.973069       2.910126 r     -1.937057 (VIOLATED)
   q_reg[79]1/D             0.973072       2.910126 r     -1.937054 (VIOLATED)
   q_reg[43]/D              0.971114       2.908137 r     -1.937023 (VIOLATED)
   q_reg[49]/D              0.971114       2.908000 r     -1.936886 (VIOLATED)
   q_reg[59]/D              0.971114       2.908000 r     -1.936886 (VIOLATED)
   q_reg[34]1/D             0.972536       2.909324 r     -1.936788 (VIOLATED)
   q_reg[7]/D               0.967506       2.903540 r     -1.936034 (VIOLATED)
   q_reg[4]/D               0.970453       2.906250 r     -1.935797 (VIOLATED)
   q_reg[68]/D              0.971283       2.906952 r     -1.935669 (VIOLATED)
   q_reg[16]2/D             0.972256       2.907432 r     -1.935176 (VIOLATED)
   q_reg[20]2/D             0.972256       2.907432 r     -1.935176 (VIOLATED)
   q_reg[24]2/D             0.972256       2.907432 r     -1.935176 (VIOLATED)
   q_reg[85]1/D             0.972256       2.907432 r     -1.935176 (VIOLATED)
   q_reg[100]/D             0.972256       2.907432 r     -1.935176 (VIOLATED)
   q_reg[107]/D             0.972256       2.907432 r     -1.935176 (VIOLATED)
   q_reg[35]1/D             0.971401       2.906520 r     -1.935120 (VIOLATED)
   q_reg[48]1/D             0.966065       2.901065 r     -1.935000 (VIOLATED)
   q_reg[5]3/D              0.971233       2.906087 r     -1.934855 (VIOLATED)
   q_reg[11]2/D             0.971233       2.906087 r     -1.934855 (VIOLATED)
   q_reg[9]2/D              0.971359       2.906087 r     -1.934729 (VIOLATED)
   q_reg[25]1/D             0.971359       2.906087 r     -1.934729 (VIOLATED)
   q_reg[27]1/D             0.971359       2.906087 r     -1.934729 (VIOLATED)
   q_reg[33]1/D             0.972084       2.906426 r     -1.934341 (VIOLATED)
   q_reg[10]3/D             0.972841       2.906238 r     -1.933397 (VIOLATED)
   q_reg[101]/D             0.972841       2.906238 r     -1.933397 (VIOLATED)
   q_reg[17]1/D             0.971233       2.903972 r     -1.932739 (VIOLATED)
   q_reg[20]1/D             0.971233       2.903972 r     -1.932739 (VIOLATED)
   q_reg[26]1/D             0.971233       2.903972 r     -1.932739 (VIOLATED)
   q_reg[7]3/D              0.971359       2.903972 r     -1.932613 (VIOLATED)
   q_reg[12]2/D             0.971359       2.903972 r     -1.932613 (VIOLATED)
   q_reg[16]1/D             0.971359       2.903972 r     -1.932613 (VIOLATED)
   q_reg[60]1/D             0.970954       2.902719 r     -1.931765 (VIOLATED)
   q_reg[61]1/D             0.970954       2.902719 r     -1.931765 (VIOLATED)
   q_reg[44]/D              0.971139       2.902863 r     -1.931723 (VIOLATED)
   q_reg[58]/D              0.971139       2.902863 r     -1.931723 (VIOLATED)
   q_reg[8]/D               0.970316       2.901616 r     -1.931300 (VIOLATED)
   q_reg[58]1/D             0.971458       2.902719 r     -1.931261 (VIOLATED)
   q_reg[59]1/D             0.971458       2.902719 r     -1.931261 (VIOLATED)
   q_reg[93]/D              0.971139       2.902176 r     -1.931037 (VIOLATED)
   q_reg[84]/D              0.971273       2.902176 r     -1.930903 (VIOLATED)
   q_reg[50]1/D             0.966065       2.896789 r     -1.930724 (VIOLATED)
   q_reg[37]/D              0.971114       2.901550 r     -1.930436 (VIOLATED)
   q_reg[74]/D              0.971114       2.901550 r     -1.930436 (VIOLATED)
   q_reg[73]/D              0.971139       2.901550 r     -1.930411 (VIOLATED)
   q_reg[90]/D              0.971139       2.901550 r     -1.930411 (VIOLATED)
   q_reg[67]/D              0.971114       2.901522 r     -1.930408 (VIOLATED)
   q_reg[87]/D              0.971240       2.901550 r     -1.930310 (VIOLATED)
   q_reg[3]2/D              0.969703       2.899904 r     -1.930201 (VIOLATED)
   q_reg[6]2/D              0.969359       2.899376 r     -1.930017 (VIOLATED)
   q_reg[8]2/D              0.969359       2.899376 r     -1.930017 (VIOLATED)
   q_reg[15]1/D             0.969359       2.899376 r     -1.930017 (VIOLATED)
   q_reg[143]/D             0.973456       2.903416 r     -1.929960 (VIOLATED)
   q_reg[160]/D             0.973456       2.903416 r     -1.929960 (VIOLATED)
   q_reg[162]/D             0.973456       2.903416 r     -1.929960 (VIOLATED)
   q_reg[173]/D             0.973456       2.903416 r     -1.929960 (VIOLATED)
   q_reg[53]1/D             0.970954       2.900687 r     -1.929732 (VIOLATED)
   q_reg[13]1/D             0.969743       2.899376 r     -1.929633 (VIOLATED)
   q_reg[30]/D              0.969743       2.899376 r     -1.929633 (VIOLATED)
   q_reg[83]1/D             0.967504       2.897124 r     -1.929620 (VIOLATED)
   q_reg[0]5/D              0.967504       2.897124 r     -1.929620 (VIOLATED)
   q_reg[5]4/D              0.967504       2.897124 r     -1.929620 (VIOLATED)
   q_reg[19]2/D             0.972853       2.902268 r     -1.929415 (VIOLATED)
   q_reg[29]2/D             0.972853       2.902268 r     -1.929415 (VIOLATED)
   q_reg[103]/D             0.972853       2.902268 r     -1.929415 (VIOLATED)
   q_reg[110]/D             0.972853       2.902268 r     -1.929415 (VIOLATED)
   q_reg[114]/D             0.973970       2.903233 r     -1.929263 (VIOLATED)
   q_reg[161]/D             0.973970       2.903233 r     -1.929263 (VIOLATED)
   q_reg[32]/D              0.971233       2.899986 r     -1.928753 (VIOLATED)
   q_reg[0]4/D              0.971359       2.899986 r     -1.928627 (VIOLATED)
   q_reg[22]/D              0.969748       2.898245 r     -1.928497 (VIOLATED)
   q_reg[40]/D              0.971114       2.899507 r     -1.928393 (VIOLATED)
   q_reg[11]/D              0.974036       2.902172 r     -1.928136 (VIOLATED)
   q_reg[47]/D              0.971139       2.898972 r     -1.927832 (VIOLATED)
   q_reg[32]1/D             0.974474       2.902088 r     -1.927614 (VIOLATED)
   q_reg[14]1/D             0.969748       2.897316 r     -1.927568 (VIOLATED)
   q_reg[131]/D             0.974142       2.901566 r     -1.927423 (VIOLATED)
   q_reg[159]/D             0.974142       2.901566 r     -1.927423 (VIOLATED)
   q_reg[164]/D             0.974142       2.901566 r     -1.927423 (VIOLATED)
   q_reg[21]2/D             0.973994       2.901182 r     -1.927188 (VIOLATED)
   q_reg[22]2/D             0.973994       2.901182 r     -1.927188 (VIOLATED)
   q_reg[108]/D             0.973994       2.901182 r     -1.927188 (VIOLATED)
   q_reg[112]/D             0.973994       2.901182 r     -1.927188 (VIOLATED)
   q_reg[117]/D             0.973994       2.901182 r     -1.927188 (VIOLATED)
   q_reg[45]1/D             0.967008       2.893924 r     -1.926917 (VIOLATED)
   q_reg[55]1/D             0.970954       2.897833 r     -1.926879 (VIOLATED)
   q_reg[94]/D              0.971359       2.898138 r     -1.926779 (VIOLATED)
   q_reg[93]1/D             0.967504       2.894165 r     -1.926661 (VIOLATED)
   q_reg[3]4/D              0.967504       2.894165 r     -1.926661 (VIOLATED)
   q_reg[23]2/D             0.967504       2.894165 r     -1.926661 (VIOLATED)
   q_reg[25]2/D             0.967504       2.894165 r     -1.926661 (VIOLATED)
   q_reg[129]/D             0.974131       2.900771 r     -1.926639 (VIOLATED)
   q_reg[135]/D             0.974131       2.900771 r     -1.926639 (VIOLATED)
   q_reg[88]1/D             0.967504       2.894102 r     -1.926598 (VIOLATED)
   q_reg[95]1/D             0.967504       2.894102 r     -1.926598 (VIOLATED)
   q_reg[96]/D              0.967504       2.894102 r     -1.926598 (VIOLATED)
   q_reg[1]5/D              0.967504       2.894102 r     -1.926598 (VIOLATED)
   q_reg[2]5/D              0.967504       2.894102 r     -1.926598 (VIOLATED)
   q_reg[28]2/D             0.967504       2.894102 r     -1.926598 (VIOLATED)
   q_reg[4]2/D              0.969703       2.896258 r     -1.926556 (VIOLATED)
   q_reg[18]/D              0.969703       2.896258 r     -1.926556 (VIOLATED)
   q_reg[31]/D              0.969808       2.896322 r     -1.926515 (VIOLATED)
   q_reg[126]/D             0.974154       2.900518 r     -1.926364 (VIOLATED)
   q_reg[133]/D             0.974154       2.900518 r     -1.926364 (VIOLATED)
   q_reg[29]/D              0.969335       2.895357 r     -1.926022 (VIOLATED)
   q_reg[3]3/D              0.971359       2.896862 r     -1.925503 (VIOLATED)
   q_reg[19]/D              0.969743       2.895201 r     -1.925458 (VIOLATED)
   q_reg[8]3/D              0.971233       2.896377 r     -1.925144 (VIOLATED)
   q_reg[47]1/D             0.966065       2.891206 r     -1.925141 (VIOLATED)
   q_reg[49]1/D             0.966065       2.891206 r     -1.925141 (VIOLATED)
   q_reg[30]1/D             0.971273       2.896377 r     -1.925104 (VIOLATED)
   q_reg[6]3/D              0.971359       2.896377 r     -1.925018 (VIOLATED)
   q_reg[13]2/D             0.971359       2.896377 r     -1.925018 (VIOLATED)
   q_reg[15]2/D             0.971359       2.896377 r     -1.925018 (VIOLATED)
   q_reg[120]/D             0.973458       2.898156 r     -1.924698 (VIOLATED)
   q_reg[121]/D             0.973458       2.898156 r     -1.924698 (VIOLATED)
   q_reg[132]/D             0.972722       2.897099 r     -1.924377 (VIOLATED)
   q_reg[136]/D             0.972722       2.897099 r     -1.924377 (VIOLATED)
   q_reg[149]/D             0.972722       2.897099 r     -1.924377 (VIOLATED)
   q_reg[30]2/D             0.972759       2.896974 r     -1.924216 (VIOLATED)
   q_reg[92]1/D             0.972759       2.896974 r     -1.924216 (VIOLATED)
   q_reg[98]/D              0.972759       2.896974 r     -1.924216 (VIOLATED)
   q_reg[27]2/D             0.972759       2.896974 r     -1.924215 (VIOLATED)
   q_reg[94]1/D             0.972759       2.896974 r     -1.924215 (VIOLATED)
   q_reg[106]/D             0.972759       2.896974 r     -1.924215 (VIOLATED)
   q_reg[82]1/D             0.973673       2.897629 r     -1.923956 (VIOLATED)
   q_reg[115]/D             0.973673       2.897629 r     -1.923956 (VIOLATED)
   q_reg[122]/D             0.973673       2.897629 r     -1.923956 (VIOLATED)
   q_reg[148]/D             0.973673       2.897629 r     -1.923956 (VIOLATED)
   q_reg[157]/D             0.973673       2.897629 r     -1.923956 (VIOLATED)
   q_reg[171]/D             0.973673       2.897629 r     -1.923956 (VIOLATED)
   q_reg[22]1/D             0.971359       2.895256 r     -1.923897 (VIOLATED)
   q_reg[44]1/D             0.967008       2.890693 r     -1.923685 (VIOLATED)
   q_reg[28]/D              0.969633       2.893090 r     -1.923458 (VIOLATED)
   q_reg[9]3/D              0.972765       2.896117 r     -1.923352 (VIOLATED)
   q_reg[26]2/D             0.972765       2.896117 r     -1.923352 (VIOLATED)
   q_reg[21]/D              0.969743       2.893090 r     -1.923347 (VIOLATED)
   q_reg[34]/D              0.971114       2.894187 r     -1.923073 (VIOLATED)
   q_reg[14]2/D             0.971233       2.894305 r     -1.923072 (VIOLATED)
   q_reg[48]/D              0.971124       2.893460 r     -1.922336 (VIOLATED)
   q_reg[50]/D              0.971139       2.893460 r     -1.922321 (VIOLATED)
   q_reg[52]1/D             0.971458       2.893447 r     -1.921988 (VIOLATED)
   q_reg[0]3/D              0.971389       2.893338 r     -1.921948 (VIOLATED)
   q_reg[4]3/D              0.971359       2.893252 r     -1.921893 (VIOLATED)
   q_reg[18]1/D             0.971359       2.893252 r     -1.921893 (VIOLATED)
   q_reg[45]/D              0.971124       2.892925 r     -1.921801 (VIOLATED)
   q_reg[41]/D              0.971139       2.892925 r     -1.921786 (VIOLATED)
   q_reg[60]/D              0.971759       2.893460 r     -1.921701 (VIOLATED)
   q_reg[29]1/D             0.971233       2.892369 r     -1.921136 (VIOLATED)
   q_reg[51]/D              0.971124       2.892130 r     -1.921006 (VIOLATED)
   q_reg[19]1/D             0.971359       2.892198 r     -1.920840 (VIOLATED)
   q_reg[31]1/D             0.971359       2.892198 r     -1.920840 (VIOLATED)
   q_reg[51]1/D             0.966065       2.886848 r     -1.920783 (VIOLATED)
   q_reg[168]/D             0.973486       2.894134 r     -1.920648 (VIOLATED)
   q_reg[81]1/D             0.972376       2.892393 r     -1.920017 (VIOLATED)
   q_reg[90]1/D             0.972376       2.892393 r     -1.920017 (VIOLATED)
   q_reg[92]/D              0.971922       2.891889 r     -1.919968 (VIOLATED)
   q_reg[53]/D              0.971114       2.889440 r     -1.918326 (VIOLATED)
   q_reg[24]/D              0.969633       2.887078 r     -1.917446 (VIOLATED)
   q_reg[23]/D              0.969743       2.887078 r     -1.917335 (VIOLATED)
   q_reg[14]3/D             0.972855       2.889645 r     -1.916789 (VIOLATED)
   q_reg[86]1/D             0.972855       2.889645 r     -1.916789 (VIOLATED)
   q_reg[104]/D             0.972855       2.889645 r     -1.916789 (VIOLATED)
   q_reg[105]/D             0.972855       2.889645 r     -1.916789 (VIOLATED)
   q_reg[78]/D              0.971273       2.887987 r     -1.916714 (VIOLATED)
   q_reg[85]/D              0.971273       2.887987 r     -1.916714 (VIOLATED)
   q_reg[36]/D              0.971124       2.886902 r     -1.915778 (VIOLATED)
   q_reg[62]/D              0.971139       2.886902 r     -1.915762 (VIOLATED)
   q_reg[65]/D              0.971139       2.886902 r     -1.915762 (VIOLATED)
   q_reg[70]/D              0.971139       2.886902 r     -1.915762 (VIOLATED)
   q_reg[2]3/D              0.969334       2.884860 r     -1.915527 (VIOLATED)
   q_reg[150]/D             0.973347       2.888638 r     -1.915292 (VIOLATED)
   q_reg[156]/D             0.973347       2.888638 r     -1.915292 (VIOLATED)
   q_reg[163]/D             0.973347       2.888638 r     -1.915292 (VIOLATED)
   q_reg[113]/D             0.973347       2.888638 r     -1.915292 (VIOLATED)
   q_reg[158]/D             0.973347       2.888638 r     -1.915292 (VIOLATED)
   q_reg[165]/D             0.973347       2.888638 r     -1.915292 (VIOLATED)
   q_reg[39]/D              0.971124       2.886361 r     -1.915237 (VIOLATED)
   q_reg[55]/D              0.971139       2.886361 r     -1.915222 (VIOLATED)
   q_reg[69]/D              0.971759       2.886902 r     -1.915143 (VIOLATED)
   q_reg[91]1/D             0.973737       2.888296 r     -1.914559 (VIOLATED)
   q_reg[134]/D             0.973355       2.887809 r     -1.914454 (VIOLATED)
   q_reg[145]/D             0.973355       2.887809 r     -1.914454 (VIOLATED)
   q_reg[169]/D             0.973355       2.887809 r     -1.914454 (VIOLATED)
   q_reg[170]/D             0.973355       2.887809 r     -1.914454 (VIOLATED)
   q_reg[174]/D             0.973355       2.887809 r     -1.914454 (VIOLATED)
   q_reg[56]/D              0.971114       2.884989 r     -1.913875 (VIOLATED)
   q_reg[42]/D              0.971124       2.884989 r     -1.913865 (VIOLATED)
   q_reg[57]1/D             0.972536       2.886046 r     -1.913510 (VIOLATED)
   q_reg[54]/D              0.971124       2.884431 r     -1.913307 (VIOLATED)
   q_reg[38]/D              0.971139       2.884431 r     -1.913292 (VIOLATED)
   q_reg[23]1/D             0.971233       2.884030 r     -1.912797 (VIOLATED)
   q_reg[24]1/D             0.971359       2.884030 r     -1.912672 (VIOLATED)
   q_reg[21]1/D             0.971359       2.883745 r     -1.912387 (VIOLATED)
   q_reg[28]1/D             0.971359       2.883745 r     -1.912387 (VIOLATED)
   q_reg[95]/D              0.971124       2.883485 r     -1.912361 (VIOLATED)
   q_reg[88]/D              0.971273       2.883485 r     -1.912212 (VIOLATED)
   q_reg[80]/D              0.971283       2.883485 r     -1.912202 (VIOLATED)
   q_reg[87]1/D             0.967504       2.879662 r     -1.912158 (VIOLATED)
   q_reg[31]2/D             0.967504       2.879662 r     -1.912158 (VIOLATED)
   q_reg[4]4/D              0.972980       2.884025 r     -1.911044 (VIOLATED)
   q_reg[89]1/D             0.972980       2.884025 r     -1.911044 (VIOLATED)
   q_reg[138]/D             0.973622       2.884063 r     -1.910442 (VIOLATED)
   q_reg[1]3/D              0.971508       2.881894 r     -1.910386 (VIOLATED)
   q_reg[116]/D             0.972871       2.882538 r     -1.909667 (VIOLATED)
   q_reg[146]/D             0.972871       2.882538 r     -1.909667 (VIOLATED)
   q_reg[147]/D             0.972871       2.882538 r     -1.909667 (VIOLATED)
   q_reg[166]/D             0.972871       2.882538 r     -1.909667 (VIOLATED)
   q_reg[18]2/D             0.973060       2.881518 r     -1.908458 (VIOLATED)
   q_reg[109]/D             0.973060       2.881518 r     -1.908458 (VIOLATED)
   q_reg[102]/D             0.972470       2.880660 r     -1.908190 (VIOLATED)
   q_reg[76]/D              0.971139       2.879157 r     -1.908018 (VIOLATED)
   q_reg[111]/D             0.973492       2.881499 r     -1.908007 (VIOLATED)
   q_reg[118]/D             0.973492       2.881499 r     -1.908007 (VIOLATED)
   q_reg[130]/D             0.973492       2.881499 r     -1.908007 (VIOLATED)
   q_reg[140]/D             0.973492       2.881499 r     -1.908007 (VIOLATED)
   q_reg[141]/D             0.973492       2.881499 r     -1.908007 (VIOLATED)
   q_reg[72]/D              0.971922       2.879157 r     -1.907236 (VIOLATED)
   q_reg[6]4/D              0.972976       2.879770 r     -1.906794 (VIOLATED)
   q_reg[7]4/D              0.972976       2.879770 r     -1.906794 (VIOLATED)
   q_reg[119]/D             0.973515       2.879499 r     -1.905984 (VIOLATED)
   q_reg[151]/D             0.973515       2.879499 r     -1.905984 (VIOLATED)
   q_reg[172]/D             0.973515       2.879499 r     -1.905984 (VIOLATED)
   q_reg[57]/D              0.971124       2.877067 r     -1.905943 (VIOLATED)
   q_reg[8]4/D              0.972981       2.878795 r     -1.905815 (VIOLATED)
   q_reg[86]/D              0.971233       2.876192 r     -1.904959 (VIOLATED)
   q_reg[46]/D              0.971114       2.875963 r     -1.904849 (VIOLATED)
   q_reg[77]/D              0.971114       2.875472 r     -1.904358 (VIOLATED)
   q_reg[52]/D              0.971139       2.875472 r     -1.904333 (VIOLATED)
   q_reg[82]/D              0.971273       2.875472 r     -1.904199 (VIOLATED)
   q_reg[66]/D              0.971359       2.875472 r     -1.904113 (VIOLATED)
   q_reg[63]/D              0.971620       2.875472 r     -1.903852 (VIOLATED)
   q_reg[81]/D              0.971273       2.874930 r     -1.903657 (VIOLATED)
   q_reg[91]/D              0.971114       2.873926 r     -1.902812 (VIOLATED)
   q_reg[71]/D              0.971114       2.872923 r     -1.901809 (VIOLATED)
   q_reg[79]/D              0.971273       2.872923 r     -1.901650 (VIOLATED)
   q_reg[83]/D              0.971283       2.872923 r     -1.901640 (VIOLATED)
   q_reg[153]/D             0.973783       2.875329 r     -1.901545 (VIOLATED)
   q_reg[75]/D              0.971759       2.872923 r     -1.901164 (VIOLATED)
   q_reg[142]/D             0.973968       2.872472 r     -1.898504 (VIOLATED)
   q_reg[125]/D             0.972988       2.871176 r     -1.898189 (VIOLATED)
   q_reg[127]/D             0.972988       2.871176 r     -1.898189 (VIOLATED)
   q_reg[144]/D             0.972988       2.871176 r     -1.898189 (VIOLATED)
   q_reg[167]/D             0.972988       2.871176 r     -1.898189 (VIOLATED)
   q_reg[124]/D             0.973772       2.871094 r     -1.897322 (VIOLATED)
   q_reg[54]1/D             0.971804       2.868376 r     -1.896572 (VIOLATED)
   q_reg[123]/D             0.973784       2.870098 r     -1.896314 (VIOLATED)
   q_reg[137]/D             0.973784       2.870098 r     -1.896314 (VIOLATED)
   q_reg[152]/D             0.973785       2.869962 r     -1.896176 (VIOLATED)
   q_reg[154]/D             0.973785       2.869962 r     -1.896176 (VIOLATED)
   q_reg[155]/D             0.973785       2.869962 r     -1.896176 (VIOLATED)
   q_reg[139]/D             0.974271       2.870160 r     -1.895889 (VIOLATED)
   q_reg[35]/D              0.971139       2.865857 r     -1.894718 (VIOLATED)
   q_reg[61]/D              0.971139       2.865857 r     -1.894718 (VIOLATED)
   q_reg[46]1/D             0.967008       2.857537 r     -1.890529 (VIOLATED)
   q_reg[12]/D              0.973453       2.863834 r     -1.890381 (VIOLATED)
   q_reg[43]1/D             0.969153       2.857704 r     -1.888552 (VIOLATED)
   q_reg[128]/D             0.973667       2.860302 r     -1.886635 (VIOLATED)
   q_reg[37]1/D             0.967502       2.850746 r     -1.883244 (VIOLATED)
   q_reg[38]1/D             0.967502       2.850746 r     -1.883244 (VIOLATED)
   q_reg[39]1/D             0.967502       2.850746 r     -1.883244 (VIOLATED)
   q_reg[40]1/D             0.967502       2.850746 r     -1.883244 (VIOLATED)
   q_reg[41]1/D             0.967502       2.850746 r     -1.883244 (VIOLATED)
   q_reg[2]4/D              0.971233       2.852315 r     -1.881082 (VIOLATED)
   q_reg[13]/D              0.944828       2.810874 r     -1.866045 (VIOLATED)
   q_reg[73]1/D             0.966652       2.832121 r     -1.865469 (VIOLATED)
   q_reg[5]/D               0.967008       2.824543 r     -1.857535 (VIOLATED)
   q_reg[65]1/D             0.969845       2.822868 r     -1.853023 (VIOLATED)
   q_reg[70]1/D             0.966406       2.818174 r     -1.851767 (VIOLATED)
   q_reg[66]1/D             0.969910       2.821269 r     -1.851359 (VIOLATED)
   q_reg[68]1/D             0.969853       2.820852 r     -1.850999 (VIOLATED)
   q_reg[75]1/D             0.969471       2.820114 r     -1.850643 (VIOLATED)
   q_reg[67]1/D             0.970812       2.821025 r     -1.850213 (VIOLATED)
   q_reg[72]1/D             0.969812       2.818001 r     -1.848189 (VIOLATED)
   q_reg[77]1/D             0.970040       2.816286 r     -1.846246 (VIOLATED)
   q_reg[3]/D               0.951513       2.796028 r     -1.844515 (VIOLATED)
   q_reg[69]1/D             0.971205       2.814712 r     -1.843506 (VIOLATED)
   q_reg[74]1/D             0.970588       2.811134 r     -1.840546 (VIOLATED)
   q_reg[76]1/D             0.970588       2.811134 r     -1.840546 (VIOLATED)
   q_reg[89]/D              0.971620       2.811752 r     -1.840132 (VIOLATED)
   q_reg[1]/D               0.968634       2.806861 r     -1.838227 (VIOLATED)
   q_reg[78]1/D             0.969869       2.806211 r     -1.836341 (VIOLATED)
   q_reg[0]/D               0.966060       2.801603 r     -1.835543 (VIOLATED)
   q_reg[42]1/D             0.974174       2.806678 r     -1.832504 (VIOLATED)
   q_reg[9]/D               0.966599       2.798553 r     -1.831954 (VIOLATED)
   q_reg[97]/D              0.973024       2.797554 r     -1.824530 (VIOLATED)
   q_reg[71]1/D             0.958724       2.774532 r     -1.815808 (VIOLATED)
   q_reg[10]/D              0.957889       2.772965 r     -1.815077 (VIOLATED)
   q_reg[2]/D               0.966696       2.768948 r     -1.802252 (VIOLATED)
   q_reg[64]1/D             0.970014       2.768726 r     -1.798712 (VIOLATED)
   q_reg[11]3/D             0.967504       2.764808 r     -1.797304 (VIOLATED)
   q_reg[63]1/D             0.970218       2.643559 r     -1.673341 (VIOLATED)
   q_reg[0]6/D              0.966232       2.399220 r     -1.432988 (VIOLATED)
   q_reg[31]3/D             0.966232       2.371631 r     -1.405399 (VIOLATED)
   q_reg[30]3/D             0.966232       2.344057 r     -1.377825 (VIOLATED)
   q_reg[29]3/D             0.966232       2.334741 r     -1.368509 (VIOLATED)
   q_reg[24]3/D             0.966232       2.327576 r     -1.361344 (VIOLATED)
   q_reg[21]3/D             0.966232       2.320435 r     -1.354203 (VIOLATED)
   q_reg[26]3/D             0.966232       2.303041 r     -1.336809 (VIOLATED)
   q_reg[23]3/D             0.966232       2.293830 r     -1.327598 (VIOLATED)
   q_reg[20]3/D             0.966232       2.291862 r     -1.325630 (VIOLATED)
   q_reg[15]4/D             0.966232       2.291531 r     -1.325299 (VIOLATED)
   q_reg[18]3/D             0.966232       2.289582 r     -1.323349 (VIOLATED)
   q_reg[13]4/D             0.966232       2.286333 r     -1.320101 (VIOLATED)
   q_reg[101]1/D            0.970704       2.281890 r     -1.311185 (VIOLATED)
   q_reg[17]3/D             0.966232       2.271037 r     -1.304805 (VIOLATED)
   q_reg[28]3/D             0.966232       2.255575 r     -1.289343 (VIOLATED)
   q_reg[27]3/D             0.966232       2.251510 r     -1.285278 (VIOLATED)
   q_reg[132]1/D            0.970602       2.254231 r     -1.283629 (VIOLATED)
   q_reg[22]3/D             0.966232       2.239818 r     -1.273586 (VIOLATED)
   q_reg[19]3/D             0.966232       2.238148 r     -1.271916 (VIOLATED)
   q_reg[16]3/D             0.966232       2.238065 r     -1.271833 (VIOLATED)
   q_reg[25]3/D             0.966232       2.238000 r     -1.271768 (VIOLATED)
   q_reg[14]4/D             0.966232       2.236082 r     -1.269850 (VIOLATED)
   q_reg[12]4/D             0.966232       2.232465 r     -1.266233 (VIOLATED)
   q_reg[131]1/D            0.970729       2.226743 r     -1.256014 (VIOLATED)
   q_reg[9]4/D              0.966232       2.219003 r     -1.252771 (VIOLATED)
   q_reg[130]1/D            0.970733       2.217431 r     -1.246698 (VIOLATED)
   q_reg[7]5/D              0.966232       2.209882 r     -1.243650 (VIOLATED)
   q_reg[125]1/D            0.967525       2.208061 r     -1.240536 (VIOLATED)
   q_reg[3]5/D              0.966232       2.205929 r     -1.239697 (VIOLATED)
   q_reg[8]5/D              0.966232       2.200513 r     -1.234281 (VIOLATED)
   q_reg[122]1/D            0.970729       2.203121 r     -1.232392 (VIOLATED)
   q_reg[6]5/D              0.966232       2.188980 r     -1.222748 (VIOLATED)
   q_reg[5]5/D              0.966232       2.183664 r     -1.217432 (VIOLATED)
   q_reg[127]1/D            0.970715       2.185718 r     -1.215003 (VIOLATED)
   q_reg[124]1/D            0.967929       2.174593 r     -1.206664 (VIOLATED)
   q_reg[121]1/D            0.970315       2.174264 r     -1.203949 (VIOLATED)
   q_reg[116]1/D            0.970733       2.174220 r     -1.203487 (VIOLATED)
   q_reg[119]1/D            0.970673       2.172230 r     -1.201557 (VIOLATED)
   q_reg[114]1/D            0.970674       2.168982 r     -1.198308 (VIOLATED)
   q_reg[11]4/D             0.966232       2.161421 r     -1.195189 (VIOLATED)
   q_reg[4]5/D              0.966232       2.160190 r     -1.193958 (VIOLATED)
   q_reg[118]1/D            0.970676       2.153687 r     -1.183012 (VIOLATED)
   q_reg[1]6/D              0.966339       2.146591 r     -1.180252 (VIOLATED)
   q_reg[129]1/D            0.968610       2.136806 r     -1.168196 (VIOLATED)
   q_reg[128]1/D            0.967949       2.132287 r     -1.164338 (VIOLATED)
   q_reg[123]1/D            0.968615       2.121052 r     -1.152437 (VIOLATED)
   q_reg[120]1/D            0.968746       2.119472 r     -1.150726 (VIOLATED)
   q_reg[126]1/D            0.968626       2.119241 r     -1.150616 (VIOLATED)
   q_reg[117]1/D            0.970675       2.120715 r     -1.150040 (VIOLATED)
   q_reg[115]1/D            0.970675       2.118732 r     -1.148056 (VIOLATED)
   q_reg[113]1/D            0.970628       2.115082 r     -1.144454 (VIOLATED)
   q_reg[10]4/D             0.966368       2.107064 r     -1.140696 (VIOLATED)
   q_reg[110]1/D            0.968609       2.100233 r     -1.131625 (VIOLATED)
   q_reg[108]1/D            0.970705       2.092552 r     -1.121847 (VIOLATED)
   q_reg[104]1/D            0.970714       2.088605 r     -1.117891 (VIOLATED)
   q_reg[109]1/D            0.970628       2.083130 r     -1.112503 (VIOLATED)
   q_reg[107]1/D            0.970674       2.071629 r     -1.100955 (VIOLATED)
   q_reg[106]1/D            0.970746       2.066363 r     -1.095616 (VIOLATED)
   q_reg[2]6/D              0.966232       2.056047 r     -1.089815 (VIOLATED)
   q_reg[112]1/D            0.964250       2.039656 r     -1.075406 (VIOLATED)
   q_reg[105]1/D            0.970675       2.042840 r     -1.072165 (VIOLATED)
   q_reg[102]1/D            0.965172       2.032020 r     -1.066848 (VIOLATED)
   q_reg[111]1/D            0.964394       1.992038 r     -1.027644 (VIOLATED)
   q_reg[103]1/D            0.961695       1.932527 r     -0.970832 (VIOLATED)
   rf_reg[17][7]/D          0.682825       1.384835 r     -0.702010 (VIOLATED)
   rf_reg[18][7]/D          0.682825       1.384835 r     -0.702010 (VIOLATED)
   rf_reg[12][7]/D          0.682858       1.384835 r     -0.701976 (VIOLATED)
   rf_reg[17][8]/D          0.682825       1.384034 r     -0.701209 (VIOLATED)
   rf_reg[18][8]/D          0.682825       1.384034 r     -0.701209 (VIOLATED)
   rf_reg[12][8]/D          0.682991       1.384034 r     -0.701043 (VIOLATED)
   rf_reg[1][7]/D           0.682298       1.382102 r     -0.699804 (VIOLATED)
   rf_reg[5][7]/D           0.682298       1.382102 r     -0.699804 (VIOLATED)
   rf_reg[20][7]/D          0.682834       1.382106 r     -0.699272 (VIOLATED)
   rf_reg[21][7]/D          0.682834       1.382106 r     -0.699272 (VIOLATED)
   rf_reg[10][7]/D          0.682986       1.382106 r     -0.699120 (VIOLATED)
   rf_reg[25][7]/D          0.682986       1.382106 r     -0.699120 (VIOLATED)
   rf_reg[2][7]/D           0.682986       1.382102 r     -0.699117 (VIOLATED)
   rf_reg[1][8]/D           0.682422       1.381307 r     -0.698885 (VIOLATED)
   rf_reg[5][8]/D           0.682422       1.381307 r     -0.698885 (VIOLATED)
   rf_reg[20][8]/D          0.682834       1.381311 r     -0.698477 (VIOLATED)
   rf_reg[21][8]/D          0.682834       1.381311 r     -0.698477 (VIOLATED)
   rf_reg[10][8]/D          0.682986       1.381311 r     -0.698325 (VIOLATED)
   rf_reg[25][8]/D          0.682986       1.381311 r     -0.698325 (VIOLATED)
   rf_reg[2][8]/D           0.682986       1.381307 r     -0.698321 (VIOLATED)
   rf_reg[13][7]/D          0.682672       1.371758 r     -0.689087 (VIOLATED)
   rf_reg[19][7]/D          0.682825       1.371758 r     -0.688934 (VIOLATED)
   rf_reg[13][8]/D          0.682672       1.370958 r     -0.688286 (VIOLATED)
   rf_reg[19][8]/D          0.682825       1.370958 r     -0.688133 (VIOLATED)
   rf_reg[24][8]/D          0.680931       1.368234 r     -0.687303 (VIOLATED)
   rf_reg[8][8]/D           0.680931       1.368027 r     -0.687096 (VIOLATED)
   rf_reg[3][7]/D           0.682298       1.369026 r     -0.686728 (VIOLATED)
   rf_reg[24][7]/D          0.682430       1.369029 r     -0.686599 (VIOLATED)
   rf_reg[8][7]/D           0.682431       1.368841 r     -0.686410 (VIOLATED)
   rf_reg[9][7]/D           0.682680       1.369029 r     -0.686349 (VIOLATED)
   rf_reg[11][7]/D          0.682680       1.369029 r     -0.686349 (VIOLATED)
   rf_reg[7][7]/D           0.682680       1.369026 r     -0.686346 (VIOLATED)
   rf_reg[23][7]/D          0.682834       1.369029 r     -0.686195 (VIOLATED)
   rf_reg[29][7]/D          0.682834       1.369029 r     -0.686195 (VIOLATED)
   rf_reg[22][7]/D          0.682986       1.369029 r     -0.686044 (VIOLATED)
   rf_reg[26][7]/D          0.682986       1.369029 r     -0.686044 (VIOLATED)
   rf_reg[28][7]/D          0.682986       1.369029 r     -0.686044 (VIOLATED)
   rf_reg[4][7]/D           0.682986       1.369026 r     -0.686040 (VIOLATED)
   rf_reg[6][7]/D           0.682986       1.369026 r     -0.686040 (VIOLATED)
   rf_reg[27][7]/D          0.683000       1.369029 r     -0.686029 (VIOLATED)
   rf_reg[3][8]/D           0.682422       1.368231 r     -0.685808 (VIOLATED)
   rf_reg[9][8]/D           0.682680       1.368234 r     -0.685554 (VIOLATED)
   rf_reg[11][8]/D          0.682680       1.368234 r     -0.685554 (VIOLATED)
   rf_reg[7][8]/D           0.682680       1.368231 r     -0.685551 (VIOLATED)
   rf_reg[23][8]/D          0.682834       1.368234 r     -0.685400 (VIOLATED)
   rf_reg[29][8]/D          0.682834       1.368234 r     -0.685400 (VIOLATED)
   rf_reg[22][8]/D          0.682986       1.368234 r     -0.685248 (VIOLATED)
   rf_reg[26][8]/D          0.682986       1.368234 r     -0.685248 (VIOLATED)
   rf_reg[28][8]/D          0.682986       1.368234 r     -0.685248 (VIOLATED)
   rf_reg[4][8]/D           0.682986       1.368231 r     -0.685245 (VIOLATED)
   rf_reg[6][8]/D           0.682986       1.368231 r     -0.685245 (VIOLATED)
   rf_reg[27][8]/D          0.683000       1.368234 r     -0.685234 (VIOLATED)
   q_reg[85]3/D             0.970629       1.590133 r     -0.619505 (VIOLATED)
   q_reg[86]3/D             0.970629       1.590133 r     -0.619505 (VIOLATED)
   q_reg[87]3/D             0.970629       1.590133 r     -0.619505 (VIOLATED)
   q_reg[88]3/D             0.970629       1.590133 r     -0.619505 (VIOLATED)
   q_reg[89]3/D             0.970629       1.590133 r     -0.619505 (VIOLATED)
   q_reg[90]3/D             0.970629       1.590133 r     -0.619505 (VIOLATED)
   q_reg[91]3/D             0.970629       1.590133 r     -0.619505 (VIOLATED)
   q_reg[92]3/D             0.970629       1.590133 r     -0.619505 (VIOLATED)
   q_reg[93]3/D             0.970629       1.590133 r     -0.619505 (VIOLATED)
   q_reg[94]3/D             0.970629       1.590133 r     -0.619505 (VIOLATED)
   q_reg[95]3/D             0.970629       1.590133 r     -0.619505 (VIOLATED)
   q_reg[96]2/D             0.970629       1.590133 r     -0.619505 (VIOLATED)
   q_reg[97]2/D             0.970629       1.590133 r     -0.619505 (VIOLATED)
   q_reg[98]2/D             0.970629       1.590133 r     -0.619505 (VIOLATED)
   q_reg[99]2/D             0.970629       1.590133 r     -0.619505 (VIOLATED)
   q_reg[100]2/D            0.970629       1.590133 r     -0.619505 (VIOLATED)
   rf_reg[15][13]/D         0.682532       1.294784 r     -0.612251 (VIOLATED)
   rf_reg[15][11]/D         0.682672       1.294778 r     -0.612106 (VIOLATED)
   rf_reg[15][10]/D         0.682858       1.294820 r     -0.611962 (VIOLATED)
   rf_reg[15][12]/D         0.682532       1.294190 r     -0.611658 (VIOLATED)
   rf_reg[16][11]/D         0.680931       1.291861 r     -0.610930 (VIOLATED)
   rf_reg[16][12]/D         0.680931       1.291830 r     -0.610899 (VIOLATED)
   rf_reg[1][10]/D          0.682298       1.292088 r     -0.609790 (VIOLATED)
   rf_reg[1][13]/D          0.682298       1.292051 r     -0.609753 (VIOLATED)
   rf_reg[1][11]/D          0.682298       1.292046 r     -0.609748 (VIOLATED)
   rf_reg[1][12]/D          0.682298       1.292015 r     -0.609717 (VIOLATED)
   rf_reg[16][10]/D         0.682431       1.291903 r     -0.609472 (VIOLATED)
   rf_reg[16][13]/D         0.682431       1.291867 r     -0.609435 (VIOLATED)
   rf_reg[30][10]/D         0.682834       1.292091 r     -0.609257 (VIOLATED)
   rf_reg[31][10]/D         0.682834       1.291939 r     -0.609104 (VIOLATED)
   rf_reg[30][13]/D         0.683000       1.292054 r     -0.609054 (VIOLATED)
   rf_reg[30][11]/D         0.683000       1.292049 r     -0.609048 (VIOLATED)
   rf_reg[30][12]/D         0.683000       1.292018 r     -0.609018 (VIOLATED)
   rf_reg[31][13]/D         0.683001       1.291902 r     -0.608901 (VIOLATED)
   rf_reg[31][11]/D         0.683001       1.291897 r     -0.608895 (VIOLATED)
   rf_reg[31][12]/D         0.683001       1.291866 r     -0.608865 (VIOLATED)
   rf_reg[24][9]/D          0.680931       1.282919 r     -0.601989 (VIOLATED)
   rf_reg[8][9]/D           0.680931       1.282732 r     -0.601801 (VIOLATED)
   rf_reg[16][9]/D          0.680931       1.282732 r     -0.601801 (VIOLATED)
   rf_reg[1][9]/D           0.682298       1.282916 r     -0.600618 (VIOLATED)
   rf_reg[3][9]/D           0.682298       1.282916 r     -0.600618 (VIOLATED)
   rf_reg[5][9]/D           0.682298       1.282916 r     -0.600618 (VIOLATED)
   rf_reg[9][9]/D           0.682680       1.282919 r     -0.600240 (VIOLATED)
   rf_reg[11][9]/D          0.682680       1.282919 r     -0.600240 (VIOLATED)
   rf_reg[7][9]/D           0.682680       1.282916 r     -0.600236 (VIOLATED)
   rf_reg[27][9]/D          0.682834       1.282919 r     -0.600086 (VIOLATED)
   rf_reg[10][9]/D          0.682986       1.282919 r     -0.599934 (VIOLATED)
   rf_reg[22][9]/D          0.682986       1.282919 r     -0.599934 (VIOLATED)
   rf_reg[25][9]/D          0.682986       1.282919 r     -0.599934 (VIOLATED)
   rf_reg[26][9]/D          0.682986       1.282919 r     -0.599934 (VIOLATED)
   rf_reg[28][9]/D          0.682986       1.282919 r     -0.599934 (VIOLATED)
   rf_reg[2][9]/D           0.682986       1.282916 r     -0.599930 (VIOLATED)
   rf_reg[4][9]/D           0.682986       1.282916 r     -0.599930 (VIOLATED)
   rf_reg[6][9]/D           0.682986       1.282916 r     -0.599930 (VIOLATED)
   rf_reg[20][9]/D          0.683000       1.282919 r     -0.599919 (VIOLATED)
   rf_reg[21][9]/D          0.683000       1.282919 r     -0.599919 (VIOLATED)
   rf_reg[23][9]/D          0.683000       1.282919 r     -0.599919 (VIOLATED)
   rf_reg[29][9]/D          0.683000       1.282919 r     -0.599919 (VIOLATED)
   rf_reg[31][9]/D          0.683001       1.282767 r     -0.599766 (VIOLATED)
   rf_reg[13][13]/D         0.682532       1.281721 r     -0.599189 (VIOLATED)
   rf_reg[13][11]/D         0.682672       1.281716 r     -0.599044 (VIOLATED)
   rf_reg[13][10]/D         0.682858       1.281758 r     -0.598900 (VIOLATED)
   rf_reg[18][10]/D         0.682858       1.281758 r     -0.598900 (VIOLATED)
   rf_reg[19][10]/D         0.682858       1.281758 r     -0.598900 (VIOLATED)
   rf_reg[18][13]/D         0.682825       1.281721 r     -0.598897 (VIOLATED)
   rf_reg[19][13]/D         0.682825       1.281721 r     -0.598897 (VIOLATED)
   rf_reg[12][11]/D         0.682825       1.281716 r     -0.598891 (VIOLATED)
   rf_reg[14][11]/D         0.682825       1.281716 r     -0.598891 (VIOLATED)
   rf_reg[18][11]/D         0.682825       1.281716 r     -0.598891 (VIOLATED)
   rf_reg[19][11]/D         0.682825       1.281716 r     -0.598891 (VIOLATED)
   rf_reg[13][12]/D         0.682532       1.281128 r     -0.598595 (VIOLATED)
   rf_reg[12][12]/D         0.682825       1.281170 r     -0.598345 (VIOLATED)
   rf_reg[14][12]/D         0.682825       1.281170 r     -0.598345 (VIOLATED)
   rf_reg[17][12]/D         0.682825       1.281170 r     -0.598345 (VIOLATED)
   rf_reg[18][12]/D         0.682825       1.281128 r     -0.598303 (VIOLATED)
   rf_reg[19][12]/D         0.682825       1.281128 r     -0.598303 (VIOLATED)
   rf_reg[24][12]/D         0.680931       1.278998 r     -0.598067 (VIOLATED)
   rf_reg[24][11]/D         0.680931       1.278987 r     -0.598056 (VIOLATED)
   rf_reg[8][12]/D          0.680931       1.278810 r     -0.597879 (VIOLATED)
   rf_reg[8][11]/D          0.680931       1.278799 r     -0.597868 (VIOLATED)
   rf_reg[12][9]/D          0.682991       1.280072 r     -0.597081 (VIOLATED)
   rf_reg[17][9]/D          0.682991       1.280072 r     -0.597081 (VIOLATED)
   rf_reg[18][9]/D          0.682991       1.280072 r     -0.597081 (VIOLATED)
   rf_reg[19][9]/D          0.682991       1.280072 r     -0.597081 (VIOLATED)
   rf_reg[3][10]/D          0.682298       1.279026 r     -0.596727 (VIOLATED)
   rf_reg[5][10]/D          0.682298       1.279026 r     -0.596727 (VIOLATED)
   rf_reg[5][13]/D          0.682298       1.278989 r     -0.596691 (VIOLATED)
   rf_reg[3][11]/D          0.682298       1.278984 r     -0.596685 (VIOLATED)
   rf_reg[5][11]/D          0.682298       1.278984 r     -0.596685 (VIOLATED)
   rf_reg[3][12]/D          0.682298       1.278953 r     -0.596655 (VIOLATED)
   rf_reg[5][12]/D          0.682298       1.278953 r     -0.596655 (VIOLATED)
   rf_reg[3][13]/D          0.682422       1.278989 r     -0.596567 (VIOLATED)
   rf_reg[13][9]/D          0.683006       1.279533 r     -0.596527 (VIOLATED)
   rf_reg[9][10]/D          0.682680       1.279029 r     -0.596349 (VIOLATED)
   rf_reg[11][10]/D         0.682680       1.279029 r     -0.596349 (VIOLATED)
   rf_reg[7][12]/D          0.682680       1.278995 r     -0.596315 (VIOLATED)
   rf_reg[9][13]/D          0.682680       1.278992 r     -0.596312 (VIOLATED)
   rf_reg[11][13]/D         0.682680       1.278992 r     -0.596312 (VIOLATED)
   rf_reg[9][11]/D          0.682680       1.278987 r     -0.596307 (VIOLATED)
   rf_reg[11][11]/D         0.682680       1.278987 r     -0.596307 (VIOLATED)
   rf_reg[7][11]/D          0.682680       1.278984 r     -0.596304 (VIOLATED)
   rf_reg[9][12]/D          0.682680       1.278956 r     -0.596276 (VIOLATED)
   rf_reg[11][12]/D         0.682680       1.278956 r     -0.596276 (VIOLATED)
   rf_reg[21][12]/D         0.682834       1.278998 r     -0.596164 (VIOLATED)
   rf_reg[23][12]/D         0.682834       1.278998 r     -0.596164 (VIOLATED)
   rf_reg[20][13]/D         0.682834       1.278992 r     -0.596158 (VIOLATED)
   rf_reg[29][13]/D         0.682834       1.278992 r     -0.596158 (VIOLATED)
   rf_reg[20][11]/D         0.682834       1.278987 r     -0.596153 (VIOLATED)
   rf_reg[21][11]/D         0.682834       1.278987 r     -0.596153 (VIOLATED)
   rf_reg[23][11]/D         0.682834       1.278987 r     -0.596153 (VIOLATED)
   rf_reg[29][11]/D         0.682834       1.278987 r     -0.596153 (VIOLATED)
   rf_reg[20][12]/D         0.682834       1.278956 r     -0.596122 (VIOLATED)
   rf_reg[29][12]/D         0.682834       1.278956 r     -0.596122 (VIOLATED)
   rf_reg[10][10]/D         0.682986       1.279029 r     -0.596043 (VIOLATED)
   rf_reg[28][10]/D         0.682986       1.279029 r     -0.596043 (VIOLATED)
   rf_reg[4][10]/D          0.682986       1.279026 r     -0.596040 (VIOLATED)
   rf_reg[20][10]/D         0.683000       1.279029 r     -0.596028 (VIOLATED)
   rf_reg[29][10]/D         0.683000       1.279029 r     -0.596028 (VIOLATED)
   rf_reg[27][12]/D         0.683000       1.278998 r     -0.595998 (VIOLATED)
   rf_reg[27][11]/D         0.683000       1.278987 r     -0.595986 (VIOLATED)
   rf_reg[22][12]/D         0.683100       1.278998 r     -0.595898 (VIOLATED)
   rf_reg[26][12]/D         0.683100       1.278998 r     -0.595898 (VIOLATED)
   rf_reg[10][13]/D         0.683095       1.278992 r     -0.595897 (VIOLATED)
   rf_reg[2][12]/D          0.683100       1.278995 r     -0.595895 (VIOLATED)
   rf_reg[6][12]/D          0.683100       1.278995 r     -0.595895 (VIOLATED)
   rf_reg[28][13]/D         0.683100       1.278992 r     -0.595892 (VIOLATED)
   rf_reg[10][11]/D         0.683095       1.278987 r     -0.595891 (VIOLATED)
   rf_reg[4][13]/D          0.683100       1.278989 r     -0.595889 (VIOLATED)
   rf_reg[22][11]/D         0.683100       1.278987 r     -0.595886 (VIOLATED)
   rf_reg[26][11]/D         0.683100       1.278987 r     -0.595886 (VIOLATED)
   rf_reg[28][11]/D         0.683100       1.278987 r     -0.595886 (VIOLATED)
   rf_reg[4][11]/D          0.683100       1.278984 r     -0.595883 (VIOLATED)
   rf_reg[6][11]/D          0.683100       1.278984 r     -0.595883 (VIOLATED)
   rf_reg[10][12]/D         0.683095       1.278956 r     -0.595860 (VIOLATED)
   rf_reg[28][12]/D         0.683100       1.278956 r     -0.595856 (VIOLATED)
   rf_reg[4][12]/D          0.683100       1.278953 r     -0.595853 (VIOLATED)
   rf_reg[25][12]/D         0.683212       1.278998 r     -0.595786 (VIOLATED)
   rf_reg[25][11]/D         0.683212       1.278987 r     -0.595774 (VIOLATED)
   rf_reg[12][10]/D         0.682858       1.278471 r     -0.595612 (VIOLATED)
   rf_reg[14][10]/D         0.682858       1.278471 r     -0.595612 (VIOLATED)
   rf_reg[17][10]/D         0.682858       1.278471 r     -0.595612 (VIOLATED)
   rf_reg[12][13]/D         0.682825       1.278435 r     -0.595610 (VIOLATED)
   rf_reg[14][13]/D         0.682825       1.278435 r     -0.595610 (VIOLATED)
   rf_reg[17][13]/D         0.682825       1.278435 r     -0.595610 (VIOLATED)
   rf_reg[24][10]/D         0.682430       1.275741 r     -0.593311 (VIOLATED)
   rf_reg[24][13]/D         0.682430       1.275706 r     -0.593276 (VIOLATED)
   rf_reg[8][10]/D          0.682431       1.275554 r     -0.593122 (VIOLATED)
   rf_reg[8][13]/D          0.682431       1.275518 r     -0.593087 (VIOLATED)
   rf_reg[7][10]/D          0.682680       1.275738 r     -0.593058 (VIOLATED)
   rf_reg[7][13]/D          0.682680       1.275703 r     -0.593023 (VIOLATED)
   rf_reg[27][10]/D         0.682834       1.275741 r     -0.592908 (VIOLATED)
   rf_reg[21][13]/D         0.682834       1.275706 r     -0.592872 (VIOLATED)
   rf_reg[23][13]/D         0.682834       1.275706 r     -0.592872 (VIOLATED)
   rf_reg[29][0]/D          0.596433       1.189255 r     -0.592822 (VIOLATED)
   rf_reg[22][10]/D         0.682986       1.275741 r     -0.592756 (VIOLATED)
   rf_reg[25][10]/D         0.682986       1.275741 r     -0.592756 (VIOLATED)
   rf_reg[26][10]/D         0.682986       1.275741 r     -0.592756 (VIOLATED)
   rf_reg[2][10]/D          0.682986       1.275738 r     -0.592753 (VIOLATED)
   rf_reg[6][10]/D          0.682986       1.275738 r     -0.592753 (VIOLATED)
   rf_reg[21][10]/D         0.683000       1.275741 r     -0.592741 (VIOLATED)
   rf_reg[23][10]/D         0.683000       1.275741 r     -0.592741 (VIOLATED)
   rf_reg[27][13]/D         0.683000       1.275706 r     -0.592706 (VIOLATED)
   rf_reg[22][13]/D         0.683100       1.275706 r     -0.592606 (VIOLATED)
   rf_reg[26][13]/D         0.683100       1.275706 r     -0.592606 (VIOLATED)
   rf_reg[2][13]/D          0.683100       1.275703 r     -0.592603 (VIOLATED)
   rf_reg[6][13]/D          0.683100       1.275703 r     -0.592603 (VIOLATED)
   rf_reg[25][13]/D         0.683212       1.275706 r     -0.592494 (VIOLATED)
   rf_reg[30][9]/D          0.682834       1.269070 r     -0.586236 (VIOLATED)
   rf_reg[17][11]/D         0.682825       1.267867 r     -0.585042 (VIOLATED)
   rf_reg[14][9]/D          0.682991       1.266223 r     -0.583232 (VIOLATED)
   rf_reg[15][9]/D          0.683006       1.265683 r     -0.582677 (VIOLATED)
   rf_reg[2][11]/D          0.683100       1.265135 r     -0.582035 (VIOLATED)
   rf_reg[15][7]/D          0.682532       1.264559 r     -0.582027 (VIOLATED)
   rf_reg[14][7]/D          0.682825       1.264559 r     -0.581735 (VIOLATED)
   rf_reg[15][8]/D          0.682532       1.263759 r     -0.581227 (VIOLATED)
   rf_reg[14][8]/D          0.682825       1.263759 r     -0.580934 (VIOLATED)
   rf_reg[16][8]/D          0.680931       1.261568 r     -0.580637 (VIOLATED)
   rf_reg[16][7]/D          0.682431       1.261811 r     -0.579380 (VIOLATED)
   rf_reg[31][7]/D          0.682834       1.261811 r     -0.578977 (VIOLATED)
   rf_reg[30][7]/D          0.683000       1.261830 r     -0.578830 (VIOLATED)
   rf_reg[31][8]/D          0.682834       1.261568 r     -0.578733 (VIOLATED)
   rf_reg[30][8]/D          0.683000       1.261568 r     -0.578567 (VIOLATED)
   rf_reg[13][15]/D         0.682672       1.228834 r     -0.546162 (VIOLATED)
   rf_reg[18][15]/D         0.682825       1.228834 r     -0.546009 (VIOLATED)
   rf_reg[19][15]/D         0.682825       1.228834 r     -0.546009 (VIOLATED)
   rf_reg[8][14]/D          0.680931       1.225391 r     -0.544461 (VIOLATED)
   rf_reg[3][15]/D          0.682298       1.226107 r     -0.543808 (VIOLATED)
   rf_reg[5][15]/D          0.682298       1.226107 r     -0.543808 (VIOLATED)
   rf_reg[9][15]/D          0.682680       1.226110 r     -0.543430 (VIOLATED)
   rf_reg[11][15]/D         0.682680       1.226110 r     -0.543430 (VIOLATED)
   rf_reg[5][14]/D          0.682298       1.225595 r     -0.543297 (VIOLATED)
   rf_reg[20][15]/D         0.682834       1.226110 r     -0.543276 (VIOLATED)
   rf_reg[29][15]/D         0.682834       1.226110 r     -0.543276 (VIOLATED)
   rf_reg[10][15]/D         0.682986       1.226110 r     -0.543124 (VIOLATED)
   rf_reg[28][15]/D         0.682986       1.226110 r     -0.543124 (VIOLATED)
   rf_reg[4][15]/D          0.682986       1.226107 r     -0.543121 (VIOLATED)
   rf_reg[23][14]/D         0.682834       1.225598 r     -0.542765 (VIOLATED)
   rf_reg[26][14]/D         0.683100       1.225598 r     -0.542498 (VIOLATED)
   rf_reg[28][14]/D         0.683100       1.225598 r     -0.542498 (VIOLATED)
   rf_reg[15][15]/D         0.682532       1.215875 r     -0.533342 (VIOLATED)
   rf_reg[14][15]/D         0.682825       1.215875 r     -0.533050 (VIOLATED)
   rf_reg[17][15]/D         0.682825       1.215875 r     -0.533050 (VIOLATED)
   rf_reg[12][15]/D         0.682991       1.215875 r     -0.532884 (VIOLATED)
   rf_reg[13][14]/D         0.682532       1.215302 r     -0.532769 (VIOLATED)
   rf_reg[15][14]/D         0.682532       1.215302 r     -0.532769 (VIOLATED)
   rf_reg[18][14]/D         0.682825       1.215302 r     -0.532477 (VIOLATED)
   rf_reg[19][14]/D         0.682825       1.215302 r     -0.532477 (VIOLATED)
   rf_reg[12][14]/D         0.682825       1.215260 r     -0.532435 (VIOLATED)
   rf_reg[14][14]/D         0.682825       1.215260 r     -0.532435 (VIOLATED)
   rf_reg[17][14]/D         0.682825       1.215260 r     -0.532435 (VIOLATED)
   rf_reg[24][15]/D         0.680931       1.213151 r     -0.532220 (VIOLATED)
   rf_reg[8][15]/D          0.680931       1.212944 r     -0.532013 (VIOLATED)
   rf_reg[16][15]/D         0.680931       1.212944 r     -0.532013 (VIOLATED)
   rf_reg[24][14]/D         0.680931       1.212536 r     -0.531605 (VIOLATED)
   rf_reg[16][14]/D         0.680931       1.212371 r     -0.531440 (VIOLATED)
   rf_reg[1][15]/D          0.682298       1.213148 r     -0.530850 (VIOLATED)
   rf_reg[7][15]/D          0.682680       1.213148 r     -0.530468 (VIOLATED)
   rf_reg[21][15]/D         0.682834       1.213151 r     -0.530317 (VIOLATED)
   rf_reg[23][15]/D         0.682834       1.213151 r     -0.530317 (VIOLATED)
   rf_reg[1][14]/D          0.682298       1.212575 r     -0.530277 (VIOLATED)
   rf_reg[3][14]/D          0.682298       1.212575 r     -0.530277 (VIOLATED)
   rf_reg[22][15]/D         0.682986       1.213151 r     -0.530165 (VIOLATED)
   rf_reg[25][15]/D         0.682986       1.213151 r     -0.530165 (VIOLATED)
   rf_reg[26][15]/D         0.682986       1.213151 r     -0.530165 (VIOLATED)
   rf_reg[2][15]/D          0.682986       1.213148 r     -0.530162 (VIOLATED)
   rf_reg[6][15]/D          0.682986       1.213148 r     -0.530162 (VIOLATED)
   rf_reg[27][15]/D         0.683000       1.213151 r     -0.530151 (VIOLATED)
   rf_reg[30][15]/D         0.683000       1.213151 r     -0.530151 (VIOLATED)
   rf_reg[31][15]/D         0.682834       1.212983 r     -0.530149 (VIOLATED)
   rf_reg[31][0]/D          0.596433       1.126386 r     -0.529952 (VIOLATED)
   rf_reg[9][14]/D          0.682680       1.212578 r     -0.529898 (VIOLATED)
   rf_reg[11][14]/D         0.682680       1.212578 r     -0.529898 (VIOLATED)
   rf_reg[7][14]/D          0.682680       1.212533 r     -0.529853 (VIOLATED)
   rf_reg[20][14]/D         0.682834       1.212578 r     -0.529744 (VIOLATED)
   rf_reg[29][14]/D         0.682834       1.212578 r     -0.529744 (VIOLATED)
   rf_reg[21][14]/D         0.682834       1.212536 r     -0.529702 (VIOLATED)
   rf_reg[30][14]/D         0.683000       1.212578 r     -0.529578 (VIOLATED)
   rf_reg[27][14]/D         0.683000       1.212536 r     -0.529536 (VIOLATED)
   rf_reg[10][14]/D         0.683095       1.212578 r     -0.529483 (VIOLATED)
   rf_reg[4][14]/D          0.683100       1.212575 r     -0.529475 (VIOLATED)
   rf_reg[17][5]/D          0.682991       1.212459 r     -0.529468 (VIOLATED)
   rf_reg[18][5]/D          0.682991       1.212459 r     -0.529468 (VIOLATED)
   rf_reg[22][14]/D         0.683100       1.212536 r     -0.529436 (VIOLATED)
   rf_reg[2][14]/D          0.683100       1.212533 r     -0.529432 (VIOLATED)
   rf_reg[6][14]/D          0.683100       1.212533 r     -0.529432 (VIOLATED)
   rf_reg[31][14]/D         0.683001       1.212410 r     -0.529409 (VIOLATED)
   rf_reg[25][14]/D         0.683212       1.212536 r     -0.529324 (VIOLATED)
   rf_reg[8][5]/D           0.680931       1.209529 r     -0.528598 (VIOLATED)
   rf_reg[16][5]/D          0.680931       1.209529 r     -0.528598 (VIOLATED)
   rf_reg[1][5]/D           0.682422       1.209732 r     -0.527310 (VIOLATED)
   rf_reg[9][5]/D           0.682680       1.209736 r     -0.527056 (VIOLATED)
   rf_reg[10][5]/D          0.682986       1.209736 r     -0.526750 (VIOLATED)
   rf_reg[2][5]/D           0.682986       1.209732 r     -0.526746 (VIOLATED)
   rf_reg[3][30]/D          0.595897       1.109875 r     -0.513978 (VIOLATED)
   rf_reg[1][30]/D          0.596022       1.109875 r     -0.513854 (VIOLATED)
   rf_reg[2][30]/D          0.596726       1.109875 r     -0.513149 (VIOLATED)
   rf_reg[4][30]/D          0.596726       1.109875 r     -0.513149 (VIOLATED)
   rf_reg[24][0]/D          0.680931       1.192762 r     -0.511832 (VIOLATED)
   rf_reg[24][2]/D          0.680931       1.192762 r     -0.511832 (VIOLATED)
   rf_reg[24][3]/D          0.680931       1.192762 r     -0.511832 (VIOLATED)
   rf_reg[24][5]/D          0.680931       1.192762 r     -0.511832 (VIOLATED)
   rf_reg[24][6]/D          0.680931       1.192762 r     -0.511832 (VIOLATED)
   rf_reg[24][17]/D         0.680931       1.192762 r     -0.511832 (VIOLATED)
   rf_reg[24][18]/D         0.680931       1.192762 r     -0.511832 (VIOLATED)
   rf_reg[24][20]/D         0.680931       1.192762 r     -0.511832 (VIOLATED)
   rf_reg[24][21]/D         0.680931       1.192762 r     -0.511832 (VIOLATED)
   rf_reg[24][23]/D         0.680931       1.192762 r     -0.511832 (VIOLATED)
   rf_reg[24][24]/D         0.680931       1.192762 r     -0.511832 (VIOLATED)
   rf_reg[24][26]/D         0.680931       1.192762 r     -0.511832 (VIOLATED)
   rf_reg[24][27]/D         0.680931       1.192762 r     -0.511832 (VIOLATED)
   rf_reg[24][29]/D         0.680931       1.192762 r     -0.511832 (VIOLATED)
   rf_reg[24][30]/D         0.680931       1.192762 r     -0.511832 (VIOLATED)
   rf_reg[24][31]/D         0.680931       1.192762 r     -0.511832 (VIOLATED)
   rf_reg[13][0]/D          0.682672       1.191978 r     -0.509306 (VIOLATED)
   rf_reg[12][0]/D          0.682991       1.191978 r     -0.508987 (VIOLATED)
   rf_reg[8][0]/D           0.680931       1.189048 r     -0.508117 (VIOLATED)
   rf_reg[5][0]/D           0.682298       1.189251 r     -0.506953 (VIOLATED)
   rf_reg[20][0]/D          0.682834       1.189255 r     -0.506421 (VIOLATED)
   rf_reg[21][0]/D          0.682834       1.189255 r     -0.506421 (VIOLATED)
   rf_reg[23][0]/D          0.682834       1.189255 r     -0.506421 (VIOLATED)
   rf_reg[27][0]/D          0.682834       1.189255 r     -0.506421 (VIOLATED)
   rf_reg[22][0]/D          0.682986       1.189255 r     -0.506269 (VIOLATED)
   rf_reg[25][0]/D          0.682986       1.189255 r     -0.506269 (VIOLATED)
   rf_reg[26][0]/D          0.682986       1.189255 r     -0.506269 (VIOLATED)
   rf_reg[28][0]/D          0.682986       1.189255 r     -0.506269 (VIOLATED)
   rf_reg[4][0]/D           0.682986       1.189251 r     -0.506265 (VIOLATED)
   rf_reg[6][0]/D           0.682986       1.189251 r     -0.506265 (VIOLATED)
   rf_reg[5][30]/D          0.596022       1.096454 r     -0.500433 (VIOLATED)
   rf_reg[19][5]/D          0.682991       1.173583 r     -0.490592 (VIOLATED)
   rf_reg[12][5]/D          0.682991       1.173531 r     -0.490540 (VIOLATED)
   rf_reg[12][19]/D         0.682825       1.173247 r     -0.490422 (VIOLATED)
   rf_reg[17][19]/D         0.682858       1.173247 r     -0.490388 (VIOLATED)
   rf_reg[18][19]/D         0.682858       1.173247 r     -0.490388 (VIOLATED)
   rf_reg[12][20]/D         0.682825       1.172689 r     -0.489865 (VIOLATED)
   rf_reg[17][20]/D         0.682991       1.172689 r     -0.489698 (VIOLATED)
   rf_reg[18][20]/D         0.682991       1.172689 r     -0.489698 (VIOLATED)
   rf_reg[8][20]/D          0.680931       1.169759 r     -0.488828 (VIOLATED)
   rf_reg[16][20]/D         0.680931       1.169759 r     -0.488828 (VIOLATED)
   rf_reg[3][5]/D           0.682422       1.170856 r     -0.488433 (VIOLATED)
   rf_reg[5][5]/D           0.682422       1.170856 r     -0.488433 (VIOLATED)
   rf_reg[1][19]/D          0.682298       1.170514 r     -0.488216 (VIOLATED)
   rf_reg[7][5]/D           0.682680       1.170804 r     -0.488124 (VIOLATED)
   rf_reg[8][19]/D          0.682431       1.170330 r     -0.487898 (VIOLATED)
   rf_reg[16][19]/D         0.682431       1.170330 r     -0.487898 (VIOLATED)
   rf_reg[25][5]/D          0.682986       1.170859 r     -0.487873 (VIOLATED)
   rf_reg[21][5]/D          0.683000       1.170859 r     -0.487859 (VIOLATED)
   rf_reg[9][19]/D          0.682680       1.170517 r     -0.487837 (VIOLATED)
   rf_reg[7][19]/D          0.682680       1.170514 r     -0.487834 (VIOLATED)
   rf_reg[22][5]/D          0.682986       1.170807 r     -0.487821 (VIOLATED)
   rf_reg[26][5]/D          0.682986       1.170807 r     -0.487821 (VIOLATED)
   rf_reg[28][5]/D          0.682986       1.170807 r     -0.487821 (VIOLATED)
   rf_reg[6][5]/D           0.682986       1.170804 r     -0.487818 (VIOLATED)
   rf_reg[23][5]/D          0.683000       1.170807 r     -0.487807 (VIOLATED)
   rf_reg[27][5]/D          0.683000       1.170807 r     -0.487807 (VIOLATED)
   rf_reg[27][19]/D         0.682834       1.170517 r     -0.487684 (VIOLATED)
   rf_reg[1][20]/D          0.682298       1.169963 r     -0.487664 (VIOLATED)
   rf_reg[10][19]/D         0.682986       1.170517 r     -0.487532 (VIOLATED)
   rf_reg[22][19]/D         0.682986       1.170517 r     -0.487532 (VIOLATED)
   rf_reg[26][19]/D         0.682986       1.170517 r     -0.487532 (VIOLATED)
   rf_reg[28][19]/D         0.682986       1.170517 r     -0.487532 (VIOLATED)
   rf_reg[2][19]/D          0.682986       1.170514 r     -0.487528 (VIOLATED)
   rf_reg[6][19]/D          0.682986       1.170514 r     -0.487528 (VIOLATED)
   rf_reg[23][19]/D         0.683000       1.170517 r     -0.487517 (VIOLATED)
   rf_reg[9][20]/D          0.682680       1.169966 r     -0.487286 (VIOLATED)
   rf_reg[7][20]/D          0.682680       1.169963 r     -0.487283 (VIOLATED)
   rf_reg[27][20]/D         0.682834       1.169966 r     -0.487132 (VIOLATED)
   rf_reg[10][20]/D         0.682986       1.169966 r     -0.486980 (VIOLATED)
   rf_reg[22][20]/D         0.682986       1.169966 r     -0.486980 (VIOLATED)
   rf_reg[26][20]/D         0.682986       1.169966 r     -0.486980 (VIOLATED)
   rf_reg[28][20]/D         0.682986       1.169966 r     -0.486980 (VIOLATED)
   rf_reg[2][20]/D          0.682986       1.169963 r     -0.486977 (VIOLATED)
   rf_reg[6][20]/D          0.682986       1.169963 r     -0.486977 (VIOLATED)
   rf_reg[23][20]/D         0.683000       1.169966 r     -0.486965 (VIOLATED)
   rf_reg[15][16]/D         0.682532       1.168729 r     -0.486196 (VIOLATED)
   rf_reg[13][16]/D         0.682672       1.168729 r     -0.486057 (VIOLATED)
   rf_reg[14][16]/D         0.682825       1.168729 r     -0.485904 (VIOLATED)
   rf_reg[17][16]/D         0.682825       1.168729 r     -0.485904 (VIOLATED)
   rf_reg[12][16]/D         0.682858       1.168729 r     -0.485870 (VIOLATED)
   rf_reg[12][18]/D         0.682858       1.168648 r     -0.485790 (VIOLATED)
   rf_reg[17][18]/D         0.682858       1.168648 r     -0.485790 (VIOLATED)
   rf_reg[18][18]/D         0.682858       1.168648 r     -0.485790 (VIOLATED)
   rf_reg[12][6]/D          0.682858       1.168606 r     -0.485747 (VIOLATED)
   rf_reg[17][6]/D          0.682858       1.168606 r     -0.485747 (VIOLATED)
   rf_reg[18][6]/D          0.682858       1.168606 r     -0.485747 (VIOLATED)
   rf_reg[12][22]/D         0.682858       1.168346 r     -0.485487 (VIOLATED)
   rf_reg[17][22]/D         0.682858       1.168346 r     -0.485487 (VIOLATED)
   rf_reg[18][22]/D         0.682858       1.168346 r     -0.485487 (VIOLATED)
   rf_reg[8][18]/D          0.680931       1.165731 r     -0.484800 (VIOLATED)
   rf_reg[16][18]/D         0.680931       1.165731 r     -0.484800 (VIOLATED)
   rf_reg[12][24]/D         0.682825       1.167600 r     -0.484775 (VIOLATED)
   rf_reg[8][6]/D           0.680931       1.165689 r     -0.484758 (VIOLATED)
   rf_reg[16][6]/D          0.680931       1.165689 r     -0.484758 (VIOLATED)
   rf_reg[12][21]/D         0.682991       1.167690 r     -0.484699 (VIOLATED)
   rf_reg[17][21]/D         0.682991       1.167690 r     -0.484699 (VIOLATED)
   rf_reg[18][21]/D         0.682991       1.167690 r     -0.484699 (VIOLATED)
   rf_reg[17][24]/D         0.682991       1.167600 r     -0.484609 (VIOLATED)
   rf_reg[18][24]/D         0.682991       1.167600 r     -0.484609 (VIOLATED)
   rf_reg[8][24]/D          0.680931       1.165240 r     -0.484309 (VIOLATED)
   rf_reg[16][24]/D         0.680931       1.165240 r     -0.484309 (VIOLATED)
   rf_reg[8][21]/D          0.680931       1.164759 r     -0.483828 (VIOLATED)
   rf_reg[16][21]/D         0.680931       1.164759 r     -0.483828 (VIOLATED)
   rf_reg[1][16]/D          0.682298       1.165997 r     -0.483698 (VIOLATED)
   rf_reg[5][16]/D          0.682298       1.165958 r     -0.483660 (VIOLATED)
   rf_reg[1][18]/D          0.682298       1.165916 r     -0.483618 (VIOLATED)
   rf_reg[24][16]/D         0.682430       1.165961 r     -0.483531 (VIOLATED)
   rf_reg[1][6]/D           0.682422       1.165873 r     -0.483451 (VIOLATED)
   rf_reg[8][16]/D          0.682431       1.165812 r     -0.483380 (VIOLATED)
   rf_reg[16][16]/D         0.682431       1.165773 r     -0.483342 (VIOLATED)
   rf_reg[7][16]/D          0.682680       1.165997 r     -0.483317 (VIOLATED)
   rf_reg[9][16]/D          0.682680       1.165961 r     -0.483281 (VIOLATED)
   rf_reg[9][18]/D          0.682680       1.165919 r     -0.483239 (VIOLATED)
   rf_reg[7][18]/D          0.682680       1.165916 r     -0.483236 (VIOLATED)
   rf_reg[9][6]/D           0.682680       1.165876 r     -0.483197 (VIOLATED)
   rf_reg[7][6]/D           0.682680       1.165873 r     -0.483193 (VIOLATED)
   rf_reg[1][22]/D          0.682422       1.165613 r     -0.483191 (VIOLATED)
   rf_reg[23][16]/D         0.682834       1.166000 r     -0.483166 (VIOLATED)
   rf_reg[29][16]/D         0.682834       1.166000 r     -0.483166 (VIOLATED)
   rf_reg[20][16]/D         0.682834       1.165961 r     -0.483127 (VIOLATED)
   rf_reg[21][16]/D         0.682834       1.165961 r     -0.483127 (VIOLATED)
   rf_reg[1][24]/D          0.682298       1.165424 r     -0.483126 (VIOLATED)
   rf_reg[27][18]/D         0.682834       1.165919 r     -0.483085 (VIOLATED)
   rf_reg[28][16]/D         0.682986       1.166000 r     -0.483014 (VIOLATED)
   rf_reg[31][16]/D         0.682834       1.165847 r     -0.483013 (VIOLATED)
   rf_reg[27][16]/D         0.683000       1.166000 r     -0.482999 (VIOLATED)
   rf_reg[30][16]/D         0.683000       1.166000 r     -0.482999 (VIOLATED)
   rf_reg[8][22]/D          0.682431       1.165429 r     -0.482997 (VIOLATED)
   rf_reg[16][22]/D         0.682431       1.165429 r     -0.482997 (VIOLATED)
   rf_reg[10][16]/D         0.682986       1.165961 r     -0.482975 (VIOLATED)
   rf_reg[22][16]/D         0.682986       1.165961 r     -0.482975 (VIOLATED)
   rf_reg[25][16]/D         0.682986       1.165961 r     -0.482975 (VIOLATED)
   rf_reg[26][16]/D         0.682986       1.165961 r     -0.482975 (VIOLATED)
   rf_reg[2][16]/D          0.682986       1.165958 r     -0.482972 (VIOLATED)
   rf_reg[4][16]/D          0.682986       1.165958 r     -0.482972 (VIOLATED)
   rf_reg[9][22]/D          0.682680       1.165616 r     -0.482936 (VIOLATED)
   rf_reg[7][22]/D          0.682680       1.165613 r     -0.482933 (VIOLATED)
   rf_reg[10][18]/D         0.682986       1.165919 r     -0.482933 (VIOLATED)
   rf_reg[22][18]/D         0.682986       1.165919 r     -0.482933 (VIOLATED)
   rf_reg[26][18]/D         0.682986       1.165919 r     -0.482933 (VIOLATED)
   rf_reg[28][18]/D         0.682986       1.165919 r     -0.482933 (VIOLATED)
   rf_reg[2][18]/D          0.682986       1.165916 r     -0.482930 (VIOLATED)
   rf_reg[6][18]/D          0.682986       1.165916 r     -0.482930 (VIOLATED)
   rf_reg[23][18]/D         0.683000       1.165919 r     -0.482918 (VIOLATED)
   rf_reg[10][6]/D          0.682986       1.165876 r     -0.482891 (VIOLATED)
   rf_reg[22][6]/D          0.682986       1.165876 r     -0.482891 (VIOLATED)
   rf_reg[26][6]/D          0.682986       1.165876 r     -0.482891 (VIOLATED)
   rf_reg[28][6]/D          0.682986       1.165876 r     -0.482891 (VIOLATED)
   rf_reg[2][6]/D           0.682986       1.165873 r     -0.482887 (VIOLATED)
   rf_reg[6][6]/D           0.682986       1.165873 r     -0.482887 (VIOLATED)
   rf_reg[23][6]/D          0.683000       1.165876 r     -0.482876 (VIOLATED)
   rf_reg[27][6]/D          0.683000       1.165876 r     -0.482876 (VIOLATED)
   rf_reg[9][24]/D          0.682680       1.165427 r     -0.482748 (VIOLATED)
   rf_reg[7][24]/D          0.682680       1.165424 r     -0.482744 (VIOLATED)
   rf_reg[30][0]/D          0.596433       1.079076 r     -0.482643 (VIOLATED)
   rf_reg[10][22]/D         0.682986       1.165616 r     -0.482631 (VIOLATED)
   rf_reg[22][22]/D         0.682986       1.165616 r     -0.482631 (VIOLATED)
   rf_reg[26][22]/D         0.682986       1.165616 r     -0.482631 (VIOLATED)
   rf_reg[28][22]/D         0.682986       1.165616 r     -0.482631 (VIOLATED)
   rf_reg[2][22]/D          0.682986       1.165613 r     -0.482627 (VIOLATED)
   rf_reg[6][22]/D          0.682986       1.165613 r     -0.482627 (VIOLATED)
   rf_reg[23][22]/D         0.683000       1.165616 r     -0.482616 (VIOLATED)
   rf_reg[27][22]/D         0.683000       1.165616 r     -0.482616 (VIOLATED)
   rf_reg[27][24]/D         0.682834       1.165427 r     -0.482594 (VIOLATED)
   rf_reg[1][21]/D          0.682422       1.164963 r     -0.482540 (VIOLATED)
   rf_reg[10][24]/D         0.682986       1.165427 r     -0.482442 (VIOLATED)
   rf_reg[22][24]/D         0.682986       1.165427 r     -0.482442 (VIOLATED)
   rf_reg[26][24]/D         0.682986       1.165427 r     -0.482442 (VIOLATED)
   rf_reg[28][24]/D         0.682986       1.165427 r     -0.482442 (VIOLATED)
   rf_reg[2][24]/D          0.682986       1.165424 r     -0.482438 (VIOLATED)
   rf_reg[6][24]/D          0.682986       1.165424 r     -0.482438 (VIOLATED)
   rf_reg[23][24]/D         0.683000       1.165427 r     -0.482427 (VIOLATED)
   rf_reg[9][21]/D          0.682680       1.164966 r     -0.482286 (VIOLATED)
   rf_reg[7][21]/D          0.682680       1.164963 r     -0.482283 (VIOLATED)
   rf_reg[10][21]/D         0.682986       1.164966 r     -0.481980 (VIOLATED)
   rf_reg[22][21]/D         0.682986       1.164966 r     -0.481980 (VIOLATED)
   rf_reg[26][21]/D         0.682986       1.164966 r     -0.481980 (VIOLATED)
   rf_reg[28][21]/D         0.682986       1.164966 r     -0.481980 (VIOLATED)
   rf_reg[2][21]/D          0.682986       1.164963 r     -0.481977 (VIOLATED)
   rf_reg[6][21]/D          0.682986       1.164963 r     -0.481977 (VIOLATED)
   rf_reg[23][21]/D         0.683000       1.164966 r     -0.481966 (VIOLATED)
   rf_reg[27][21]/D         0.683000       1.164966 r     -0.481966 (VIOLATED)
   rf_reg[12][17]/D         0.682858       1.164789 r     -0.481930 (VIOLATED)
   rf_reg[17][17]/D         0.682858       1.164789 r     -0.481930 (VIOLATED)
   rf_reg[18][17]/D         0.682858       1.164789 r     -0.481930 (VIOLATED)
   rf_reg[8][17]/D          0.680931       1.161872 r     -0.480941 (VIOLATED)
   rf_reg[16][17]/D         0.680931       1.161872 r     -0.480941 (VIOLATED)
   rf_reg[1][17]/D          0.682298       1.162056 r     -0.479758 (VIOLATED)
   rf_reg[9][17]/D          0.682680       1.162060 r     -0.479380 (VIOLATED)
   rf_reg[7][17]/D          0.682680       1.162056 r     -0.479376 (VIOLATED)
   rf_reg[27][17]/D         0.682834       1.162060 r     -0.479226 (VIOLATED)
   rf_reg[10][17]/D         0.682986       1.162060 r     -0.479074 (VIOLATED)
   rf_reg[22][17]/D         0.682986       1.162060 r     -0.479074 (VIOLATED)
   rf_reg[26][17]/D         0.682986       1.162060 r     -0.479074 (VIOLATED)
   rf_reg[28][17]/D         0.682986       1.162060 r     -0.479074 (VIOLATED)
   rf_reg[2][17]/D          0.682986       1.162056 r     -0.479071 (VIOLATED)
   rf_reg[6][17]/D          0.682986       1.162056 r     -0.479071 (VIOLATED)
   rf_reg[23][17]/D         0.683000       1.162060 r     -0.479059 (VIOLATED)
   rf_reg[17][23]/D         0.682991       1.161457 r     -0.478466 (VIOLATED)
   rf_reg[18][23]/D         0.682991       1.161457 r     -0.478466 (VIOLATED)
   rf_reg[8][23]/D          0.680931       1.159097 r     -0.478166 (VIOLATED)
   rf_reg[16][23]/D         0.680931       1.159097 r     -0.478166 (VIOLATED)
   rf_reg[15][23]/D         0.682672       1.160382 r     -0.477710 (VIOLATED)
   rf_reg[12][23]/D         0.682825       1.160382 r     -0.477557 (VIOLATED)
   rf_reg[14][23]/D         0.682991       1.160382 r     -0.477391 (VIOLATED)
   rf_reg[16][0]/D          0.680931       1.158188 r     -0.477257 (VIOLATED)
   rf_reg[16][2]/D          0.680931       1.158188 r     -0.477257 (VIOLATED)
   rf_reg[16][3]/D          0.680931       1.158188 r     -0.477257 (VIOLATED)
   rf_reg[16][26]/D         0.680931       1.158188 r     -0.477257 (VIOLATED)
   rf_reg[16][27]/D         0.680931       1.158188 r     -0.477257 (VIOLATED)
   rf_reg[16][29]/D         0.680931       1.158188 r     -0.477257 (VIOLATED)
   rf_reg[16][30]/D         0.680931       1.158188 r     -0.477257 (VIOLATED)
   rf_reg[16][31]/D         0.680931       1.158188 r     -0.477257 (VIOLATED)
   rf_reg[13][5]/D          0.682532       1.159683 r     -0.477151 (VIOLATED)
   rf_reg[15][5]/D          0.682532       1.159683 r     -0.477151 (VIOLATED)
   rf_reg[13][19]/D         0.682532       1.159643 r     -0.477110 (VIOLATED)
   rf_reg[1][23]/D          0.682298       1.159282 r     -0.476984 (VIOLATED)
   rf_reg[5][23]/D          0.682298       1.159282 r     -0.476984 (VIOLATED)
   rf_reg[15][19]/D         0.682672       1.159643 r     -0.476971 (VIOLATED)
   rf_reg[14][19]/D         0.682858       1.159643 r     -0.476784 (VIOLATED)
   rf_reg[19][19]/D         0.682858       1.159643 r     -0.476784 (VIOLATED)
   rf_reg[14][5]/D          0.682991       1.159683 r     -0.476692 (VIOLATED)
   rf_reg[9][23]/D          0.682680       1.159285 r     -0.476605 (VIOLATED)
   rf_reg[13][20]/D         0.682532       1.159086 r     -0.476553 (VIOLATED)
   rf_reg[30][23]/D         0.682834       1.159285 r     -0.476451 (VIOLATED)
   rf_reg[15][20]/D         0.682672       1.159086 r     -0.476414 (VIOLATED)
   rf_reg[10][23]/D         0.682986       1.159285 r     -0.476299 (VIOLATED)
   rf_reg[25][23]/D         0.682986       1.159285 r     -0.476299 (VIOLATED)
   rf_reg[2][23]/D          0.682986       1.159282 r     -0.476296 (VIOLATED)
   rf_reg[21][23]/D         0.683000       1.159285 r     -0.476285 (VIOLATED)
   rf_reg[14][20]/D         0.682991       1.159086 r     -0.476095 (VIOLATED)
   rf_reg[19][20]/D         0.682991       1.159086 r     -0.476095 (VIOLATED)
   rf_reg[7][23]/D          0.682680       1.158207 r     -0.475527 (VIOLATED)
   rf_reg[27][23]/D         0.682834       1.158210 r     -0.475376 (VIOLATED)
   rf_reg[22][23]/D         0.682986       1.158210 r     -0.475224 (VIOLATED)
   rf_reg[26][23]/D         0.682986       1.158210 r     -0.475224 (VIOLATED)
   rf_reg[28][23]/D         0.682986       1.158210 r     -0.475224 (VIOLATED)
   rf_reg[6][23]/D          0.682986       1.158207 r     -0.475221 (VIOLATED)
   rf_reg[23][23]/D         0.683000       1.158210 r     -0.475209 (VIOLATED)
   rf_reg[11][5]/D          0.682680       1.157841 r     -0.475161 (VIOLATED)
   rf_reg[4][5]/D           0.682986       1.157837 r     -0.474851 (VIOLATED)
   rf_reg[20][5]/D          0.683000       1.157841 r     -0.474840 (VIOLATED)
   rf_reg[3][19]/D          0.682298       1.156910 r     -0.474612 (VIOLATED)
   rf_reg[5][19]/D          0.682298       1.156910 r     -0.474612 (VIOLATED)
   rf_reg[24][19]/D         0.682430       1.156913 r     -0.474483 (VIOLATED)
   rf_reg[11][19]/D         0.682680       1.156913 r     -0.474234 (VIOLATED)
   rf_reg[30][19]/D         0.682834       1.156913 r     -0.474080 (VIOLATED)
   rf_reg[3][20]/D          0.682298       1.156359 r     -0.474060 (VIOLATED)
   rf_reg[5][20]/D          0.682298       1.156359 r     -0.474060 (VIOLATED)
   rf_reg[29][5]/D          0.683000       1.156960 r     -0.473960 (VIOLATED)
   rf_reg[30][5]/D          0.683000       1.156960 r     -0.473960 (VIOLATED)
   rf_reg[25][19]/D         0.682986       1.156913 r     -0.473928 (VIOLATED)
   rf_reg[31][19]/D         0.682834       1.156761 r     -0.473927 (VIOLATED)
   rf_reg[4][19]/D          0.682986       1.156910 r     -0.473925 (VIOLATED)
   rf_reg[20][19]/D         0.683000       1.156913 r     -0.473913 (VIOLATED)
   rf_reg[21][19]/D         0.683000       1.156913 r     -0.473913 (VIOLATED)
   rf_reg[29][19]/D         0.683000       1.156913 r     -0.473913 (VIOLATED)
   rf_reg[31][5]/D          0.683001       1.156792 r     -0.473791 (VIOLATED)
   rf_reg[11][20]/D         0.682680       1.156362 r     -0.473682 (VIOLATED)
   rf_reg[30][20]/D         0.682834       1.156362 r     -0.473528 (VIOLATED)
   rf_reg[25][20]/D         0.682986       1.156362 r     -0.473376 (VIOLATED)
   rf_reg[4][20]/D          0.682986       1.156359 r     -0.473373 (VIOLATED)
   rf_reg[20][20]/D         0.683000       1.156362 r     -0.473362 (VIOLATED)
   rf_reg[21][20]/D         0.683000       1.156362 r     -0.473362 (VIOLATED)
   rf_reg[29][20]/D         0.683000       1.156362 r     -0.473362 (VIOLATED)
   rf_reg[31][20]/D         0.682834       1.156194 r     -0.473360 (VIOLATED)
   rf_reg[18][16]/D         0.682825       1.155732 r     -0.472907 (VIOLATED)
   rf_reg[19][16]/D         0.682825       1.155732 r     -0.472907 (VIOLATED)
   q_reg[77]3/D             0.965630       1.438388 r     -0.472758 (VIOLATED)
   q_reg[78]3/D             0.965630       1.438388 r     -0.472758 (VIOLATED)
   q_reg[79]3/D             0.965630       1.438388 r     -0.472758 (VIOLATED)
   q_reg[80]3/D             0.965630       1.438388 r     -0.472758 (VIOLATED)
   q_reg[81]3/D             0.965630       1.438388 r     -0.472758 (VIOLATED)
   q_reg[82]3/D             0.965630       1.438388 r     -0.472758 (VIOLATED)
   q_reg[83]3/D             0.965630       1.438388 r     -0.472758 (VIOLATED)
   q_reg[84]3/D             0.965630       1.438388 r     -0.472758 (VIOLATED)
   rf_reg[13][6]/D          0.682532       1.155002 r     -0.472469 (VIOLATED)
   rf_reg[15][6]/D          0.682532       1.155002 r     -0.472469 (VIOLATED)
   rf_reg[13][22]/D         0.682532       1.154742 r     -0.472209 (VIOLATED)
   rf_reg[15][22]/D         0.682532       1.154742 r     -0.472209 (VIOLATED)
   rf_reg[13][18]/D         0.682858       1.155044 r     -0.472186 (VIOLATED)
   rf_reg[14][18]/D         0.682858       1.155044 r     -0.472186 (VIOLATED)
   rf_reg[15][18]/D         0.682858       1.155044 r     -0.472186 (VIOLATED)
   rf_reg[19][18]/D         0.682858       1.155044 r     -0.472186 (VIOLATED)
   rf_reg[14][6]/D          0.682858       1.155002 r     -0.472143 (VIOLATED)
   rf_reg[19][6]/D          0.682858       1.155002 r     -0.472143 (VIOLATED)
   rf_reg[14][22]/D         0.682858       1.154742 r     -0.471883 (VIOLATED)
   rf_reg[19][22]/D         0.682858       1.154742 r     -0.471883 (VIOLATED)
   rf_reg[13][21]/D         0.682532       1.154086 r     -0.471553 (VIOLATED)
   rf_reg[15][21]/D         0.682532       1.154086 r     -0.471553 (VIOLATED)
   rf_reg[13][24]/D         0.682532       1.153996 r     -0.471463 (VIOLATED)
   rf_reg[15][24]/D         0.682672       1.153996 r     -0.471324 (VIOLATED)
   rf_reg[14][21]/D         0.682991       1.154086 r     -0.471095 (VIOLATED)
   rf_reg[19][21]/D         0.682991       1.154086 r     -0.471095 (VIOLATED)
   rf_reg[14][24]/D         0.682991       1.153996 r     -0.471005 (VIOLATED)
   rf_reg[19][24]/D         0.682991       1.153996 r     -0.471005 (VIOLATED)
   rf_reg[3][16]/D          0.682298       1.152999 r     -0.470701 (VIOLATED)
   rf_reg[8][2]/D           0.680931       1.151540 r     -0.470609 (VIOLATED)
   rf_reg[8][3]/D           0.680931       1.151540 r     -0.470609 (VIOLATED)
   rf_reg[8][26]/D          0.680931       1.151540 r     -0.470609 (VIOLATED)
   rf_reg[8][27]/D          0.680931       1.151540 r     -0.470609 (VIOLATED)
   rf_reg[8][29]/D          0.680931       1.151540 r     -0.470609 (VIOLATED)
   rf_reg[8][30]/D          0.680931       1.151540 r     -0.470609 (VIOLATED)
   rf_reg[8][31]/D          0.680931       1.151540 r     -0.470609 (VIOLATED)
   rf_reg[17][0]/D          0.682825       1.153153 r     -0.470329 (VIOLATED)
   rf_reg[18][0]/D          0.682825       1.153153 r     -0.470329 (VIOLATED)
   rf_reg[11][16]/D         0.682680       1.153002 r     -0.470323 (VIOLATED)
   rf_reg[3][18]/D          0.682298       1.152312 r     -0.470014 (VIOLATED)
   rf_reg[5][18]/D          0.682298       1.152312 r     -0.470014 (VIOLATED)
   rf_reg[6][16]/D          0.682986       1.152999 r     -0.470013 (VIOLATED)
   rf_reg[3][6]/D           0.682422       1.152270 r     -0.469847 (VIOLATED)
   rf_reg[5][6]/D           0.682422       1.152270 r     -0.469847 (VIOLATED)
   rf_reg[11][18]/D         0.682680       1.152315 r     -0.469635 (VIOLATED)
   rf_reg[11][6]/D          0.682680       1.152273 r     -0.469593 (VIOLATED)
   rf_reg[3][22]/D          0.682422       1.152009 r     -0.469587 (VIOLATED)
   rf_reg[5][22]/D          0.682422       1.152009 r     -0.469587 (VIOLATED)
   rf_reg[24][22]/D         0.682430       1.152012 r     -0.469582 (VIOLATED)
   rf_reg[3][24]/D          0.682298       1.151820 r     -0.469522 (VIOLATED)
   rf_reg[5][24]/D          0.682298       1.151820 r     -0.469522 (VIOLATED)
   rf_reg[30][18]/D         0.682834       1.152315 r     -0.469481 (VIOLATED)
   rf_reg[11][22]/D         0.682680       1.152012 r     -0.469333 (VIOLATED)
   rf_reg[25][18]/D         0.682986       1.152315 r     -0.469329 (VIOLATED)
   rf_reg[4][18]/D          0.682986       1.152312 r     -0.469326 (VIOLATED)
   rf_reg[20][18]/D         0.683000       1.152315 r     -0.469315 (VIOLATED)
   rf_reg[21][18]/D         0.683000       1.152315 r     -0.469315 (VIOLATED)
   rf_reg[29][18]/D         0.683000       1.152315 r     -0.469315 (VIOLATED)
   rf_reg[25][6]/D          0.682986       1.152273 r     -0.469287 (VIOLATED)
   rf_reg[4][6]/D           0.682986       1.152270 r     -0.469284 (VIOLATED)
   rf_reg[20][6]/D          0.683000       1.152273 r     -0.469272 (VIOLATED)
   rf_reg[21][6]/D          0.683000       1.152273 r     -0.469272 (VIOLATED)
   rf_reg[29][6]/D          0.683000       1.152273 r     -0.469272 (VIOLATED)
   rf_reg[30][6]/D          0.683000       1.152273 r     -0.469272 (VIOLATED)
   rf_reg[31][18]/D         0.683001       1.152163 r     -0.469162 (VIOLATED)
   rf_reg[11][24]/D         0.682680       1.151824 r     -0.469144 (VIOLATED)
   rf_reg[31][6]/D          0.683001       1.152120 r     -0.469119 (VIOLATED)
   rf_reg[25][22]/D         0.682986       1.152012 r     -0.469027 (VIOLATED)
   rf_reg[4][22]/D          0.682986       1.152009 r     -0.469023 (VIOLATED)
   rf_reg[20][22]/D         0.683000       1.152012 r     -0.469012 (VIOLATED)
   rf_reg[21][22]/D         0.683000       1.152012 r     -0.469012 (VIOLATED)
   rf_reg[29][22]/D         0.683000       1.152012 r     -0.469012 (VIOLATED)
   rf_reg[30][22]/D         0.683000       1.152012 r     -0.469012 (VIOLATED)
   rf_reg[30][24]/D         0.682834       1.151824 r     -0.468990 (VIOLATED)
   rf_reg[3][21]/D          0.682422       1.151359 r     -0.468936 (VIOLATED)
   rf_reg[5][21]/D          0.682422       1.151359 r     -0.468936 (VIOLATED)
   rf_reg[31][22]/D         0.683001       1.151860 r     -0.468859 (VIOLATED)
   rf_reg[25][24]/D         0.682986       1.151824 r     -0.468838 (VIOLATED)
   rf_reg[31][24]/D         0.682834       1.151671 r     -0.468837 (VIOLATED)
   rf_reg[4][24]/D          0.682986       1.151820 r     -0.468835 (VIOLATED)
   rf_reg[20][24]/D         0.683000       1.151824 r     -0.468823 (VIOLATED)
   rf_reg[21][24]/D         0.683000       1.151824 r     -0.468823 (VIOLATED)
   rf_reg[29][24]/D         0.683000       1.151824 r     -0.468823 (VIOLATED)
   rf_reg[11][21]/D         0.682680       1.151362 r     -0.468682 (VIOLATED)
   rf_reg[25][21]/D         0.682986       1.151362 r     -0.468377 (VIOLATED)
   rf_reg[4][21]/D          0.682986       1.151359 r     -0.468373 (VIOLATED)
   rf_reg[20][21]/D         0.683000       1.151362 r     -0.468362 (VIOLATED)
   rf_reg[21][21]/D         0.683000       1.151362 r     -0.468362 (VIOLATED)
   rf_reg[29][21]/D         0.683000       1.151362 r     -0.468362 (VIOLATED)
   rf_reg[30][21]/D         0.683000       1.151362 r     -0.468362 (VIOLATED)
   rf_reg[13][17]/D         0.682858       1.151185 r     -0.468327 (VIOLATED)
   rf_reg[14][17]/D         0.682858       1.151185 r     -0.468327 (VIOLATED)
   rf_reg[15][17]/D         0.682858       1.151185 r     -0.468327 (VIOLATED)
   rf_reg[19][17]/D         0.682858       1.151185 r     -0.468327 (VIOLATED)
   rf_reg[31][21]/D         0.683001       1.151195 r     -0.468193 (VIOLATED)
   rf_reg[1][0]/D           0.682298       1.150427 r     -0.468128 (VIOLATED)
   rf_reg[10][0]/D          0.682986       1.150430 r     -0.467444 (VIOLATED)
   rf_reg[2][0]/D           0.682986       1.150427 r     -0.467441 (VIOLATED)
   rf_reg[3][17]/D          0.682298       1.148453 r     -0.466155 (VIOLATED)
   rf_reg[5][17]/D          0.682298       1.148453 r     -0.466155 (VIOLATED)
   rf_reg[11][17]/D         0.682680       1.148456 r     -0.465776 (VIOLATED)
   rf_reg[30][17]/D         0.682834       1.148456 r     -0.465622 (VIOLATED)
   rf_reg[25][17]/D         0.682986       1.148456 r     -0.465470 (VIOLATED)
   rf_reg[31][17]/D         0.682834       1.148304 r     -0.465469 (VIOLATED)
   rf_reg[4][17]/D          0.682986       1.148453 r     -0.465467 (VIOLATED)
   rf_reg[20][17]/D         0.683000       1.148456 r     -0.465455 (VIOLATED)
   rf_reg[21][17]/D         0.683000       1.148456 r     -0.465455 (VIOLATED)
   rf_reg[29][17]/D         0.683000       1.148456 r     -0.465455 (VIOLATED)
   rf_reg[13][23]/D         0.682532       1.147853 r     -0.465321 (VIOLATED)
   rf_reg[19][23]/D         0.682991       1.147853 r     -0.464862 (VIOLATED)
   rf_reg[3][23]/D          0.682298       1.145678 r     -0.463380 (VIOLATED)
   rf_reg[11][23]/D         0.682680       1.145681 r     -0.463001 (VIOLATED)
   rf_reg[31][23]/D         0.682834       1.145529 r     -0.462695 (VIOLATED)
   rf_reg[4][23]/D          0.682986       1.145678 r     -0.462692 (VIOLATED)
   rf_reg[20][23]/D         0.683000       1.145681 r     -0.462681 (VIOLATED)
   rf_reg[29][23]/D         0.683000       1.145681 r     -0.462681 (VIOLATED)
   rf_reg[31][3]/D          0.682834       1.138180 r     -0.455346 (VIOLATED)
   rf_reg[31][4]/D          0.682834       1.138180 r     -0.455346 (VIOLATED)
   rf_reg[31][31]/D         0.682834       1.138180 r     -0.455346 (VIOLATED)
   rf_reg[31][1]/D          0.683001       1.138180 r     -0.455179 (VIOLATED)
   rf_reg[31][2]/D          0.683001       1.138180 r     -0.455179 (VIOLATED)
   rf_reg[31][27]/D         0.683001       1.138180 r     -0.455179 (VIOLATED)
   rf_reg[31][29]/D         0.683001       1.138180 r     -0.455179 (VIOLATED)
   rf_reg[31][30]/D         0.683001       1.138180 r     -0.455179 (VIOLATED)
   rf_reg[14][27]/D         0.682825       1.129517 r     -0.446692 (VIOLATED)
   rf_reg[14][29]/D         0.682825       1.129517 r     -0.446692 (VIOLATED)
   rf_reg[14][30]/D         0.682825       1.129517 r     -0.446692 (VIOLATED)
   rf_reg[14][31]/D         0.682825       1.129517 r     -0.446692 (VIOLATED)
   rf_reg[14][2]/D          0.682858       1.129517 r     -0.446659 (VIOLATED)
   rf_reg[14][3]/D          0.682858       1.129517 r     -0.446659 (VIOLATED)
   rf_reg[12][3]/D          0.682825       1.129345 r     -0.446520 (VIOLATED)
   rf_reg[12][27]/D         0.682825       1.129345 r     -0.446520 (VIOLATED)
   rf_reg[12][29]/D         0.682825       1.129345 r     -0.446520 (VIOLATED)
   rf_reg[12][30]/D         0.682825       1.129345 r     -0.446520 (VIOLATED)
   rf_reg[12][2]/D          0.682858       1.129345 r     -0.446486 (VIOLATED)
   rf_reg[12][31]/D         0.682858       1.129345 r     -0.446486 (VIOLATED)
   rf_reg[18][27]/D         0.682825       1.128058 r     -0.445234 (VIOLATED)
   rf_reg[18][29]/D         0.682825       1.128058 r     -0.445234 (VIOLATED)
   rf_reg[18][30]/D         0.682825       1.128058 r     -0.445234 (VIOLATED)
   rf_reg[18][31]/D         0.682825       1.128058 r     -0.445234 (VIOLATED)
   rf_reg[18][2]/D          0.682858       1.128058 r     -0.445200 (VIOLATED)
   rf_reg[18][3]/D          0.682858       1.128058 r     -0.445200 (VIOLATED)
   rf_reg[31][25]/D         0.683001       1.126386 r     -0.443384 (VIOLATED)
   rf_reg[31][26]/D         0.683001       1.126386 r     -0.443384 (VIOLATED)
   rf_reg[31][28]/D         0.683001       1.126386 r     -0.443384 (VIOLATED)
   rf_reg[8][1]/D           0.682431       1.125065 r     -0.442634 (VIOLATED)
   rf_reg[8][4]/D           0.682431       1.125065 r     -0.442634 (VIOLATED)
   rf_reg[16][1]/D          0.682431       1.125065 r     -0.442633 (VIOLATED)
   rf_reg[16][4]/D          0.682431       1.125065 r     -0.442633 (VIOLATED)
   rf_reg[13][31]/D         0.682672       1.124887 r     -0.442215 (VIOLATED)
   rf_reg[13][27]/D         0.682532       1.123707 r     -0.441175 (VIOLATED)
   rf_reg[14][1]/D          0.682991       1.123767 r     -0.440776 (VIOLATED)
   rf_reg[15][1]/D          0.682993       1.123767 r     -0.440774 (VIOLATED)
   rf_reg[17][1]/D          0.682991       1.123723 r     -0.440732 (VIOLATED)
   rf_reg[18][1]/D          0.682991       1.123723 r     -0.440732 (VIOLATED)
   rf_reg[1][31]/D          0.682422       1.122154 r     -0.439732 (VIOLATED)
   rf_reg[11][31]/D         0.682680       1.122157 r     -0.439478 (VIOLATED)
   rf_reg[1][1]/D           0.682298       1.121548 r     -0.439250 (VIOLATED)
   rf_reg[26][31]/D         0.682986       1.122157 r     -0.439172 (VIOLATED)
   rf_reg[28][31]/D         0.682986       1.122157 r     -0.439172 (VIOLATED)
   rf_reg[11][1]/D          0.682680       1.121595 r     -0.438915 (VIOLATED)
   rf_reg[30][1]/D          0.682834       1.121551 r     -0.438717 (VIOLATED)
   rf_reg[1][27]/D          0.682298       1.120975 r     -0.438677 (VIOLATED)
   rf_reg[10][1]/D          0.682986       1.121595 r     -0.438609 (VIOLATED)
   rf_reg[28][1]/D          0.682986       1.121595 r     -0.438609 (VIOLATED)
   rf_reg[23][1]/D          0.683000       1.121551 r     -0.438551 (VIOLATED)
   rf_reg[11][27]/D         0.682680       1.120978 r     -0.438298 (VIOLATED)
   rf_reg[26][27]/D         0.683100       1.120978 r     -0.437878 (VIOLATED)
   rf_reg[28][27]/D         0.683100       1.120978 r     -0.437878 (VIOLATED)
   rf_reg[14][0]/D          0.682825       1.117739 r     -0.434914 (VIOLATED)
   rf_reg[14][28]/D         0.682825       1.117739 r     -0.434914 (VIOLATED)
   rf_reg[14][4]/D          0.682991       1.117739 r     -0.434748 (VIOLATED)
   rf_reg[14][25]/D         0.682991       1.117739 r     -0.434748 (VIOLATED)
   rf_reg[14][26]/D         0.682991       1.117739 r     -0.434748 (VIOLATED)
   rf_reg[12][4]/D          0.682825       1.117567 r     -0.434742 (VIOLATED)
   rf_reg[12][28]/D         0.682825       1.117567 r     -0.434742 (VIOLATED)
   rf_reg[12][1]/D          0.682991       1.117567 r     -0.434576 (VIOLATED)
   rf_reg[12][25]/D         0.682991       1.117567 r     -0.434576 (VIOLATED)
   rf_reg[12][26]/D         0.682991       1.117567 r     -0.434576 (VIOLATED)
   rf_reg[18][28]/D         0.682825       1.116281 r     -0.433456 (VIOLATED)
   rf_reg[17][27]/D         0.682825       1.116140 r     -0.433315 (VIOLATED)
   rf_reg[17][29]/D         0.682825       1.116140 r     -0.433315 (VIOLATED)
   rf_reg[17][30]/D         0.682825       1.116140 r     -0.433315 (VIOLATED)
   rf_reg[17][31]/D         0.682825       1.116140 r     -0.433315 (VIOLATED)
   rf_reg[19][27]/D         0.682825       1.116140 r     -0.433315 (VIOLATED)
   rf_reg[19][29]/D         0.682825       1.116140 r     -0.433315 (VIOLATED)
   rf_reg[19][30]/D         0.682825       1.116140 r     -0.433315 (VIOLATED)
   rf_reg[19][31]/D         0.682825       1.116140 r     -0.433315 (VIOLATED)
   rf_reg[18][4]/D          0.682991       1.116281 r     -0.433290 (VIOLATED)
   rf_reg[18][25]/D         0.682991       1.116281 r     -0.433290 (VIOLATED)
   rf_reg[18][26]/D         0.682991       1.116281 r     -0.433290 (VIOLATED)
   rf_reg[17][2]/D          0.682858       1.116140 r     -0.433282 (VIOLATED)
   rf_reg[17][3]/D          0.682858       1.116140 r     -0.433282 (VIOLATED)
   rf_reg[19][2]/D          0.682858       1.116140 r     -0.433282 (VIOLATED)
   rf_reg[19][3]/D          0.682858       1.116140 r     -0.433282 (VIOLATED)
   rf_reg[8][25]/D          0.682431       1.113264 r     -0.430833 (VIOLATED)
   rf_reg[8][28]/D          0.682431       1.113264 r     -0.430833 (VIOLATED)
   rf_reg[16][25]/D         0.682431       1.113264 r     -0.430832 (VIOLATED)
   rf_reg[16][28]/D         0.682431       1.113264 r     -0.430832 (VIOLATED)
   rf_reg[13][29]/D         0.682532       1.112608 r     -0.430075 (VIOLATED)
   rf_reg[13][30]/D         0.682532       1.112608 r     -0.430075 (VIOLATED)
   rf_reg[15][29]/D         0.682532       1.112608 r     -0.430075 (VIOLATED)
   rf_reg[15][30]/D         0.682532       1.112608 r     -0.430075 (VIOLATED)
   rf_reg[13][26]/D         0.682532       1.112050 r     -0.429518 (VIOLATED)
   rf_reg[15][26]/D         0.682532       1.112050 r     -0.429518 (VIOLATED)
   rf_reg[17][26]/D         0.682991       1.112050 r     -0.429059 (VIOLATED)
   rf_reg[19][26]/D         0.682991       1.112050 r     -0.429059 (VIOLATED)
   rf_reg[15][31]/D         0.682532       1.111060 r     -0.428527 (VIOLATED)
   rf_reg[13][3]/D          0.682532       1.110601 r     -0.428069 (VIOLATED)
   rf_reg[15][27]/D         0.682532       1.110601 r     -0.428069 (VIOLATED)
   rf_reg[15][3]/D          0.682672       1.110601 r     -0.427929 (VIOLATED)
   rf_reg[19][1]/D          0.682991       1.110764 r     -0.427773 (VIOLATED)
   rf_reg[13][1]/D          0.682993       1.110764 r     -0.427771 (VIOLATED)
   rf_reg[13][2]/D          0.682858       1.110601 r     -0.427743 (VIOLATED)
   rf_reg[15][2]/D          0.682858       1.110601 r     -0.427743 (VIOLATED)
   rf_reg[3][29]/D          0.682298       1.109875 r     -0.427577 (VIOLATED)
   rf_reg[1][29]/D          0.682422       1.109875 r     -0.427453 (VIOLATED)
   rf_reg[3][31]/D          0.682422       1.109875 r     -0.427453 (VIOLATED)
   rf_reg[11][29]/D         0.682680       1.109878 r     -0.427198 (VIOLATED)
   rf_reg[11][30]/D         0.682680       1.109878 r     -0.427198 (VIOLATED)
   rf_reg[23][29]/D         0.682834       1.109878 r     -0.427045 (VIOLATED)
   rf_reg[23][30]/D         0.682834       1.109878 r     -0.427045 (VIOLATED)
   rf_reg[23][31]/D         0.682834       1.109878 r     -0.427045 (VIOLATED)
   rf_reg[29][29]/D         0.682834       1.109878 r     -0.427045 (VIOLATED)
   rf_reg[29][30]/D         0.682834       1.109878 r     -0.427045 (VIOLATED)
   rf_reg[29][31]/D         0.682834       1.109878 r     -0.427045 (VIOLATED)
   rf_reg[30][31]/D         0.682834       1.109878 r     -0.427045 (VIOLATED)
   rf_reg[1][26]/D          0.682422       1.109324 r     -0.426901 (VIOLATED)
   rf_reg[3][26]/D          0.682422       1.109324 r     -0.426901 (VIOLATED)
   rf_reg[25][31]/D         0.682986       1.109878 r     -0.426893 (VIOLATED)
   rf_reg[2][31]/D          0.682986       1.109875 r     -0.426889 (VIOLATED)
   rf_reg[4][31]/D          0.682986       1.109875 r     -0.426889 (VIOLATED)
   rf_reg[27][29]/D         0.683000       1.109878 r     -0.426878 (VIOLATED)
   rf_reg[27][30]/D         0.683000       1.109878 r     -0.426878 (VIOLATED)
   rf_reg[30][29]/D         0.683000       1.109878 r     -0.426878 (VIOLATED)
   rf_reg[30][30]/D         0.683000       1.109878 r     -0.426878 (VIOLATED)
   rf_reg[26][29]/D         0.683100       1.109878 r     -0.426778 (VIOLATED)
   rf_reg[26][30]/D         0.683100       1.109878 r     -0.426778 (VIOLATED)
   rf_reg[28][29]/D         0.683100       1.109878 r     -0.426778 (VIOLATED)
   rf_reg[28][30]/D         0.683100       1.109878 r     -0.426778 (VIOLATED)
   rf_reg[2][29]/D          0.683100       1.109875 r     -0.426775 (VIOLATED)
   rf_reg[4][29]/D          0.683100       1.109875 r     -0.426775 (VIOLATED)
   rf_reg[25][29]/D         0.683212       1.109878 r     -0.426666 (VIOLATED)
   rf_reg[25][30]/D         0.683212       1.109878 r     -0.426666 (VIOLATED)
   rf_reg[11][26]/D         0.682680       1.109327 r     -0.426647 (VIOLATED)
   rf_reg[25][26]/D         0.682986       1.109327 r     -0.426341 (VIOLATED)
   rf_reg[26][26]/D         0.682986       1.109327 r     -0.426341 (VIOLATED)
   rf_reg[28][26]/D         0.682986       1.109327 r     -0.426341 (VIOLATED)
   rf_reg[2][26]/D          0.682986       1.109324 r     -0.426338 (VIOLATED)
   rf_reg[4][26]/D          0.682986       1.109324 r     -0.426338 (VIOLATED)
   rf_reg[23][26]/D         0.683000       1.109327 r     -0.426326 (VIOLATED)
   rf_reg[27][26]/D         0.683000       1.109327 r     -0.426326 (VIOLATED)
   rf_reg[29][26]/D         0.683000       1.109327 r     -0.426326 (VIOLATED)
   rf_reg[30][26]/D         0.683000       1.109327 r     -0.426326 (VIOLATED)
   rf_reg[5][1]/D           0.682298       1.108589 r     -0.426291 (VIOLATED)
   rf_reg[3][1]/D           0.682298       1.108530 r     -0.426232 (VIOLATED)
   rf_reg[24][1]/D          0.682430       1.108592 r     -0.426162 (VIOLATED)
   rf_reg[7][1]/D           0.682680       1.108530 r     -0.425850 (VIOLATED)
   rf_reg[2][1]/D           0.682986       1.108589 r     -0.425603 (VIOLATED)
   rf_reg[3][27]/D          0.682422       1.107990 r     -0.425568 (VIOLATED)
   rf_reg[25][1]/D          0.682986       1.108533 r     -0.425547 (VIOLATED)
   rf_reg[26][1]/D          0.682986       1.108533 r     -0.425547 (VIOLATED)
   rf_reg[4][1]/D           0.682986       1.108530 r     -0.425544 (VIOLATED)
   rf_reg[6][1]/D           0.682986       1.108530 r     -0.425544 (VIOLATED)
   rf_reg[20][1]/D          0.683000       1.108533 r     -0.425533 (VIOLATED)
   rf_reg[21][1]/D          0.683000       1.108533 r     -0.425533 (VIOLATED)
   rf_reg[27][31]/D         0.682834       1.108330 r     -0.425497 (VIOLATED)
   rf_reg[9][27]/D          0.682680       1.108059 r     -0.425379 (VIOLATED)
   rf_reg[7][27]/D          0.682680       1.108056 r     -0.425376 (VIOLATED)
   rf_reg[21][27]/D         0.682834       1.108059 r     -0.425225 (VIOLATED)
   rf_reg[23][27]/D         0.682834       1.107993 r     -0.425159 (VIOLATED)
   rf_reg[29][27]/D         0.682834       1.107993 r     -0.425159 (VIOLATED)
   rf_reg[30][27]/D         0.683000       1.107993 r     -0.424993 (VIOLATED)
   rf_reg[10][27]/D         0.683095       1.108059 r     -0.424963 (VIOLATED)
   rf_reg[6][27]/D          0.683100       1.108056 r     -0.424955 (VIOLATED)
   rf_reg[2][27]/D          0.683100       1.107990 r     -0.424890 (VIOLATED)
   rf_reg[4][27]/D          0.683100       1.107990 r     -0.424890 (VIOLATED)
   rf_reg[25][27]/D         0.683212       1.107993 r     -0.424781 (VIOLATED)
   rf_reg[17][4]/D          0.682991       1.107382 r     -0.424391 (VIOLATED)
   rf_reg[27][27]/D         0.683000       1.107128 r     -0.424127 (VIOLATED)
   rf_reg[1][4]/D           0.682298       1.105207 r     -0.422909 (VIOLATED)
   rf_reg[9][4]/D           0.682680       1.105210 r     -0.422530 (VIOLATED)
   rf_reg[7][4]/D           0.682680       1.105207 r     -0.422527 (VIOLATED)
   rf_reg[27][4]/D          0.682834       1.105210 r     -0.422377 (VIOLATED)
   rf_reg[13][25]/D         0.682532       1.104851 r     -0.422318 (VIOLATED)
   rf_reg[15][25]/D         0.682532       1.104851 r     -0.422318 (VIOLATED)
   rf_reg[10][4]/D          0.682986       1.105210 r     -0.422225 (VIOLATED)
   rf_reg[22][4]/D          0.682986       1.105210 r     -0.422225 (VIOLATED)
   rf_reg[26][4]/D          0.682986       1.105210 r     -0.422225 (VIOLATED)
   rf_reg[28][4]/D          0.682986       1.105210 r     -0.422225 (VIOLATED)
   rf_reg[2][4]/D           0.682986       1.105207 r     -0.422221 (VIOLATED)
   rf_reg[6][4]/D           0.682986       1.105207 r     -0.422221 (VIOLATED)
   rf_reg[23][4]/D          0.683000       1.105210 r     -0.422210 (VIOLATED)
   rf_reg[17][25]/D         0.682991       1.104851 r     -0.421860 (VIOLATED)
   rf_reg[19][25]/D         0.682991       1.104851 r     -0.421860 (VIOLATED)
   rf_reg[17][28]/D         0.682825       1.104362 r     -0.421538 (VIOLATED)
   rf_reg[19][0]/D          0.682825       1.104362 r     -0.421538 (VIOLATED)
   rf_reg[19][28]/D         0.682825       1.104362 r     -0.421538 (VIOLATED)
   rf_reg[13][28]/D         0.682672       1.104172 r     -0.421501 (VIOLATED)
   rf_reg[15][28]/D         0.682672       1.104172 r     -0.421501 (VIOLATED)
   rf_reg[19][4]/D          0.682991       1.104362 r     -0.421371 (VIOLATED)
   rf_reg[1][25]/D          0.682422       1.102124 r     -0.419701 (VIOLATED)
   rf_reg[3][25]/D          0.682422       1.102124 r     -0.419701 (VIOLATED)
   rf_reg[24][25]/D         0.682430       1.102127 r     -0.419697 (VIOLATED)
   rf_reg[11][25]/D         0.682680       1.102127 r     -0.419447 (VIOLATED)
   rf_reg[1][28]/D          0.682298       1.101446 r     -0.419147 (VIOLATED)
   rf_reg[3][28]/D          0.682298       1.101446 r     -0.419147 (VIOLATED)
   rf_reg[25][25]/D         0.682986       1.102127 r     -0.419142 (VIOLATED)
   rf_reg[26][25]/D         0.682986       1.102127 r     -0.419142 (VIOLATED)
   rf_reg[28][25]/D         0.682986       1.102127 r     -0.419142 (VIOLATED)
   rf_reg[2][25]/D          0.682986       1.102124 r     -0.419138 (VIOLATED)
   rf_reg[4][25]/D          0.682986       1.102124 r     -0.419138 (VIOLATED)
   rf_reg[23][25]/D         0.683000       1.102127 r     -0.419127 (VIOLATED)
   rf_reg[27][25]/D         0.683000       1.102127 r     -0.419127 (VIOLATED)
   rf_reg[29][25]/D         0.683000       1.102127 r     -0.419127 (VIOLATED)
   rf_reg[30][25]/D         0.683000       1.102127 r     -0.419127 (VIOLATED)
   rf_reg[24][28]/D         0.682430       1.101449 r     -0.419019 (VIOLATED)
   rf_reg[11][28]/D         0.682680       1.101449 r     -0.418769 (VIOLATED)
   rf_reg[23][28]/D         0.682834       1.101449 r     -0.418615 (VIOLATED)
   rf_reg[29][28]/D         0.682834       1.101449 r     -0.418615 (VIOLATED)
   rf_reg[27][28]/D         0.683000       1.101449 r     -0.418449 (VIOLATED)
   rf_reg[30][28]/D         0.683000       1.101449 r     -0.418449 (VIOLATED)
   rf_reg[26][28]/D         0.683100       1.101449 r     -0.418349 (VIOLATED)
   rf_reg[28][28]/D         0.683100       1.101449 r     -0.418349 (VIOLATED)
   rf_reg[2][28]/D          0.683100       1.101446 r     -0.418345 (VIOLATED)
   rf_reg[4][28]/D          0.683100       1.101446 r     -0.418345 (VIOLATED)
   rf_reg[25][28]/D         0.683212       1.101449 r     -0.418237 (VIOLATED)
   rf_reg[13][4]/D          0.682532       1.098824 r     -0.416291 (VIOLATED)
   rf_reg[15][0]/D          0.682532       1.098824 r     -0.416291 (VIOLATED)
   rf_reg[15][4]/D          0.682672       1.098824 r     -0.416152 (VIOLATED)
   rf_reg[5][29]/D          0.682422       1.096454 r     -0.414032 (VIOLATED)
   rf_reg[5][31]/D          0.682422       1.096454 r     -0.414032 (VIOLATED)
   rf_reg[9][29]/D          0.682680       1.096457 r     -0.413778 (VIOLATED)
   rf_reg[9][30]/D          0.682680       1.096457 r     -0.413778 (VIOLATED)
   rf_reg[9][31]/D          0.682680       1.096457 r     -0.413778 (VIOLATED)
   rf_reg[7][29]/D          0.682680       1.096454 r     -0.413774 (VIOLATED)
   rf_reg[7][30]/D          0.682680       1.096454 r     -0.413774 (VIOLATED)
   rf_reg[7][31]/D          0.682680       1.096454 r     -0.413774 (VIOLATED)
   rf_reg[20][29]/D         0.682834       1.096457 r     -0.413624 (VIOLATED)
   rf_reg[20][30]/D         0.682834       1.096457 r     -0.413624 (VIOLATED)
   rf_reg[20][31]/D         0.682834       1.096457 r     -0.413624 (VIOLATED)
   rf_reg[21][29]/D         0.682834       1.096457 r     -0.413624 (VIOLATED)
   rf_reg[21][30]/D         0.682834       1.096457 r     -0.413624 (VIOLATED)
   rf_reg[21][31]/D         0.682834       1.096457 r     -0.413624 (VIOLATED)
   rf_reg[5][26]/D          0.682422       1.095903 r     -0.413480 (VIOLATED)
   rf_reg[10][31]/D         0.682986       1.096457 r     -0.413472 (VIOLATED)
   rf_reg[22][31]/D         0.682986       1.096457 r     -0.413472 (VIOLATED)
   rf_reg[6][31]/D          0.682986       1.096454 r     -0.413468 (VIOLATED)
   rf_reg[10][29]/D         0.683095       1.096457 r     -0.413362 (VIOLATED)
   rf_reg[10][30]/D         0.683095       1.096457 r     -0.413362 (VIOLATED)
   rf_reg[22][29]/D         0.683100       1.096457 r     -0.413357 (VIOLATED)
   rf_reg[22][30]/D         0.683100       1.096457 r     -0.413357 (VIOLATED)
   rf_reg[6][29]/D          0.683100       1.096454 r     -0.413354 (VIOLATED)
   rf_reg[6][30]/D          0.683100       1.096454 r     -0.413354 (VIOLATED)
   rf_reg[9][26]/D          0.682680       1.095906 r     -0.413226 (VIOLATED)
   rf_reg[7][26]/D          0.682680       1.095903 r     -0.413223 (VIOLATED)
   rf_reg[10][26]/D         0.682986       1.095906 r     -0.412920 (VIOLATED)
   rf_reg[22][26]/D         0.682986       1.095906 r     -0.412920 (VIOLATED)
   rf_reg[6][26]/D          0.682986       1.095903 r     -0.412917 (VIOLATED)
   rf_reg[20][26]/D         0.683000       1.095906 r     -0.412906 (VIOLATED)
   rf_reg[21][26]/D         0.683000       1.095906 r     -0.412906 (VIOLATED)
   rf_reg[5][27]/D          0.682298       1.095073 r     -0.412775 (VIOLATED)
   rf_reg[27][1]/D          0.682834       1.095574 r     -0.412740 (VIOLATED)
   rf_reg[29][1]/D          0.683000       1.095574 r     -0.412574 (VIOLATED)
   rf_reg[20][27]/D         0.682834       1.095076 r     -0.412243 (VIOLATED)
   rf_reg[9][1]/D           0.682680       1.094687 r     -0.412007 (VIOLATED)
   rf_reg[22][27]/D         0.683100       1.095076 r     -0.411976 (VIOLATED)
   rf_reg[22][1]/D          0.682986       1.094687 r     -0.411702 (VIOLATED)
   rf_reg[3][4]/D           0.682298       1.091595 r     -0.409297 (VIOLATED)
   rf_reg[5][4]/D           0.682298       1.091595 r     -0.409297 (VIOLATED)
   rf_reg[24][4]/D          0.682430       1.091598 r     -0.409168 (VIOLATED)
   rf_reg[11][4]/D          0.682680       1.091598 r     -0.408919 (VIOLATED)
   rf_reg[30][4]/D          0.682834       1.091598 r     -0.408765 (VIOLATED)
   rf_reg[25][4]/D          0.682986       1.091598 r     -0.408613 (VIOLATED)
   rf_reg[4][4]/D           0.682986       1.091595 r     -0.408610 (VIOLATED)
   rf_reg[20][4]/D          0.683000       1.091598 r     -0.408598 (VIOLATED)
   rf_reg[21][4]/D          0.683000       1.091598 r     -0.408598 (VIOLATED)
   rf_reg[29][4]/D          0.683000       1.091598 r     -0.408598 (VIOLATED)
   rf_reg[30][3]/D          0.682834       1.091134 r     -0.408301 (VIOLATED)
   rf_reg[1][2]/D           0.682298       1.090596 r     -0.408298 (VIOLATED)
   rf_reg[3][2]/D           0.682298       1.090596 r     -0.408298 (VIOLATED)
   rf_reg[5][2]/D           0.682298       1.090596 r     -0.408298 (VIOLATED)
   rf_reg[22][3]/D          0.682986       1.091135 r     -0.408149 (VIOLATED)
   rf_reg[30][2]/D          0.682834       1.090844 r     -0.408010 (VIOLATED)
   rf_reg[7][2]/D           0.682680       1.090666 r     -0.407986 (VIOLATED)
   rf_reg[9][2]/D           0.682680       1.090599 r     -0.407919 (VIOLATED)
   rf_reg[11][2]/D          0.682680       1.090599 r     -0.407919 (VIOLATED)
   rf_reg[22][2]/D          0.682986       1.090844 r     -0.407858 (VIOLATED)
   rf_reg[27][2]/D          0.682834       1.090669 r     -0.407835 (VIOLATED)
   rf_reg[6][3]/D           0.682986       1.090806 r     -0.407820 (VIOLATED)
   rf_reg[26][2]/D          0.682986       1.090669 r     -0.407683 (VIOLATED)
   rf_reg[28][2]/D          0.682986       1.090669 r     -0.407683 (VIOLATED)
   rf_reg[28][3]/D          0.682986       1.090668 r     -0.407682 (VIOLATED)
   rf_reg[4][2]/D           0.682986       1.090666 r     -0.407680 (VIOLATED)
   rf_reg[6][2]/D           0.682986       1.090666 r     -0.407680 (VIOLATED)
   rf_reg[20][2]/D          0.683000       1.090669 r     -0.407669 (VIOLATED)
   rf_reg[23][2]/D          0.683000       1.090669 r     -0.407669 (VIOLATED)
   rf_reg[20][3]/D          0.683000       1.090668 r     -0.407668 (VIOLATED)
   rf_reg[4][3]/D           0.682986       1.090630 r     -0.407644 (VIOLATED)
   rf_reg[10][2]/D          0.682986       1.090599 r     -0.407613 (VIOLATED)
   rf_reg[25][2]/D          0.682986       1.090599 r     -0.407613 (VIOLATED)
   rf_reg[2][2]/D           0.682986       1.090596 r     -0.407610 (VIOLATED)
   rf_reg[21][2]/D          0.683000       1.090599 r     -0.407599 (VIOLATED)
   rf_reg[29][2]/D          0.683000       1.090599 r     -0.407599 (VIOLATED)
   rf_reg[3][3]/D           0.682298       1.089461 r     -0.407163 (VIOLATED)
   rf_reg[5][3]/D           0.682298       1.089461 r     -0.407163 (VIOLATED)
   rf_reg[1][3]/D           0.682298       1.089168 r     -0.406869 (VIOLATED)
   rf_reg[7][3]/D           0.682680       1.089168 r     -0.406488 (VIOLATED)
   rf_reg[10][3]/D          0.682986       1.089359 r     -0.406374 (VIOLATED)
   rf_reg[26][3]/D          0.682986       1.089359 r     -0.406373 (VIOLATED)
   rf_reg[2][3]/D           0.682986       1.089168 r     -0.406182 (VIOLATED)
   rf_reg[11][3]/D          0.682680       1.088835 r     -0.406155 (VIOLATED)
   rf_reg[5][25]/D          0.682422       1.088554 r     -0.406131 (VIOLATED)
   rf_reg[9][25]/D          0.682680       1.088557 r     -0.405877 (VIOLATED)
   rf_reg[7][25]/D          0.682680       1.088554 r     -0.405874 (VIOLATED)
   rf_reg[5][28]/D          0.682298       1.087876 r     -0.405577 (VIOLATED)
   rf_reg[10][25]/D         0.682986       1.088557 r     -0.405572 (VIOLATED)
   rf_reg[22][25]/D         0.682986       1.088557 r     -0.405572 (VIOLATED)
   rf_reg[6][25]/D          0.682986       1.088554 r     -0.405568 (VIOLATED)
   rf_reg[20][25]/D         0.683000       1.088557 r     -0.405557 (VIOLATED)
   rf_reg[21][25]/D         0.683000       1.088557 r     -0.405557 (VIOLATED)
   rf_reg[9][28]/D          0.682680       1.087879 r     -0.405199 (VIOLATED)
   rf_reg[7][28]/D          0.682680       1.087876 r     -0.405196 (VIOLATED)
   rf_reg[20][28]/D         0.682834       1.087879 r     -0.405045 (VIOLATED)
   rf_reg[21][28]/D         0.682834       1.087879 r     -0.405045 (VIOLATED)
   rf_reg[10][28]/D         0.683095       1.087879 r     -0.404783 (VIOLATED)
   rf_reg[22][28]/D         0.683100       1.087879 r     -0.404779 (VIOLATED)
   rf_reg[6][28]/D          0.683100       1.087876 r     -0.404775 (VIOLATED)
   rf_reg[21][3]/D          0.683000       1.080374 r     -0.397373 (VIOLATED)
   rf_reg[23][3]/D          0.683000       1.080374 r     -0.397373 (VIOLATED)
   rf_reg[3][0]/D           0.682298       1.077399 r     -0.395101 (VIOLATED)
   rf_reg[9][3]/D           0.682680       1.077741 r     -0.395062 (VIOLATED)
   rf_reg[27][3]/D          0.682834       1.077741 r     -0.394908 (VIOLATED)
   rf_reg[25][3]/D          0.682986       1.077741 r     -0.394756 (VIOLATED)
   rf_reg[29][3]/D          0.683000       1.077741 r     -0.394741 (VIOLATED)
   rf_reg[7][0]/D           0.682680       1.077399 r     -0.394719 (VIOLATED)
   rf_reg[9][0]/D           0.682680       1.063067 r     -0.380388 (VIOLATED)
   rf_reg[11][0]/D          0.682680       1.063067 r     -0.380388 (VIOLATED)
   q_reg[76]3/D             0.970284       1.307034 r     -0.336750 (VIOLATED)
   WriteDataM[9]            1.125000       1.451443 f     -0.326443 (VIOLATED)
   WriteDataM[11]           1.125000       1.451443 f     -0.326443 (VIOLATED)
   WriteDataM[15]           1.125000       1.451443 f     -0.326443 (VIOLATED)
   WriteDataM[13]           1.125000       1.451286 f     -0.326286 (VIOLATED)
   WriteDataM[7]            1.125000       1.441165 f     -0.316165 (VIOLATED)
   WriteDataM[8]            1.125000       1.440490 f     -0.315490 (VIOLATED)
   WriteDataM[12]           1.125000       1.440490 f     -0.315490 (VIOLATED)
   WriteDataM[14]           1.125000       1.440490 f     -0.315490 (VIOLATED)
   WriteDataM[10]           1.125000       1.440333 f     -0.315333 (VIOLATED)
   q_reg[81]2/D             0.972562       1.275637 r     -0.303074 (VIOLATED)
   q_reg[79]2/D             0.972277       1.272380 r     -0.300104 (VIOLATED)
   q_reg[69]3/D             0.970597       1.270513 r     -0.299916 (VIOLATED)
   q_reg[70]3/D             0.970597       1.270513 r     -0.299916 (VIOLATED)
   q_reg[71]3/D             0.970597       1.270513 r     -0.299916 (VIOLATED)
   q_reg[72]3/D             0.970597       1.270513 r     -0.299916 (VIOLATED)
   q_reg[73]3/D             0.970597       1.270513 r     -0.299916 (VIOLATED)
   q_reg[74]3/D             0.970597       1.270513 r     -0.299916 (VIOLATED)
   q_reg[75]3/D             0.970597       1.270513 r     -0.299916 (VIOLATED)
   q_reg[82]2/D             0.972441       1.272345 r     -0.299904 (VIOLATED)
   q_reg[76]2/D             0.971767       1.267575 r     -0.295808 (VIOLATED)
   WriteDataM[0]            1.125000       1.418121 f     -0.293121 (VIOLATED)
   WriteDataM[2]            1.125000       1.418121 f     -0.293121 (VIOLATED)
   WriteDataM[3]            1.125000       1.418121 f     -0.293121 (VIOLATED)
   WriteDataM[5]            1.125000       1.418121 f     -0.293121 (VIOLATED)
   WriteDataM[6]            1.125000       1.418121 f     -0.293121 (VIOLATED)
   WriteDataM[1]            1.125000       1.417849 f     -0.292849 (VIOLATED)
   WriteDataM[4]            1.125000       1.417849 f     -0.292849 (VIOLATED)
   q_reg[80]2/D             0.972384       1.264650 r     -0.292266 (VIOLATED)
   q_reg[83]2/D             0.972572       1.264650 r     -0.292078 (VIOLATED)
   q_reg[77]2/D             0.972499       1.261150 r     -0.288652 (VIOLATED)
   q_reg[74]2/D             0.971458       1.257925 r     -0.286468 (VIOLATED)
   WriteDataM[25]           1.125000       1.410681 f     -0.285681 (VIOLATED)
   WriteDataM[27]           1.125000       1.410681 f     -0.285681 (VIOLATED)
   WriteDataM[29]           1.125000       1.410681 f     -0.285681 (VIOLATED)
   WriteDataM[31]           1.125000       1.410681 f     -0.285681 (VIOLATED)
   q_reg[75]2/D             0.974339       1.249767 r     -0.275427 (VIOLATED)
   WriteDataM[24]           1.125000       1.399595 f     -0.274595 (VIOLATED)
   WriteDataM[26]           1.125000       1.399595 f     -0.274595 (VIOLATED)
   WriteDataM[28]           1.125000       1.399595 f     -0.274595 (VIOLATED)
   WriteDataM[30]           1.125000       1.399595 f     -0.274595 (VIOLATED)
   q_reg[100]1/D            0.968910       1.237869 r     -0.268958 (VIOLATED)
   q_reg[84]2/D             0.972257       1.231884 r     -0.259627 (VIOLATED)
   WriteDataM[16]           1.125000       1.382864 r     -0.257864 (VIOLATED)
   WriteDataM[17]           1.125000       1.382864 r     -0.257864 (VIOLATED)
   WriteDataM[18]           1.125000       1.382864 r     -0.257864 (VIOLATED)
   WriteDataM[19]           1.125000       1.382864 r     -0.257864 (VIOLATED)
   WriteDataM[20]           1.125000       1.382864 r     -0.257864 (VIOLATED)
   WriteDataM[21]           1.125000       1.382864 r     -0.257864 (VIOLATED)
   WriteDataM[22]           1.125000       1.382864 r     -0.257864 (VIOLATED)
   WriteDataM[23]           1.125000       1.382864 r     -0.257864 (VIOLATED)
   q_reg[69]2/D             0.972550       1.228451 r     -0.255901 (VIOLATED)
   q_reg[90]2/D             0.951590       1.197225 r     -0.245634 (VIOLATED)
   q_reg[78]2/D             0.972492       1.190321 r     -0.217830 (VIOLATED)
   q_reg[89]2/D             1.049995       1.266737 f     -0.216742 (VIOLATED)
   q_reg[72]2/D             0.970595       1.178984 r     -0.208389 (VIOLATED)
   q_reg[88]2/D             0.968801       1.169905 r     -0.201105 (VIOLATED)
   q_reg[95]2/D             0.972412       1.168896 r     -0.196484 (VIOLATED)
   q_reg[94]2/D             0.968992       1.157906 r     -0.188914 (VIOLATED)
   q_reg[91]2/D             0.974298       1.157914 r     -0.183616 (VIOLATED)
   q_reg[98]1/D             0.966639       1.149578 r     -0.182940 (VIOLATED)
   q_reg[97]1/D             0.966562       1.139618 r     -0.173056 (VIOLATED)
   q_reg[96]1/D             0.966082       1.134370 r     -0.168288 (VIOLATED)
   q_reg[87]2/D             0.971446       1.138612 r     -0.167166 (VIOLATED)
   q_reg[86]2/D             0.972550       1.138169 r     -0.165619 (VIOLATED)
   q_reg[70]2/D             0.970599       1.128013 r     -0.157414 (VIOLATED)
   q_reg[85]2/D             0.971165       1.126855 r     -0.155690 (VIOLATED)
   q_reg[99]1/D             0.966562       1.121795 r     -0.155233 (VIOLATED)
   q_reg[73]2/D             0.968973       1.088838 r     -0.119865 (VIOLATED)
   q_reg[71]2/D             0.970595       1.085445 r     -0.114850 (VIOLATED)
   q_reg[93]2/D             0.966370       1.072883 r     -0.106513 (VIOLATED)
   q_reg[92]2/D             0.966082       1.070772 r     -0.104690 (VIOLATED)


   max_leakage_power

                             Required        Actual
   Design                   Leakage Power  Leakage Power     Slack
   -----------------------------------------------------------------
   riscv                    0.000000       109469.976562  -109469.976562
                                                                    (VIOLATED)


Min pulse width constraints

                       Required      Actual
  Pin                pulse width   pulse width   Slack           Scenario
--------------------------------------------------------------------------------
  rf_reg[1][0]/CLK(high)
                     0.750182      0.371611      -0.378571 (VIOLATED)
  rf_reg[1][1]/CLK(high)
                     0.750182      0.371611      -0.378571 (VIOLATED)
  rf_reg[1][2]/CLK(high)
                     0.750182      0.371611      -0.378571 (VIOLATED)
  rf_reg[1][3]/CLK(high)
                     0.750182      0.371611      -0.378571 (VIOLATED)
  rf_reg[1][4]/CLK(high)
                     0.750182      0.371611      -0.378571 (VIOLATED)
  rf_reg[1][5]/CLK(high)
                     0.750182      0.371611      -0.378571 (VIOLATED)
  rf_reg[1][6]/CLK(high)
                     0.750182      0.371611      -0.378571 (VIOLATED)
  rf_reg[1][7]/CLK(high)
                     0.750182      0.371611      -0.378571 (VIOLATED)
  rf_reg[1][8]/CLK(high)
                     0.750182      0.371611      -0.378571 (VIOLATED)
  rf_reg[1][9]/CLK(high)
                     0.750182      0.371611      -0.378571 (VIOLATED)
  rf_reg[1][10]/CLK(high)
                     0.750182      0.371611      -0.378571 (VIOLATED)
  rf_reg[1][11]/CLK(high)
                     0.750182      0.371611      -0.378571 (VIOLATED)
  rf_reg[1][12]/CLK(high)
                     0.750182      0.371611      -0.378571 (VIOLATED)
  rf_reg[1][13]/CLK(high)
                     0.750182      0.371611      -0.378571 (VIOLATED)
  rf_reg[1][14]/CLK(high)
                     0.750182      0.371611      -0.378571 (VIOLATED)
  rf_reg[1][15]/CLK(high)
                     0.750182      0.371611      -0.378571 (VIOLATED)
  rf_reg[1][16]/CLK(high)
                     0.750182      0.371611      -0.378571 (VIOLATED)
  rf_reg[1][17]/CLK(high)
                     0.750182      0.371611      -0.378571 (VIOLATED)
  rf_reg[1][18]/CLK(high)
                     0.750182      0.371611      -0.378571 (VIOLATED)
  rf_reg[1][19]/CLK(high)
                     0.750182      0.371611      -0.378571 (VIOLATED)
  rf_reg[1][20]/CLK(high)
                     0.750182      0.371611      -0.378571 (VIOLATED)
  rf_reg[1][21]/CLK(high)
                     0.750182      0.371611      -0.378571 (VIOLATED)
  rf_reg[1][22]/CLK(high)
                     0.750182      0.371611      -0.378571 (VIOLATED)
  rf_reg[1][23]/CLK(high)
                     0.750182      0.371611      -0.378571 (VIOLATED)
  rf_reg[1][24]/CLK(high)
                     0.750182      0.371611      -0.378571 (VIOLATED)
  rf_reg[1][25]/CLK(high)
                     0.750182      0.371611      -0.378571 (VIOLATED)
  rf_reg[1][26]/CLK(high)
                     0.750182      0.371611      -0.378571 (VIOLATED)
  rf_reg[1][27]/CLK(high)
                     0.750182      0.371611      -0.378571 (VIOLATED)
  rf_reg[1][28]/CLK(high)
                     0.750182      0.371611      -0.378571 (VIOLATED)
  rf_reg[1][29]/CLK(high)
                     0.750182      0.371611      -0.378571 (VIOLATED)
  rf_reg[1][31]/CLK(high)
                     0.750182      0.371611      -0.378571 (VIOLATED)
  rf_reg[2][0]/CLK(high)
                     0.750182      0.371611      -0.378571 (VIOLATED)
  rf_reg[2][1]/CLK(high)
                     0.750182      0.371611      -0.378571 (VIOLATED)
  rf_reg[2][2]/CLK(high)
                     0.750182      0.371611      -0.378571 (VIOLATED)
  rf_reg[2][3]/CLK(high)
                     0.750182      0.371611      -0.378571 (VIOLATED)
  rf_reg[2][4]/CLK(high)
                     0.750182      0.371611      -0.378571 (VIOLATED)
  rf_reg[2][5]/CLK(high)
                     0.750182      0.371611      -0.378571 (VIOLATED)
  rf_reg[2][6]/CLK(high)
                     0.750182      0.371611      -0.378571 (VIOLATED)
  rf_reg[2][7]/CLK(high)
                     0.750182      0.371611      -0.378571 (VIOLATED)
  rf_reg[2][8]/CLK(high)
                     0.750182      0.371611      -0.378571 (VIOLATED)
  rf_reg[2][9]/CLK(high)
                     0.750182      0.371611      -0.378571 (VIOLATED)
  rf_reg[2][10]/CLK(high)
                     0.750182      0.371611      -0.378571 (VIOLATED)
  rf_reg[2][11]/CLK(high)
                     0.750182      0.371611      -0.378571 (VIOLATED)
  rf_reg[2][12]/CLK(high)
                     0.750182      0.371611      -0.378571 (VIOLATED)
  rf_reg[2][13]/CLK(high)
                     0.750182      0.371611      -0.378571 (VIOLATED)
  rf_reg[2][14]/CLK(high)
                     0.750182      0.371611      -0.378571 (VIOLATED)
  rf_reg[2][15]/CLK(high)
                     0.750182      0.371611      -0.378571 (VIOLATED)
  rf_reg[2][16]/CLK(high)
                     0.750182      0.371611      -0.378571 (VIOLATED)
  rf_reg[2][17]/CLK(high)
                     0.750182      0.371611      -0.378571 (VIOLATED)
  rf_reg[2][18]/CLK(high)
                     0.750182      0.371611      -0.378571 (VIOLATED)
  rf_reg[2][19]/CLK(high)
                     0.750182      0.371611      -0.378571 (VIOLATED)
  rf_reg[2][20]/CLK(high)
                     0.750182      0.371611      -0.378571 (VIOLATED)
  rf_reg[2][21]/CLK(high)
                     0.750182      0.371611      -0.378571 (VIOLATED)
  rf_reg[2][22]/CLK(high)
                     0.750182      0.371611      -0.378571 (VIOLATED)
  rf_reg[2][23]/CLK(high)
                     0.750182      0.371611      -0.378571 (VIOLATED)
  rf_reg[2][24]/CLK(high)
                     0.750182      0.371611      -0.378571 (VIOLATED)
  rf_reg[2][25]/CLK(high)
                     0.750182      0.371611      -0.378571 (VIOLATED)
  rf_reg[2][26]/CLK(high)
                     0.750182      0.371611      -0.378571 (VIOLATED)
  rf_reg[2][27]/CLK(high)
                     0.750182      0.371611      -0.378571 (VIOLATED)
  rf_reg[2][28]/CLK(high)
                     0.750182      0.371611      -0.378571 (VIOLATED)
  rf_reg[2][29]/CLK(high)
                     0.750182      0.371611      -0.378571 (VIOLATED)
  rf_reg[2][31]/CLK(high)
                     0.750182      0.371611      -0.378571 (VIOLATED)
  rf_reg[3][0]/CLK(high)
                     0.750182      0.371611      -0.378571 (VIOLATED)
  rf_reg[3][1]/CLK(high)
                     0.750182      0.371611      -0.378571 (VIOLATED)
  rf_reg[3][2]/CLK(high)
                     0.750182      0.371611      -0.378571 (VIOLATED)
  rf_reg[3][3]/CLK(high)
                     0.750182      0.371611      -0.378571 (VIOLATED)
  rf_reg[3][4]/CLK(high)
                     0.750182      0.371611      -0.378571 (VIOLATED)
  rf_reg[3][5]/CLK(high)
                     0.750182      0.371611      -0.378571 (VIOLATED)
  rf_reg[3][6]/CLK(high)
                     0.750182      0.371611      -0.378571 (VIOLATED)
  rf_reg[3][7]/CLK(high)
                     0.750182      0.371611      -0.378571 (VIOLATED)
  rf_reg[3][8]/CLK(high)
                     0.750182      0.371611      -0.378571 (VIOLATED)
  rf_reg[3][9]/CLK(high)
                     0.750182      0.371611      -0.378571 (VIOLATED)
  rf_reg[3][10]/CLK(high)
                     0.750182      0.371611      -0.378571 (VIOLATED)
  rf_reg[3][11]/CLK(high)
                     0.750182      0.371611      -0.378571 (VIOLATED)
  rf_reg[3][12]/CLK(high)
                     0.750182      0.371611      -0.378571 (VIOLATED)
  rf_reg[3][13]/CLK(high)
                     0.750182      0.371611      -0.378571 (VIOLATED)
  rf_reg[3][14]/CLK(high)
                     0.750182      0.371611      -0.378571 (VIOLATED)
  rf_reg[3][15]/CLK(high)
                     0.750182      0.371611      -0.378571 (VIOLATED)
  rf_reg[3][16]/CLK(high)
                     0.750182      0.371611      -0.378571 (VIOLATED)
  rf_reg[3][17]/CLK(high)
                     0.750182      0.371611      -0.378571 (VIOLATED)
  rf_reg[3][18]/CLK(high)
                     0.750182      0.371611      -0.378571 (VIOLATED)
  rf_reg[3][19]/CLK(high)
                     0.750182      0.371611      -0.378571 (VIOLATED)
  rf_reg[3][20]/CLK(high)
                     0.750182      0.371611      -0.378571 (VIOLATED)
  rf_reg[3][21]/CLK(high)
                     0.750182      0.371611      -0.378571 (VIOLATED)
  rf_reg[3][22]/CLK(high)
                     0.750182      0.371611      -0.378571 (VIOLATED)
  rf_reg[3][23]/CLK(high)
                     0.750182      0.371611      -0.378571 (VIOLATED)
  rf_reg[3][24]/CLK(high)
                     0.750182      0.371611      -0.378571 (VIOLATED)
  rf_reg[3][25]/CLK(high)
                     0.750182      0.371611      -0.378571 (VIOLATED)
  rf_reg[3][26]/CLK(high)
                     0.750182      0.371611      -0.378571 (VIOLATED)
  rf_reg[3][27]/CLK(high)
                     0.750182      0.371611      -0.378571 (VIOLATED)
  rf_reg[3][28]/CLK(high)
                     0.750182      0.371611      -0.378571 (VIOLATED)
  rf_reg[3][29]/CLK(high)
                     0.750182      0.371611      -0.378571 (VIOLATED)
  rf_reg[3][31]/CLK(high)
                     0.750182      0.371611      -0.378571 (VIOLATED)
  rf_reg[4][0]/CLK(high)
                     0.750182      0.371611      -0.378571 (VIOLATED)
  rf_reg[4][1]/CLK(high)
                     0.750182      0.371611      -0.378571 (VIOLATED)
  rf_reg[4][2]/CLK(high)
                     0.750182      0.371611      -0.378571 (VIOLATED)
  rf_reg[4][3]/CLK(high)
                     0.750182      0.371611      -0.378571 (VIOLATED)
  rf_reg[4][4]/CLK(high)
                     0.750182      0.371611      -0.378571 (VIOLATED)
  rf_reg[4][5]/CLK(high)
                     0.750182      0.371611      -0.378571 (VIOLATED)
  rf_reg[4][6]/CLK(high)
                     0.750182      0.371611      -0.378571 (VIOLATED)
  rf_reg[4][7]/CLK(high)
                     0.750182      0.371611      -0.378571 (VIOLATED)
  rf_reg[4][8]/CLK(high)
                     0.750182      0.371611      -0.378571 (VIOLATED)
  rf_reg[4][9]/CLK(high)
                     0.750182      0.371611      -0.378571 (VIOLATED)
  rf_reg[4][10]/CLK(high)
                     0.750182      0.371611      -0.378571 (VIOLATED)
  rf_reg[4][11]/CLK(high)
                     0.750182      0.371611      -0.378571 (VIOLATED)
  rf_reg[4][12]/CLK(high)
                     0.750182      0.371611      -0.378571 (VIOLATED)
  rf_reg[4][13]/CLK(high)
                     0.750182      0.371611      -0.378571 (VIOLATED)
  rf_reg[4][14]/CLK(high)
                     0.750182      0.371611      -0.378571 (VIOLATED)
  rf_reg[4][15]/CLK(high)
                     0.750182      0.371611      -0.378571 (VIOLATED)
  rf_reg[4][16]/CLK(high)
                     0.750182      0.371611      -0.378571 (VIOLATED)
  rf_reg[4][17]/CLK(high)
                     0.750182      0.371611      -0.378571 (VIOLATED)
  rf_reg[4][18]/CLK(high)
                     0.750182      0.371611      -0.378571 (VIOLATED)
  rf_reg[4][19]/CLK(high)
                     0.750182      0.371611      -0.378571 (VIOLATED)
  rf_reg[4][20]/CLK(high)
                     0.750182      0.371611      -0.378571 (VIOLATED)
  rf_reg[4][21]/CLK(high)
                     0.750182      0.371611      -0.378571 (VIOLATED)
  rf_reg[4][22]/CLK(high)
                     0.750182      0.371611      -0.378571 (VIOLATED)
  rf_reg[4][23]/CLK(high)
                     0.750182      0.371611      -0.378571 (VIOLATED)
  rf_reg[4][24]/CLK(high)
                     0.750182      0.371611      -0.378571 (VIOLATED)
  rf_reg[4][25]/CLK(high)
                     0.750182      0.371611      -0.378571 (VIOLATED)
  rf_reg[4][26]/CLK(high)
                     0.750182      0.371611      -0.378571 (VIOLATED)
  rf_reg[4][27]/CLK(high)
                     0.750182      0.371611      -0.378571 (VIOLATED)
  rf_reg[4][28]/CLK(high)
                     0.750182      0.371611      -0.378571 (VIOLATED)
  rf_reg[4][29]/CLK(high)
                     0.750182      0.371611      -0.378571 (VIOLATED)
  rf_reg[4][31]/CLK(high)
                     0.750182      0.371611      -0.378571 (VIOLATED)
  rf_reg[5][0]/CLK(high)
                     0.750182      0.371611      -0.378571 (VIOLATED)
  rf_reg[5][1]/CLK(high)
                     0.750182      0.371611      -0.378571 (VIOLATED)
  rf_reg[5][2]/CLK(high)
                     0.750182      0.371611      -0.378571 (VIOLATED)
  rf_reg[5][3]/CLK(high)
                     0.750182      0.371611      -0.378571 (VIOLATED)
  rf_reg[5][4]/CLK(high)
                     0.750182      0.371611      -0.378571 (VIOLATED)
  rf_reg[5][5]/CLK(high)
                     0.750182      0.371611      -0.378571 (VIOLATED)
  rf_reg[5][6]/CLK(high)
                     0.750182      0.371611      -0.378571 (VIOLATED)
  rf_reg[5][7]/CLK(high)
                     0.750182      0.371611      -0.378571 (VIOLATED)
  rf_reg[5][8]/CLK(high)
                     0.750182      0.371611      -0.378571 (VIOLATED)
  rf_reg[5][9]/CLK(high)
                     0.750182      0.371611      -0.378571 (VIOLATED)
  rf_reg[5][10]/CLK(high)
                     0.750182      0.371611      -0.378571 (VIOLATED)
  rf_reg[5][11]/CLK(high)
                     0.750182      0.371611      -0.378571 (VIOLATED)
  rf_reg[5][12]/CLK(high)
                     0.750182      0.371611      -0.378571 (VIOLATED)
  rf_reg[5][13]/CLK(high)
                     0.750182      0.371611      -0.378571 (VIOLATED)
  rf_reg[5][14]/CLK(high)
                     0.750182      0.371611      -0.378571 (VIOLATED)
  rf_reg[5][15]/CLK(high)
                     0.750182      0.371611      -0.378571 (VIOLATED)
  rf_reg[5][16]/CLK(high)
                     0.750182      0.371611      -0.378571 (VIOLATED)
  rf_reg[5][17]/CLK(high)
                     0.750182      0.371611      -0.378571 (VIOLATED)
  rf_reg[5][18]/CLK(high)
                     0.750182      0.371611      -0.378571 (VIOLATED)
  rf_reg[5][19]/CLK(high)
                     0.750182      0.371611      -0.378571 (VIOLATED)
  rf_reg[5][20]/CLK(high)
                     0.750182      0.371611      -0.378571 (VIOLATED)
  rf_reg[5][21]/CLK(high)
                     0.750182      0.371611      -0.378571 (VIOLATED)
  rf_reg[5][22]/CLK(high)
                     0.750182      0.371611      -0.378571 (VIOLATED)
  rf_reg[5][23]/CLK(high)
                     0.750182      0.371611      -0.378571 (VIOLATED)
  rf_reg[5][24]/CLK(high)
                     0.750182      0.371611      -0.378571 (VIOLATED)
  rf_reg[5][25]/CLK(high)
                     0.750182      0.371611      -0.378571 (VIOLATED)
  rf_reg[5][26]/CLK(high)
                     0.750182      0.371611      -0.378571 (VIOLATED)
  rf_reg[5][27]/CLK(high)
                     0.750182      0.371611      -0.378571 (VIOLATED)
  rf_reg[5][28]/CLK(high)
                     0.750182      0.371611      -0.378571 (VIOLATED)
  rf_reg[5][29]/CLK(high)
                     0.750182      0.371611      -0.378571 (VIOLATED)
  rf_reg[5][31]/CLK(high)
                     0.750182      0.371611      -0.378571 (VIOLATED)
  rf_reg[6][0]/CLK(high)
                     0.750182      0.371611      -0.378571 (VIOLATED)
  rf_reg[6][1]/CLK(high)
                     0.750182      0.371611      -0.378571 (VIOLATED)
  rf_reg[6][2]/CLK(high)
                     0.750182      0.371611      -0.378571 (VIOLATED)
  rf_reg[6][3]/CLK(high)
                     0.750182      0.371611      -0.378571 (VIOLATED)
  rf_reg[6][4]/CLK(high)
                     0.750182      0.371611      -0.378571 (VIOLATED)
  rf_reg[6][5]/CLK(high)
                     0.750182      0.371611      -0.378571 (VIOLATED)
  rf_reg[6][6]/CLK(high)
                     0.750182      0.371611      -0.378571 (VIOLATED)
  rf_reg[6][7]/CLK(high)
                     0.750182      0.371611      -0.378571 (VIOLATED)
  rf_reg[6][8]/CLK(high)
                     0.750182      0.371611      -0.378571 (VIOLATED)
  rf_reg[6][9]/CLK(high)
                     0.750182      0.371611      -0.378571 (VIOLATED)
  rf_reg[6][10]/CLK(high)
                     0.750182      0.371611      -0.378571 (VIOLATED)
  rf_reg[6][11]/CLK(high)
                     0.750182      0.371611      -0.378571 (VIOLATED)
  rf_reg[6][12]/CLK(high)
                     0.750182      0.371611      -0.378571 (VIOLATED)
  rf_reg[6][13]/CLK(high)
                     0.750182      0.371611      -0.378571 (VIOLATED)
  rf_reg[6][14]/CLK(high)
                     0.750182      0.371611      -0.378571 (VIOLATED)
  rf_reg[6][15]/CLK(high)
                     0.750182      0.371611      -0.378571 (VIOLATED)
  rf_reg[6][16]/CLK(high)
                     0.750182      0.371611      -0.378571 (VIOLATED)
  rf_reg[6][17]/CLK(high)
                     0.750182      0.371611      -0.378571 (VIOLATED)
  rf_reg[6][18]/CLK(high)
                     0.750182      0.371611      -0.378571 (VIOLATED)
  rf_reg[6][19]/CLK(high)
                     0.750182      0.371611      -0.378571 (VIOLATED)
  rf_reg[6][20]/CLK(high)
                     0.750182      0.371611      -0.378571 (VIOLATED)
  rf_reg[6][21]/CLK(high)
                     0.750182      0.371611      -0.378571 (VIOLATED)
  rf_reg[6][22]/CLK(high)
                     0.750182      0.371611      -0.378571 (VIOLATED)
  rf_reg[6][23]/CLK(high)
                     0.750182      0.371611      -0.378571 (VIOLATED)
  rf_reg[6][24]/CLK(high)
                     0.750182      0.371611      -0.378571 (VIOLATED)
  rf_reg[6][25]/CLK(high)
                     0.750182      0.371611      -0.378571 (VIOLATED)
  rf_reg[6][26]/CLK(high)
                     0.750182      0.371611      -0.378571 (VIOLATED)
  rf_reg[6][27]/CLK(high)
                     0.750182      0.371611      -0.378571 (VIOLATED)
  rf_reg[6][28]/CLK(high)
                     0.750182      0.371611      -0.378571 (VIOLATED)
  rf_reg[6][29]/CLK(high)
                     0.750182      0.371611      -0.378571 (VIOLATED)
  rf_reg[6][30]/CLK(high)
                     0.750182      0.371611      -0.378571 (VIOLATED)
  rf_reg[6][31]/CLK(high)
                     0.750182      0.371611      -0.378571 (VIOLATED)
  rf_reg[7][0]/CLK(high)
                     0.750182      0.371611      -0.378571 (VIOLATED)
  rf_reg[7][1]/CLK(high)
                     0.750182      0.371611      -0.378571 (VIOLATED)
  rf_reg[7][2]/CLK(high)
                     0.750182      0.371611      -0.378571 (VIOLATED)
  rf_reg[7][3]/CLK(high)
                     0.750182      0.371611      -0.378571 (VIOLATED)
  rf_reg[7][4]/CLK(high)
                     0.750182      0.371611      -0.378571 (VIOLATED)
  rf_reg[7][5]/CLK(high)
                     0.750182      0.371611      -0.378571 (VIOLATED)
  rf_reg[7][6]/CLK(high)
                     0.750182      0.371611      -0.378571 (VIOLATED)
  rf_reg[7][7]/CLK(high)
                     0.750182      0.371611      -0.378571 (VIOLATED)
  rf_reg[7][8]/CLK(high)
                     0.750182      0.371611      -0.378571 (VIOLATED)
  rf_reg[7][9]/CLK(high)
                     0.750182      0.371611      -0.378571 (VIOLATED)
  rf_reg[7][10]/CLK(high)
                     0.750182      0.371611      -0.378571 (VIOLATED)
  rf_reg[7][11]/CLK(high)
                     0.750182      0.371611      -0.378571 (VIOLATED)
  rf_reg[7][12]/CLK(high)
                     0.750182      0.371611      -0.378571 (VIOLATED)
  rf_reg[7][13]/CLK(high)
                     0.750182      0.371611      -0.378571 (VIOLATED)
  rf_reg[7][14]/CLK(high)
                     0.750182      0.371611      -0.378571 (VIOLATED)
  rf_reg[7][15]/CLK(high)
                     0.750182      0.371611      -0.378571 (VIOLATED)
  rf_reg[7][16]/CLK(high)
                     0.750182      0.371611      -0.378571 (VIOLATED)
  rf_reg[7][17]/CLK(high)
                     0.750182      0.371611      -0.378571 (VIOLATED)
  rf_reg[7][18]/CLK(high)
                     0.750182      0.371611      -0.378571 (VIOLATED)
  rf_reg[7][19]/CLK(high)
                     0.750182      0.371611      -0.378571 (VIOLATED)
  rf_reg[7][20]/CLK(high)
                     0.750182      0.371611      -0.378571 (VIOLATED)
  rf_reg[7][21]/CLK(high)
                     0.750182      0.371611      -0.378571 (VIOLATED)
  rf_reg[7][22]/CLK(high)
                     0.750182      0.371611      -0.378571 (VIOLATED)
  rf_reg[7][23]/CLK(high)
                     0.750182      0.371611      -0.378571 (VIOLATED)
  rf_reg[7][24]/CLK(high)
                     0.750182      0.371611      -0.378571 (VIOLATED)
  rf_reg[7][25]/CLK(high)
                     0.750182      0.371611      -0.378571 (VIOLATED)
  rf_reg[7][26]/CLK(high)
                     0.750182      0.371611      -0.378571 (VIOLATED)
  rf_reg[7][27]/CLK(high)
                     0.750182      0.371611      -0.378571 (VIOLATED)
  rf_reg[7][28]/CLK(high)
                     0.750182      0.371611      -0.378571 (VIOLATED)
  rf_reg[7][29]/CLK(high)
                     0.750182      0.371611      -0.378571 (VIOLATED)
  rf_reg[7][30]/CLK(high)
                     0.750182      0.371611      -0.378571 (VIOLATED)
  rf_reg[7][31]/CLK(high)
                     0.750182      0.371611      -0.378571 (VIOLATED)
  rf_reg[8][0]/CLK(high)
                     0.750182      0.371611      -0.378571 (VIOLATED)
  rf_reg[8][1]/CLK(high)
                     0.750182      0.371611      -0.378571 (VIOLATED)
  rf_reg[8][2]/CLK(high)
                     0.750182      0.371611      -0.378571 (VIOLATED)
  rf_reg[8][3]/CLK(high)
                     0.750182      0.371611      -0.378571 (VIOLATED)
  rf_reg[8][4]/CLK(high)
                     0.750182      0.371611      -0.378571 (VIOLATED)
  rf_reg[8][5]/CLK(high)
                     0.750182      0.371611      -0.378571 (VIOLATED)
  rf_reg[8][6]/CLK(high)
                     0.750182      0.371611      -0.378571 (VIOLATED)
  rf_reg[8][7]/CLK(high)
                     0.750182      0.371611      -0.378571 (VIOLATED)
  rf_reg[8][8]/CLK(high)
                     0.750182      0.371611      -0.378571 (VIOLATED)
  rf_reg[8][9]/CLK(high)
                     0.750182      0.371611      -0.378571 (VIOLATED)
  rf_reg[8][10]/CLK(high)
                     0.750182      0.371611      -0.378571 (VIOLATED)
  rf_reg[8][11]/CLK(high)
                     0.750182      0.371611      -0.378571 (VIOLATED)
  rf_reg[8][12]/CLK(high)
                     0.750182      0.371611      -0.378571 (VIOLATED)
  rf_reg[8][13]/CLK(high)
                     0.750182      0.371611      -0.378571 (VIOLATED)
  rf_reg[8][14]/CLK(high)
                     0.750182      0.371611      -0.378571 (VIOLATED)
  rf_reg[8][15]/CLK(high)
                     0.750182      0.371611      -0.378571 (VIOLATED)
  rf_reg[8][16]/CLK(high)
                     0.750182      0.371611      -0.378571 (VIOLATED)
  rf_reg[8][17]/CLK(high)
                     0.750182      0.371611      -0.378571 (VIOLATED)
  rf_reg[8][18]/CLK(high)
                     0.750182      0.371611      -0.378571 (VIOLATED)
  rf_reg[8][19]/CLK(high)
                     0.750182      0.371611      -0.378571 (VIOLATED)
  rf_reg[8][20]/CLK(high)
                     0.750182      0.371611      -0.378571 (VIOLATED)
  rf_reg[8][21]/CLK(high)
                     0.750182      0.371611      -0.378571 (VIOLATED)
  rf_reg[8][22]/CLK(high)
                     0.750182      0.371611      -0.378571 (VIOLATED)
  rf_reg[8][23]/CLK(high)
                     0.750182      0.371611      -0.378571 (VIOLATED)
  rf_reg[8][24]/CLK(high)
                     0.750182      0.371611      -0.378571 (VIOLATED)
  rf_reg[8][25]/CLK(high)
                     0.750182      0.371611      -0.378571 (VIOLATED)
  rf_reg[8][26]/CLK(high)
                     0.750182      0.371611      -0.378571 (VIOLATED)
  rf_reg[8][27]/CLK(high)
                     0.750182      0.371611      -0.378571 (VIOLATED)
  rf_reg[8][28]/CLK(high)
                     0.750182      0.371611      -0.378571 (VIOLATED)
  rf_reg[8][29]/CLK(high)
                     0.750182      0.371611      -0.378571 (VIOLATED)
  rf_reg[8][30]/CLK(high)
                     0.750182      0.371611      -0.378571 (VIOLATED)
  rf_reg[8][31]/CLK(high)
                     0.750182      0.371611      -0.378571 (VIOLATED)
  rf_reg[9][0]/CLK(high)
                     0.750182      0.371611      -0.378571 (VIOLATED)
  rf_reg[9][1]/CLK(high)
                     0.750182      0.371611      -0.378571 (VIOLATED)
  rf_reg[9][2]/CLK(high)
                     0.750182      0.371611      -0.378571 (VIOLATED)
  rf_reg[9][3]/CLK(high)
                     0.750182      0.371611      -0.378571 (VIOLATED)
  rf_reg[9][4]/CLK(high)
                     0.750182      0.371611      -0.378571 (VIOLATED)
  rf_reg[9][5]/CLK(high)
                     0.750182      0.371611      -0.378571 (VIOLATED)
  rf_reg[9][6]/CLK(high)
                     0.750182      0.371611      -0.378571 (VIOLATED)
  rf_reg[9][7]/CLK(high)
                     0.750182      0.371611      -0.378571 (VIOLATED)
  rf_reg[9][8]/CLK(high)
                     0.750182      0.371611      -0.378571 (VIOLATED)
  rf_reg[9][9]/CLK(high)
                     0.750182      0.371611      -0.378571 (VIOLATED)
  rf_reg[9][10]/CLK(high)
                     0.750182      0.371611      -0.378571 (VIOLATED)
  rf_reg[9][11]/CLK(high)
                     0.750182      0.371611      -0.378571 (VIOLATED)
  rf_reg[9][12]/CLK(high)
                     0.750182      0.371611      -0.378571 (VIOLATED)
  rf_reg[9][13]/CLK(high)
                     0.750182      0.371611      -0.378571 (VIOLATED)
  rf_reg[9][14]/CLK(high)
                     0.750182      0.371611      -0.378571 (VIOLATED)
  rf_reg[9][15]/CLK(high)
                     0.750182      0.371611      -0.378571 (VIOLATED)
  rf_reg[9][16]/CLK(high)
                     0.750182      0.371611      -0.378571 (VIOLATED)
  rf_reg[9][17]/CLK(high)
                     0.750182      0.371611      -0.378571 (VIOLATED)
  rf_reg[9][18]/CLK(high)
                     0.750182      0.371611      -0.378571 (VIOLATED)
  rf_reg[9][19]/CLK(high)
                     0.750182      0.371611      -0.378571 (VIOLATED)
  rf_reg[9][20]/CLK(high)
                     0.750182      0.371611      -0.378571 (VIOLATED)
  rf_reg[9][21]/CLK(high)
                     0.750182      0.371611      -0.378571 (VIOLATED)
  rf_reg[9][22]/CLK(high)
                     0.750182      0.371611      -0.378571 (VIOLATED)
  rf_reg[9][23]/CLK(high)
                     0.750182      0.371611      -0.378571 (VIOLATED)
  rf_reg[9][24]/CLK(high)
                     0.750182      0.371611      -0.378571 (VIOLATED)
  rf_reg[9][25]/CLK(high)
                     0.750182      0.371611      -0.378571 (VIOLATED)
  rf_reg[9][26]/CLK(high)
                     0.750182      0.371611      -0.378571 (VIOLATED)
  rf_reg[9][27]/CLK(high)
                     0.750182      0.371611      -0.378571 (VIOLATED)
  rf_reg[9][28]/CLK(high)
                     0.750182      0.371611      -0.378571 (VIOLATED)
  rf_reg[9][29]/CLK(high)
                     0.750182      0.371611      -0.378571 (VIOLATED)
  rf_reg[9][30]/CLK(high)
                     0.750182      0.371611      -0.378571 (VIOLATED)
  rf_reg[9][31]/CLK(high)
                     0.750182      0.371611      -0.378571 (VIOLATED)
  rf_reg[10][0]/CLK(high)
                     0.750182      0.371611      -0.378571 (VIOLATED)
  rf_reg[10][1]/CLK(high)
                     0.750182      0.371611      -0.378571 (VIOLATED)
  rf_reg[10][2]/CLK(high)
                     0.750182      0.371611      -0.378571 (VIOLATED)
  rf_reg[10][3]/CLK(high)
                     0.750182      0.371611      -0.378571 (VIOLATED)
  rf_reg[10][4]/CLK(high)
                     0.750182      0.371611      -0.378571 (VIOLATED)
  rf_reg[10][5]/CLK(high)
                     0.750182      0.371611      -0.378571 (VIOLATED)
  rf_reg[10][6]/CLK(high)
                     0.750182      0.371611      -0.378571 (VIOLATED)
  rf_reg[10][7]/CLK(high)
                     0.750182      0.371611      -0.378571 (VIOLATED)
  rf_reg[10][8]/CLK(high)
                     0.750182      0.371611      -0.378571 (VIOLATED)
  rf_reg[10][9]/CLK(high)
                     0.750182      0.371611      -0.378571 (VIOLATED)
  rf_reg[10][10]/CLK(high)
                     0.750182      0.371611      -0.378571 (VIOLATED)
  rf_reg[10][11]/CLK(high)
                     0.750182      0.371611      -0.378571 (VIOLATED)
  rf_reg[10][12]/CLK(high)
                     0.750182      0.371611      -0.378571 (VIOLATED)
  rf_reg[10][13]/CLK(high)
                     0.750182      0.371611      -0.378571 (VIOLATED)
  rf_reg[10][14]/CLK(high)
                     0.750182      0.371611      -0.378571 (VIOLATED)
  rf_reg[10][15]/CLK(high)
                     0.750182      0.371611      -0.378571 (VIOLATED)
  rf_reg[10][16]/CLK(high)
                     0.750182      0.371611      -0.378571 (VIOLATED)
  rf_reg[10][17]/CLK(high)
                     0.750182      0.371611      -0.378571 (VIOLATED)
  rf_reg[10][18]/CLK(high)
                     0.750182      0.371611      -0.378571 (VIOLATED)
  rf_reg[10][19]/CLK(high)
                     0.750182      0.371611      -0.378571 (VIOLATED)
  rf_reg[10][20]/CLK(high)
                     0.750182      0.371611      -0.378571 (VIOLATED)
  rf_reg[10][21]/CLK(high)
                     0.750182      0.371611      -0.378571 (VIOLATED)
  rf_reg[10][22]/CLK(high)
                     0.750182      0.371611      -0.378571 (VIOLATED)
  rf_reg[10][23]/CLK(high)
                     0.750182      0.371611      -0.378571 (VIOLATED)
  rf_reg[10][24]/CLK(high)
                     0.750182      0.371611      -0.378571 (VIOLATED)
  rf_reg[10][25]/CLK(high)
                     0.750182      0.371611      -0.378571 (VIOLATED)
  rf_reg[10][26]/CLK(high)
                     0.750182      0.371611      -0.378571 (VIOLATED)
  rf_reg[10][27]/CLK(high)
                     0.750182      0.371611      -0.378571 (VIOLATED)
  rf_reg[10][28]/CLK(high)
                     0.750182      0.371611      -0.378571 (VIOLATED)
  rf_reg[10][29]/CLK(high)
                     0.750182      0.371611      -0.378571 (VIOLATED)
  rf_reg[10][30]/CLK(high)
                     0.750182      0.371611      -0.378571 (VIOLATED)
  rf_reg[10][31]/CLK(high)
                     0.750182      0.371611      -0.378571 (VIOLATED)
  rf_reg[11][0]/CLK(high)
                     0.750182      0.371611      -0.378571 (VIOLATED)
  rf_reg[11][1]/CLK(high)
                     0.750182      0.371611      -0.378571 (VIOLATED)
  rf_reg[11][2]/CLK(high)
                     0.750182      0.371611      -0.378571 (VIOLATED)
  rf_reg[11][3]/CLK(high)
                     0.750182      0.371611      -0.378571 (VIOLATED)
  rf_reg[11][4]/CLK(high)
                     0.750182      0.371611      -0.378571 (VIOLATED)
  rf_reg[11][5]/CLK(high)
                     0.750182      0.371611      -0.378571 (VIOLATED)
  rf_reg[11][6]/CLK(high)
                     0.750182      0.371611      -0.378571 (VIOLATED)
  rf_reg[11][7]/CLK(high)
                     0.750182      0.371611      -0.378571 (VIOLATED)
  rf_reg[11][8]/CLK(high)
                     0.750182      0.371611      -0.378571 (VIOLATED)
  rf_reg[11][9]/CLK(high)
                     0.750182      0.371611      -0.378571 (VIOLATED)
  rf_reg[11][10]/CLK(high)
                     0.750182      0.371611      -0.378571 (VIOLATED)
  rf_reg[11][11]/CLK(high)
                     0.750182      0.371611      -0.378571 (VIOLATED)
  rf_reg[11][12]/CLK(high)
                     0.750182      0.371611      -0.378571 (VIOLATED)
  rf_reg[11][13]/CLK(high)
                     0.750182      0.371611      -0.378571 (VIOLATED)
  rf_reg[11][14]/CLK(high)
                     0.750182      0.371611      -0.378571 (VIOLATED)
  rf_reg[11][15]/CLK(high)
                     0.750182      0.371611      -0.378571 (VIOLATED)
  rf_reg[11][16]/CLK(high)
                     0.750182      0.371611      -0.378571 (VIOLATED)
  rf_reg[11][17]/CLK(high)
                     0.750182      0.371611      -0.378571 (VIOLATED)
  rf_reg[11][18]/CLK(high)
                     0.750182      0.371611      -0.378571 (VIOLATED)
  rf_reg[11][19]/CLK(high)
                     0.750182      0.371611      -0.378571 (VIOLATED)
  rf_reg[11][20]/CLK(high)
                     0.750182      0.371611      -0.378571 (VIOLATED)
  rf_reg[11][21]/CLK(high)
                     0.750182      0.371611      -0.378571 (VIOLATED)
  rf_reg[11][22]/CLK(high)
                     0.750182      0.371611      -0.378571 (VIOLATED)
  rf_reg[11][23]/CLK(high)
                     0.750182      0.371611      -0.378571 (VIOLATED)
  rf_reg[11][24]/CLK(high)
                     0.750182      0.371611      -0.378571 (VIOLATED)
  rf_reg[11][25]/CLK(high)
                     0.750182      0.371611      -0.378571 (VIOLATED)
  rf_reg[11][26]/CLK(high)
                     0.750182      0.371611      -0.378571 (VIOLATED)
  rf_reg[11][27]/CLK(high)
                     0.750182      0.371611      -0.378571 (VIOLATED)
  rf_reg[11][28]/CLK(high)
                     0.750182      0.371611      -0.378571 (VIOLATED)
  rf_reg[11][29]/CLK(high)
                     0.750182      0.371611      -0.378571 (VIOLATED)
  rf_reg[11][30]/CLK(high)
                     0.750182      0.371611      -0.378571 (VIOLATED)
  rf_reg[11][31]/CLK(high)
                     0.750182      0.371611      -0.378571 (VIOLATED)
  rf_reg[12][0]/CLK(high)
                     0.750182      0.371611      -0.378571 (VIOLATED)
  rf_reg[12][1]/CLK(high)
                     0.750182      0.371611      -0.378571 (VIOLATED)
  rf_reg[12][2]/CLK(high)
                     0.750182      0.371611      -0.378571 (VIOLATED)
  rf_reg[12][3]/CLK(high)
                     0.750182      0.371611      -0.378571 (VIOLATED)
  rf_reg[12][4]/CLK(high)
                     0.750182      0.371611      -0.378571 (VIOLATED)
  rf_reg[12][5]/CLK(high)
                     0.750182      0.371611      -0.378571 (VIOLATED)
  rf_reg[12][6]/CLK(high)
                     0.750182      0.371611      -0.378571 (VIOLATED)
  rf_reg[12][7]/CLK(high)
                     0.750182      0.371611      -0.378571 (VIOLATED)
  rf_reg[12][8]/CLK(high)
                     0.750182      0.371611      -0.378571 (VIOLATED)
  rf_reg[12][9]/CLK(high)
                     0.750182      0.371611      -0.378571 (VIOLATED)
  rf_reg[12][10]/CLK(high)
                     0.750182      0.371611      -0.378571 (VIOLATED)
  rf_reg[12][11]/CLK(high)
                     0.750182      0.371611      -0.378571 (VIOLATED)
  rf_reg[12][12]/CLK(high)
                     0.750182      0.371611      -0.378571 (VIOLATED)
  rf_reg[12][13]/CLK(high)
                     0.750182      0.371611      -0.378571 (VIOLATED)
  rf_reg[12][14]/CLK(high)
                     0.750182      0.371611      -0.378571 (VIOLATED)
  rf_reg[12][15]/CLK(high)
                     0.750182      0.371611      -0.378571 (VIOLATED)
  rf_reg[12][16]/CLK(high)
                     0.750182      0.371611      -0.378571 (VIOLATED)
  rf_reg[12][17]/CLK(high)
                     0.750182      0.371611      -0.378571 (VIOLATED)
  rf_reg[12][18]/CLK(high)
                     0.750182      0.371611      -0.378571 (VIOLATED)
  rf_reg[12][19]/CLK(high)
                     0.750182      0.371611      -0.378571 (VIOLATED)
  rf_reg[12][20]/CLK(high)
                     0.750182      0.371611      -0.378571 (VIOLATED)
  rf_reg[12][21]/CLK(high)
                     0.750182      0.371611      -0.378571 (VIOLATED)
  rf_reg[12][22]/CLK(high)
                     0.750182      0.371611      -0.378571 (VIOLATED)
  rf_reg[12][23]/CLK(high)
                     0.750182      0.371611      -0.378571 (VIOLATED)
  rf_reg[12][24]/CLK(high)
                     0.750182      0.371611      -0.378571 (VIOLATED)
  rf_reg[12][25]/CLK(high)
                     0.750182      0.371611      -0.378571 (VIOLATED)
  rf_reg[12][26]/CLK(high)
                     0.750182      0.371611      -0.378571 (VIOLATED)
  rf_reg[12][27]/CLK(high)
                     0.750182      0.371611      -0.378571 (VIOLATED)
  rf_reg[12][28]/CLK(high)
                     0.750182      0.371611      -0.378571 (VIOLATED)
  rf_reg[12][29]/CLK(high)
                     0.750182      0.371611      -0.378571 (VIOLATED)
  rf_reg[12][30]/CLK(high)
                     0.750182      0.371611      -0.378571 (VIOLATED)
  rf_reg[12][31]/CLK(high)
                     0.750182      0.371611      -0.378571 (VIOLATED)
  rf_reg[13][0]/CLK(high)
                     0.750182      0.371611      -0.378571 (VIOLATED)
  rf_reg[13][1]/CLK(high)
                     0.750182      0.371611      -0.378571 (VIOLATED)
  rf_reg[13][2]/CLK(high)
                     0.750182      0.371611      -0.378571 (VIOLATED)
  rf_reg[13][3]/CLK(high)
                     0.750182      0.371611      -0.378571 (VIOLATED)
  rf_reg[13][4]/CLK(high)
                     0.750182      0.371611      -0.378571 (VIOLATED)
  rf_reg[13][5]/CLK(high)
                     0.750182      0.371611      -0.378571 (VIOLATED)
  rf_reg[13][6]/CLK(high)
                     0.750182      0.371611      -0.378571 (VIOLATED)
  rf_reg[13][7]/CLK(high)
                     0.750182      0.371611      -0.378571 (VIOLATED)
  rf_reg[13][8]/CLK(high)
                     0.750182      0.371611      -0.378571 (VIOLATED)
  rf_reg[13][9]/CLK(high)
                     0.750182      0.371611      -0.378571 (VIOLATED)
  rf_reg[13][10]/CLK(high)
                     0.750182      0.371611      -0.378571 (VIOLATED)
  rf_reg[13][11]/CLK(high)
                     0.750182      0.371611      -0.378571 (VIOLATED)
  rf_reg[13][12]/CLK(high)
                     0.750182      0.371611      -0.378571 (VIOLATED)
  rf_reg[13][13]/CLK(high)
                     0.750182      0.371611      -0.378571 (VIOLATED)
  rf_reg[13][14]/CLK(high)
                     0.750182      0.371611      -0.378571 (VIOLATED)
  rf_reg[13][15]/CLK(high)
                     0.750182      0.371611      -0.378571 (VIOLATED)
  rf_reg[13][16]/CLK(high)
                     0.750182      0.371611      -0.378571 (VIOLATED)
  rf_reg[13][17]/CLK(high)
                     0.750182      0.371611      -0.378571 (VIOLATED)
  rf_reg[13][18]/CLK(high)
                     0.750182      0.371611      -0.378571 (VIOLATED)
  rf_reg[13][19]/CLK(high)
                     0.750182      0.371611      -0.378571 (VIOLATED)
  rf_reg[13][20]/CLK(high)
                     0.750182      0.371611      -0.378571 (VIOLATED)
  rf_reg[13][21]/CLK(high)
                     0.750182      0.371611      -0.378571 (VIOLATED)
  rf_reg[13][22]/CLK(high)
                     0.750182      0.371611      -0.378571 (VIOLATED)
  rf_reg[13][23]/CLK(high)
                     0.750182      0.371611      -0.378571 (VIOLATED)
  rf_reg[13][24]/CLK(high)
                     0.750182      0.371611      -0.378571 (VIOLATED)
  rf_reg[13][25]/CLK(high)
                     0.750182      0.371611      -0.378571 (VIOLATED)
  rf_reg[13][26]/CLK(high)
                     0.750182      0.371611      -0.378571 (VIOLATED)
  rf_reg[13][27]/CLK(high)
                     0.750182      0.371611      -0.378571 (VIOLATED)
  rf_reg[13][28]/CLK(high)
                     0.750182      0.371611      -0.378571 (VIOLATED)
  rf_reg[13][29]/CLK(high)
                     0.750182      0.371611      -0.378571 (VIOLATED)
  rf_reg[13][30]/CLK(high)
                     0.750182      0.371611      -0.378571 (VIOLATED)
  rf_reg[13][31]/CLK(high)
                     0.750182      0.371611      -0.378571 (VIOLATED)
  rf_reg[14][0]/CLK(high)
                     0.750182      0.371611      -0.378571 (VIOLATED)
  rf_reg[14][1]/CLK(high)
                     0.750182      0.371611      -0.378571 (VIOLATED)
  rf_reg[14][2]/CLK(high)
                     0.750182      0.371611      -0.378571 (VIOLATED)
  rf_reg[14][3]/CLK(high)
                     0.750182      0.371611      -0.378571 (VIOLATED)
  rf_reg[14][4]/CLK(high)
                     0.750182      0.371611      -0.378571 (VIOLATED)
  rf_reg[14][5]/CLK(high)
                     0.750182      0.371611      -0.378571 (VIOLATED)
  rf_reg[14][6]/CLK(high)
                     0.750182      0.371611      -0.378571 (VIOLATED)
  rf_reg[14][7]/CLK(high)
                     0.750182      0.371611      -0.378571 (VIOLATED)
  rf_reg[14][8]/CLK(high)
                     0.750182      0.371611      -0.378571 (VIOLATED)
  rf_reg[14][9]/CLK(high)
                     0.750182      0.371611      -0.378571 (VIOLATED)
  rf_reg[14][10]/CLK(high)
                     0.750182      0.371611      -0.378571 (VIOLATED)
  rf_reg[14][11]/CLK(high)
                     0.750182      0.371611      -0.378571 (VIOLATED)
  rf_reg[14][12]/CLK(high)
                     0.750182      0.371611      -0.378571 (VIOLATED)
  rf_reg[14][13]/CLK(high)
                     0.750182      0.371611      -0.378571 (VIOLATED)
  rf_reg[14][14]/CLK(high)
                     0.750182      0.371611      -0.378571 (VIOLATED)
  rf_reg[14][15]/CLK(high)
                     0.750182      0.371611      -0.378571 (VIOLATED)
  rf_reg[14][16]/CLK(high)
                     0.750182      0.371611      -0.378571 (VIOLATED)
  rf_reg[14][17]/CLK(high)
                     0.750182      0.371611      -0.378571 (VIOLATED)
  rf_reg[14][18]/CLK(high)
                     0.750182      0.371611      -0.378571 (VIOLATED)
  rf_reg[14][19]/CLK(high)
                     0.750182      0.371611      -0.378571 (VIOLATED)
  rf_reg[14][20]/CLK(high)
                     0.750182      0.371611      -0.378571 (VIOLATED)
  rf_reg[14][21]/CLK(high)
                     0.750182      0.371611      -0.378571 (VIOLATED)
  rf_reg[14][22]/CLK(high)
                     0.750182      0.371611      -0.378571 (VIOLATED)
  rf_reg[14][23]/CLK(high)
                     0.750182      0.371611      -0.378571 (VIOLATED)
  rf_reg[14][24]/CLK(high)
                     0.750182      0.371611      -0.378571 (VIOLATED)
  rf_reg[14][25]/CLK(high)
                     0.750182      0.371611      -0.378571 (VIOLATED)
  rf_reg[14][26]/CLK(high)
                     0.750182      0.371611      -0.378571 (VIOLATED)
  rf_reg[14][27]/CLK(high)
                     0.750182      0.371611      -0.378571 (VIOLATED)
  rf_reg[14][28]/CLK(high)
                     0.750182      0.371611      -0.378571 (VIOLATED)
  rf_reg[14][29]/CLK(high)
                     0.750182      0.371611      -0.378571 (VIOLATED)
  rf_reg[14][30]/CLK(high)
                     0.750182      0.371611      -0.378571 (VIOLATED)
  rf_reg[14][31]/CLK(high)
                     0.750182      0.371611      -0.378571 (VIOLATED)
  rf_reg[15][0]/CLK(high)
                     0.750182      0.371611      -0.378571 (VIOLATED)
  rf_reg[15][1]/CLK(high)
                     0.750182      0.371611      -0.378571 (VIOLATED)
  rf_reg[15][2]/CLK(high)
                     0.750182      0.371611      -0.378571 (VIOLATED)
  rf_reg[15][3]/CLK(high)
                     0.750182      0.371611      -0.378571 (VIOLATED)
  rf_reg[15][4]/CLK(high)
                     0.750182      0.371611      -0.378571 (VIOLATED)
  rf_reg[15][5]/CLK(high)
                     0.750182      0.371611      -0.378571 (VIOLATED)
  rf_reg[15][6]/CLK(high)
                     0.750182      0.371611      -0.378571 (VIOLATED)
  rf_reg[15][7]/CLK(high)
                     0.750182      0.371611      -0.378571 (VIOLATED)
  rf_reg[15][8]/CLK(high)
                     0.750182      0.371611      -0.378571 (VIOLATED)
  rf_reg[15][9]/CLK(high)
                     0.750182      0.371611      -0.378571 (VIOLATED)
  rf_reg[15][10]/CLK(high)
                     0.750182      0.371611      -0.378571 (VIOLATED)
  rf_reg[15][11]/CLK(high)
                     0.750182      0.371611      -0.378571 (VIOLATED)
  rf_reg[15][12]/CLK(high)
                     0.750182      0.371611      -0.378571 (VIOLATED)
  rf_reg[15][13]/CLK(high)
                     0.750182      0.371611      -0.378571 (VIOLATED)
  rf_reg[15][14]/CLK(high)
                     0.750182      0.371611      -0.378571 (VIOLATED)
  rf_reg[15][15]/CLK(high)
                     0.750182      0.371611      -0.378571 (VIOLATED)
  rf_reg[15][16]/CLK(high)
                     0.750182      0.371611      -0.378571 (VIOLATED)
  rf_reg[15][17]/CLK(high)
                     0.750182      0.371611      -0.378571 (VIOLATED)
  rf_reg[15][18]/CLK(high)
                     0.750182      0.371611      -0.378571 (VIOLATED)
  rf_reg[15][19]/CLK(high)
                     0.750182      0.371611      -0.378571 (VIOLATED)
  rf_reg[15][20]/CLK(high)
                     0.750182      0.371611      -0.378571 (VIOLATED)
  rf_reg[15][21]/CLK(high)
                     0.750182      0.371611      -0.378571 (VIOLATED)
  rf_reg[15][22]/CLK(high)
                     0.750182      0.371611      -0.378571 (VIOLATED)
  rf_reg[15][23]/CLK(high)
                     0.750182      0.371611      -0.378571 (VIOLATED)
  rf_reg[15][24]/CLK(high)
                     0.750182      0.371611      -0.378571 (VIOLATED)
  rf_reg[15][25]/CLK(high)
                     0.750182      0.371611      -0.378571 (VIOLATED)
  rf_reg[15][26]/CLK(high)
                     0.750182      0.371611      -0.378571 (VIOLATED)
  rf_reg[15][27]/CLK(high)
                     0.750182      0.371611      -0.378571 (VIOLATED)
  rf_reg[15][28]/CLK(high)
                     0.750182      0.371611      -0.378571 (VIOLATED)
  rf_reg[15][29]/CLK(high)
                     0.750182      0.371611      -0.378571 (VIOLATED)
  rf_reg[15][30]/CLK(high)
                     0.750182      0.371611      -0.378571 (VIOLATED)
  rf_reg[15][31]/CLK(high)
                     0.750182      0.371611      -0.378571 (VIOLATED)
  rf_reg[16][0]/CLK(high)
                     0.750182      0.371611      -0.378571 (VIOLATED)
  rf_reg[16][1]/CLK(high)
                     0.750182      0.371611      -0.378571 (VIOLATED)
  rf_reg[16][2]/CLK(high)
                     0.750182      0.371611      -0.378571 (VIOLATED)
  rf_reg[16][3]/CLK(high)
                     0.750182      0.371611      -0.378571 (VIOLATED)
  rf_reg[16][4]/CLK(high)
                     0.750182      0.371611      -0.378571 (VIOLATED)
  rf_reg[16][5]/CLK(high)
                     0.750182      0.371611      -0.378571 (VIOLATED)
  rf_reg[16][6]/CLK(high)
                     0.750182      0.371611      -0.378571 (VIOLATED)
  rf_reg[16][7]/CLK(high)
                     0.750182      0.371611      -0.378571 (VIOLATED)
  rf_reg[16][8]/CLK(high)
                     0.750182      0.371611      -0.378571 (VIOLATED)
  rf_reg[16][9]/CLK(high)
                     0.750182      0.371611      -0.378571 (VIOLATED)
  rf_reg[16][10]/CLK(high)
                     0.750182      0.371611      -0.378571 (VIOLATED)
  rf_reg[16][11]/CLK(high)
                     0.750182      0.371611      -0.378571 (VIOLATED)
  rf_reg[16][12]/CLK(high)
                     0.750182      0.371611      -0.378571 (VIOLATED)
  rf_reg[16][13]/CLK(high)
                     0.750182      0.371611      -0.378571 (VIOLATED)
  rf_reg[16][14]/CLK(high)
                     0.750182      0.371611      -0.378571 (VIOLATED)
  rf_reg[16][15]/CLK(high)
                     0.750182      0.371611      -0.378571 (VIOLATED)
  rf_reg[16][16]/CLK(high)
                     0.750182      0.371611      -0.378571 (VIOLATED)
  rf_reg[16][17]/CLK(high)
                     0.750182      0.371611      -0.378571 (VIOLATED)
  rf_reg[16][18]/CLK(high)
                     0.750182      0.371611      -0.378571 (VIOLATED)
  rf_reg[16][19]/CLK(high)
                     0.750182      0.371611      -0.378571 (VIOLATED)
  rf_reg[16][20]/CLK(high)
                     0.750182      0.371611      -0.378571 (VIOLATED)
  rf_reg[16][21]/CLK(high)
                     0.750182      0.371611      -0.378571 (VIOLATED)
  rf_reg[16][22]/CLK(high)
                     0.750182      0.371611      -0.378571 (VIOLATED)
  rf_reg[16][23]/CLK(high)
                     0.750182      0.371611      -0.378571 (VIOLATED)
  rf_reg[16][24]/CLK(high)
                     0.750182      0.371611      -0.378571 (VIOLATED)
  rf_reg[16][25]/CLK(high)
                     0.750182      0.371611      -0.378571 (VIOLATED)
  rf_reg[16][26]/CLK(high)
                     0.750182      0.371611      -0.378571 (VIOLATED)
  rf_reg[16][27]/CLK(high)
                     0.750182      0.371611      -0.378571 (VIOLATED)
  rf_reg[16][28]/CLK(high)
                     0.750182      0.371611      -0.378571 (VIOLATED)
  rf_reg[16][29]/CLK(high)
                     0.750182      0.371611      -0.378571 (VIOLATED)
  rf_reg[16][30]/CLK(high)
                     0.750182      0.371611      -0.378571 (VIOLATED)
  rf_reg[16][31]/CLK(high)
                     0.750182      0.371611      -0.378571 (VIOLATED)
  rf_reg[17][0]/CLK(high)
                     0.750182      0.371611      -0.378571 (VIOLATED)
  rf_reg[17][1]/CLK(high)
                     0.750182      0.371611      -0.378571 (VIOLATED)
  rf_reg[17][2]/CLK(high)
                     0.750182      0.371611      -0.378571 (VIOLATED)
  rf_reg[17][3]/CLK(high)
                     0.750182      0.371611      -0.378571 (VIOLATED)
  rf_reg[17][4]/CLK(high)
                     0.750182      0.371611      -0.378571 (VIOLATED)
  rf_reg[17][5]/CLK(high)
                     0.750182      0.371611      -0.378571 (VIOLATED)
  rf_reg[17][6]/CLK(high)
                     0.750182      0.371611      -0.378571 (VIOLATED)
  rf_reg[17][7]/CLK(high)
                     0.750182      0.371611      -0.378571 (VIOLATED)
  rf_reg[17][8]/CLK(high)
                     0.750182      0.371611      -0.378571 (VIOLATED)
  rf_reg[17][9]/CLK(high)
                     0.750182      0.371611      -0.378571 (VIOLATED)
  rf_reg[17][10]/CLK(high)
                     0.750182      0.371611      -0.378571 (VIOLATED)
  rf_reg[17][11]/CLK(high)
                     0.750182      0.371611      -0.378571 (VIOLATED)
  rf_reg[17][12]/CLK(high)
                     0.750182      0.371611      -0.378571 (VIOLATED)
  rf_reg[17][13]/CLK(high)
                     0.750182      0.371611      -0.378571 (VIOLATED)
  rf_reg[17][14]/CLK(high)
                     0.750182      0.371611      -0.378571 (VIOLATED)
  rf_reg[17][15]/CLK(high)
                     0.750182      0.371611      -0.378571 (VIOLATED)
  rf_reg[17][16]/CLK(high)
                     0.750182      0.371611      -0.378571 (VIOLATED)
  rf_reg[17][17]/CLK(high)
                     0.750182      0.371611      -0.378571 (VIOLATED)
  rf_reg[17][18]/CLK(high)
                     0.750182      0.371611      -0.378571 (VIOLATED)
  rf_reg[17][19]/CLK(high)
                     0.750182      0.371611      -0.378571 (VIOLATED)
  rf_reg[17][20]/CLK(high)
                     0.750182      0.371611      -0.378571 (VIOLATED)
  rf_reg[17][21]/CLK(high)
                     0.750182      0.371611      -0.378571 (VIOLATED)
  rf_reg[17][22]/CLK(high)
                     0.750182      0.371611      -0.378571 (VIOLATED)
  rf_reg[17][23]/CLK(high)
                     0.750182      0.371611      -0.378571 (VIOLATED)
  rf_reg[17][24]/CLK(high)
                     0.750182      0.371611      -0.378571 (VIOLATED)
  rf_reg[17][25]/CLK(high)
                     0.750182      0.371611      -0.378571 (VIOLATED)
  rf_reg[17][26]/CLK(high)
                     0.750182      0.371611      -0.378571 (VIOLATED)
  rf_reg[17][27]/CLK(high)
                     0.750182      0.371611      -0.378571 (VIOLATED)
  rf_reg[17][28]/CLK(high)
                     0.750182      0.371611      -0.378571 (VIOLATED)
  rf_reg[17][29]/CLK(high)
                     0.750182      0.371611      -0.378571 (VIOLATED)
  rf_reg[17][30]/CLK(high)
                     0.750182      0.371611      -0.378571 (VIOLATED)
  rf_reg[17][31]/CLK(high)
                     0.750182      0.371611      -0.378571 (VIOLATED)
  rf_reg[18][0]/CLK(high)
                     0.750182      0.371611      -0.378571 (VIOLATED)
  rf_reg[18][1]/CLK(high)
                     0.750182      0.371611      -0.378571 (VIOLATED)
  rf_reg[18][2]/CLK(high)
                     0.750182      0.371611      -0.378571 (VIOLATED)
  rf_reg[18][3]/CLK(high)
                     0.750182      0.371611      -0.378571 (VIOLATED)
  rf_reg[18][4]/CLK(high)
                     0.750182      0.371611      -0.378571 (VIOLATED)
  rf_reg[18][5]/CLK(high)
                     0.750182      0.371611      -0.378571 (VIOLATED)
  rf_reg[18][6]/CLK(high)
                     0.750182      0.371611      -0.378571 (VIOLATED)
  rf_reg[18][7]/CLK(high)
                     0.750182      0.371611      -0.378571 (VIOLATED)
  rf_reg[18][8]/CLK(high)
                     0.750182      0.371611      -0.378571 (VIOLATED)
  rf_reg[18][9]/CLK(high)
                     0.750182      0.371611      -0.378571 (VIOLATED)
  rf_reg[18][10]/CLK(high)
                     0.750182      0.371611      -0.378571 (VIOLATED)
  rf_reg[18][11]/CLK(high)
                     0.750182      0.371611      -0.378571 (VIOLATED)
  rf_reg[18][12]/CLK(high)
                     0.750182      0.371611      -0.378571 (VIOLATED)
  rf_reg[18][13]/CLK(high)
                     0.750182      0.371611      -0.378571 (VIOLATED)
  rf_reg[18][14]/CLK(high)
                     0.750182      0.371611      -0.378571 (VIOLATED)
  rf_reg[18][15]/CLK(high)
                     0.750182      0.371611      -0.378571 (VIOLATED)
  rf_reg[18][16]/CLK(high)
                     0.750182      0.371611      -0.378571 (VIOLATED)
  rf_reg[18][17]/CLK(high)
                     0.750182      0.371611      -0.378571 (VIOLATED)
  rf_reg[18][18]/CLK(high)
                     0.750182      0.371611      -0.378571 (VIOLATED)
  rf_reg[18][19]/CLK(high)
                     0.750182      0.371611      -0.378571 (VIOLATED)
  rf_reg[18][20]/CLK(high)
                     0.750182      0.371611      -0.378571 (VIOLATED)
  rf_reg[18][21]/CLK(high)
                     0.750182      0.371611      -0.378571 (VIOLATED)
  rf_reg[18][22]/CLK(high)
                     0.750182      0.371611      -0.378571 (VIOLATED)
  rf_reg[18][23]/CLK(high)
                     0.750182      0.371611      -0.378571 (VIOLATED)
  rf_reg[18][24]/CLK(high)
                     0.750182      0.371611      -0.378571 (VIOLATED)
  rf_reg[18][25]/CLK(high)
                     0.750182      0.371611      -0.378571 (VIOLATED)
  rf_reg[18][26]/CLK(high)
                     0.750182      0.371611      -0.378571 (VIOLATED)
  rf_reg[18][27]/CLK(high)
                     0.750182      0.371611      -0.378571 (VIOLATED)
  rf_reg[18][28]/CLK(high)
                     0.750182      0.371611      -0.378571 (VIOLATED)
  rf_reg[18][29]/CLK(high)
                     0.750182      0.371611      -0.378571 (VIOLATED)
  rf_reg[18][30]/CLK(high)
                     0.750182      0.371611      -0.378571 (VIOLATED)
  rf_reg[18][31]/CLK(high)
                     0.750182      0.371611      -0.378571 (VIOLATED)
  rf_reg[19][0]/CLK(high)
                     0.750182      0.371611      -0.378571 (VIOLATED)
  rf_reg[19][1]/CLK(high)
                     0.750182      0.371611      -0.378571 (VIOLATED)
  rf_reg[19][2]/CLK(high)
                     0.750182      0.371611      -0.378571 (VIOLATED)
  rf_reg[19][3]/CLK(high)
                     0.750182      0.371611      -0.378571 (VIOLATED)
  rf_reg[19][4]/CLK(high)
                     0.750182      0.371611      -0.378571 (VIOLATED)
  rf_reg[19][5]/CLK(high)
                     0.750182      0.371611      -0.378571 (VIOLATED)
  rf_reg[19][6]/CLK(high)
                     0.750182      0.371611      -0.378571 (VIOLATED)
  rf_reg[19][7]/CLK(high)
                     0.750182      0.371611      -0.378571 (VIOLATED)
  rf_reg[19][8]/CLK(high)
                     0.750182      0.371611      -0.378571 (VIOLATED)
  rf_reg[19][9]/CLK(high)
                     0.750182      0.371611      -0.378571 (VIOLATED)
  rf_reg[19][10]/CLK(high)
                     0.750182      0.371611      -0.378571 (VIOLATED)
  rf_reg[19][11]/CLK(high)
                     0.750182      0.371611      -0.378571 (VIOLATED)
  rf_reg[19][12]/CLK(high)
                     0.750182      0.371611      -0.378571 (VIOLATED)
  rf_reg[19][13]/CLK(high)
                     0.750182      0.371611      -0.378571 (VIOLATED)
  rf_reg[19][14]/CLK(high)
                     0.750182      0.371611      -0.378571 (VIOLATED)
  rf_reg[19][15]/CLK(high)
                     0.750182      0.371611      -0.378571 (VIOLATED)
  rf_reg[19][16]/CLK(high)
                     0.750182      0.371611      -0.378571 (VIOLATED)
  rf_reg[19][17]/CLK(high)
                     0.750182      0.371611      -0.378571 (VIOLATED)
  rf_reg[19][18]/CLK(high)
                     0.750182      0.371611      -0.378571 (VIOLATED)
  rf_reg[19][19]/CLK(high)
                     0.750182      0.371611      -0.378571 (VIOLATED)
  rf_reg[19][20]/CLK(high)
                     0.750182      0.371611      -0.378571 (VIOLATED)
  rf_reg[19][21]/CLK(high)
                     0.750182      0.371611      -0.378571 (VIOLATED)
  rf_reg[19][22]/CLK(high)
                     0.750182      0.371611      -0.378571 (VIOLATED)
  rf_reg[19][23]/CLK(high)
                     0.750182      0.371611      -0.378571 (VIOLATED)
  rf_reg[19][24]/CLK(high)
                     0.750182      0.371611      -0.378571 (VIOLATED)
  rf_reg[19][25]/CLK(high)
                     0.750182      0.371611      -0.378571 (VIOLATED)
  rf_reg[19][26]/CLK(high)
                     0.750182      0.371611      -0.378571 (VIOLATED)
  rf_reg[19][27]/CLK(high)
                     0.750182      0.371611      -0.378571 (VIOLATED)
  rf_reg[19][28]/CLK(high)
                     0.750182      0.371611      -0.378571 (VIOLATED)
  rf_reg[19][29]/CLK(high)
                     0.750182      0.371611      -0.378571 (VIOLATED)
  rf_reg[19][30]/CLK(high)
                     0.750182      0.371611      -0.378571 (VIOLATED)
  rf_reg[19][31]/CLK(high)
                     0.750182      0.371611      -0.378571 (VIOLATED)
  rf_reg[20][0]/CLK(high)
                     0.750182      0.371611      -0.378571 (VIOLATED)
  rf_reg[20][1]/CLK(high)
                     0.750182      0.371611      -0.378571 (VIOLATED)
  rf_reg[20][2]/CLK(high)
                     0.750182      0.371611      -0.378571 (VIOLATED)
  rf_reg[20][3]/CLK(high)
                     0.750182      0.371611      -0.378571 (VIOLATED)
  rf_reg[20][4]/CLK(high)
                     0.750182      0.371611      -0.378571 (VIOLATED)
  rf_reg[20][5]/CLK(high)
                     0.750182      0.371611      -0.378571 (VIOLATED)
  rf_reg[20][6]/CLK(high)
                     0.750182      0.371611      -0.378571 (VIOLATED)
  rf_reg[20][7]/CLK(high)
                     0.750182      0.371611      -0.378571 (VIOLATED)
  rf_reg[20][8]/CLK(high)
                     0.750182      0.371611      -0.378571 (VIOLATED)
  rf_reg[20][9]/CLK(high)
                     0.750182      0.371611      -0.378571 (VIOLATED)
  rf_reg[20][10]/CLK(high)
                     0.750182      0.371611      -0.378571 (VIOLATED)
  rf_reg[20][11]/CLK(high)
                     0.750182      0.371611      -0.378571 (VIOLATED)
  rf_reg[20][12]/CLK(high)
                     0.750182      0.371611      -0.378571 (VIOLATED)
  rf_reg[20][13]/CLK(high)
                     0.750182      0.371611      -0.378571 (VIOLATED)
  rf_reg[20][14]/CLK(high)
                     0.750182      0.371611      -0.378571 (VIOLATED)
  rf_reg[20][15]/CLK(high)
                     0.750182      0.371611      -0.378571 (VIOLATED)
  rf_reg[20][16]/CLK(high)
                     0.750182      0.371611      -0.378571 (VIOLATED)
  rf_reg[20][17]/CLK(high)
                     0.750182      0.371611      -0.378571 (VIOLATED)
  rf_reg[20][18]/CLK(high)
                     0.750182      0.371611      -0.378571 (VIOLATED)
  rf_reg[20][19]/CLK(high)
                     0.750182      0.371611      -0.378571 (VIOLATED)
  rf_reg[20][20]/CLK(high)
                     0.750182      0.371611      -0.378571 (VIOLATED)
  rf_reg[20][21]/CLK(high)
                     0.750182      0.371611      -0.378571 (VIOLATED)
  rf_reg[20][22]/CLK(high)
                     0.750182      0.371611      -0.378571 (VIOLATED)
  rf_reg[20][23]/CLK(high)
                     0.750182      0.371611      -0.378571 (VIOLATED)
  rf_reg[20][24]/CLK(high)
                     0.750182      0.371611      -0.378571 (VIOLATED)
  rf_reg[20][25]/CLK(high)
                     0.750182      0.371611      -0.378571 (VIOLATED)
  rf_reg[20][26]/CLK(high)
                     0.750182      0.371611      -0.378571 (VIOLATED)
  rf_reg[20][27]/CLK(high)
                     0.750182      0.371611      -0.378571 (VIOLATED)
  rf_reg[20][28]/CLK(high)
                     0.750182      0.371611      -0.378571 (VIOLATED)
  rf_reg[20][29]/CLK(high)
                     0.750182      0.371611      -0.378571 (VIOLATED)
  rf_reg[20][30]/CLK(high)
                     0.750182      0.371611      -0.378571 (VIOLATED)
  rf_reg[20][31]/CLK(high)
                     0.750182      0.371611      -0.378571 (VIOLATED)
  rf_reg[21][0]/CLK(high)
                     0.750182      0.371611      -0.378571 (VIOLATED)
  rf_reg[21][1]/CLK(high)
                     0.750182      0.371611      -0.378571 (VIOLATED)
  rf_reg[21][2]/CLK(high)
                     0.750182      0.371611      -0.378571 (VIOLATED)
  rf_reg[21][3]/CLK(high)
                     0.750182      0.371611      -0.378571 (VIOLATED)
  rf_reg[21][4]/CLK(high)
                     0.750182      0.371611      -0.378571 (VIOLATED)
  rf_reg[21][5]/CLK(high)
                     0.750182      0.371611      -0.378571 (VIOLATED)
  rf_reg[21][6]/CLK(high)
                     0.750182      0.371611      -0.378571 (VIOLATED)
  rf_reg[21][7]/CLK(high)
                     0.750182      0.371611      -0.378571 (VIOLATED)
  rf_reg[21][8]/CLK(high)
                     0.750182      0.371611      -0.378571 (VIOLATED)
  rf_reg[21][9]/CLK(high)
                     0.750182      0.371611      -0.378571 (VIOLATED)
  rf_reg[21][10]/CLK(high)
                     0.750182      0.371611      -0.378571 (VIOLATED)
  rf_reg[21][11]/CLK(high)
                     0.750182      0.371611      -0.378571 (VIOLATED)
  rf_reg[21][12]/CLK(high)
                     0.750182      0.371611      -0.378571 (VIOLATED)
  rf_reg[21][13]/CLK(high)
                     0.750182      0.371611      -0.378571 (VIOLATED)
  rf_reg[21][14]/CLK(high)
                     0.750182      0.371611      -0.378571 (VIOLATED)
  rf_reg[21][15]/CLK(high)
                     0.750182      0.371611      -0.378571 (VIOLATED)
  rf_reg[21][16]/CLK(high)
                     0.750182      0.371611      -0.378571 (VIOLATED)
  rf_reg[21][17]/CLK(high)
                     0.750182      0.371611      -0.378571 (VIOLATED)
  rf_reg[21][18]/CLK(high)
                     0.750182      0.371611      -0.378571 (VIOLATED)
  rf_reg[21][19]/CLK(high)
                     0.750182      0.371611      -0.378571 (VIOLATED)
  rf_reg[21][20]/CLK(high)
                     0.750182      0.371611      -0.378571 (VIOLATED)
  rf_reg[21][21]/CLK(high)
                     0.750182      0.371611      -0.378571 (VIOLATED)
  rf_reg[21][22]/CLK(high)
                     0.750182      0.371611      -0.378571 (VIOLATED)
  rf_reg[21][23]/CLK(high)
                     0.750182      0.371611      -0.378571 (VIOLATED)
  rf_reg[21][24]/CLK(high)
                     0.750182      0.371611      -0.378571 (VIOLATED)
  rf_reg[21][25]/CLK(high)
                     0.750182      0.371611      -0.378571 (VIOLATED)
  rf_reg[21][26]/CLK(high)
                     0.750182      0.371611      -0.378571 (VIOLATED)
  rf_reg[21][27]/CLK(high)
                     0.750182      0.371611      -0.378571 (VIOLATED)
  rf_reg[21][28]/CLK(high)
                     0.750182      0.371611      -0.378571 (VIOLATED)
  rf_reg[21][29]/CLK(high)
                     0.750182      0.371611      -0.378571 (VIOLATED)
  rf_reg[21][30]/CLK(high)
                     0.750182      0.371611      -0.378571 (VIOLATED)
  rf_reg[21][31]/CLK(high)
                     0.750182      0.371611      -0.378571 (VIOLATED)
  rf_reg[22][0]/CLK(high)
                     0.750182      0.371611      -0.378571 (VIOLATED)
  rf_reg[22][1]/CLK(high)
                     0.750182      0.371611      -0.378571 (VIOLATED)
  rf_reg[22][2]/CLK(high)
                     0.750182      0.371611      -0.378571 (VIOLATED)
  rf_reg[22][3]/CLK(high)
                     0.750182      0.371611      -0.378571 (VIOLATED)
  rf_reg[22][4]/CLK(high)
                     0.750182      0.371611      -0.378571 (VIOLATED)
  rf_reg[22][5]/CLK(high)
                     0.750182      0.371611      -0.378571 (VIOLATED)
  rf_reg[22][6]/CLK(high)
                     0.750182      0.371611      -0.378571 (VIOLATED)
  rf_reg[22][7]/CLK(high)
                     0.750182      0.371611      -0.378571 (VIOLATED)
  rf_reg[22][8]/CLK(high)
                     0.750182      0.371611      -0.378571 (VIOLATED)
  rf_reg[22][9]/CLK(high)
                     0.750182      0.371611      -0.378571 (VIOLATED)
  rf_reg[22][10]/CLK(high)
                     0.750182      0.371611      -0.378571 (VIOLATED)
  rf_reg[22][11]/CLK(high)
                     0.750182      0.371611      -0.378571 (VIOLATED)
  rf_reg[22][12]/CLK(high)
                     0.750182      0.371611      -0.378571 (VIOLATED)
  rf_reg[22][13]/CLK(high)
                     0.750182      0.371611      -0.378571 (VIOLATED)
  rf_reg[22][14]/CLK(high)
                     0.750182      0.371611      -0.378571 (VIOLATED)
  rf_reg[22][15]/CLK(high)
                     0.750182      0.371611      -0.378571 (VIOLATED)
  rf_reg[22][16]/CLK(high)
                     0.750182      0.371611      -0.378571 (VIOLATED)
  rf_reg[22][17]/CLK(high)
                     0.750182      0.371611      -0.378571 (VIOLATED)
  rf_reg[22][18]/CLK(high)
                     0.750182      0.371611      -0.378571 (VIOLATED)
  rf_reg[22][19]/CLK(high)
                     0.750182      0.371611      -0.378571 (VIOLATED)
  rf_reg[22][20]/CLK(high)
                     0.750182      0.371611      -0.378571 (VIOLATED)
  rf_reg[22][21]/CLK(high)
                     0.750182      0.371611      -0.378571 (VIOLATED)
  rf_reg[22][22]/CLK(high)
                     0.750182      0.371611      -0.378571 (VIOLATED)
  rf_reg[22][23]/CLK(high)
                     0.750182      0.371611      -0.378571 (VIOLATED)
  rf_reg[22][24]/CLK(high)
                     0.750182      0.371611      -0.378571 (VIOLATED)
  rf_reg[22][25]/CLK(high)
                     0.750182      0.371611      -0.378571 (VIOLATED)
  rf_reg[22][26]/CLK(high)
                     0.750182      0.371611      -0.378571 (VIOLATED)
  rf_reg[22][27]/CLK(high)
                     0.750182      0.371611      -0.378571 (VIOLATED)
  rf_reg[22][28]/CLK(high)
                     0.750182      0.371611      -0.378571 (VIOLATED)
  rf_reg[22][29]/CLK(high)
                     0.750182      0.371611      -0.378571 (VIOLATED)
  rf_reg[22][30]/CLK(high)
                     0.750182      0.371611      -0.378571 (VIOLATED)
  rf_reg[22][31]/CLK(high)
                     0.750182      0.371611      -0.378571 (VIOLATED)
  rf_reg[23][0]/CLK(high)
                     0.750182      0.371611      -0.378571 (VIOLATED)
  rf_reg[23][1]/CLK(high)
                     0.750182      0.371611      -0.378571 (VIOLATED)
  rf_reg[23][2]/CLK(high)
                     0.750182      0.371611      -0.378571 (VIOLATED)
  rf_reg[23][3]/CLK(high)
                     0.750182      0.371611      -0.378571 (VIOLATED)
  rf_reg[23][4]/CLK(high)
                     0.750182      0.371611      -0.378571 (VIOLATED)
  rf_reg[23][5]/CLK(high)
                     0.750182      0.371611      -0.378571 (VIOLATED)
  rf_reg[23][6]/CLK(high)
                     0.750182      0.371611      -0.378571 (VIOLATED)
  rf_reg[23][7]/CLK(high)
                     0.750182      0.371611      -0.378571 (VIOLATED)
  rf_reg[23][8]/CLK(high)
                     0.750182      0.371611      -0.378571 (VIOLATED)
  rf_reg[23][9]/CLK(high)
                     0.750182      0.371611      -0.378571 (VIOLATED)
  rf_reg[23][10]/CLK(high)
                     0.750182      0.371611      -0.378571 (VIOLATED)
  rf_reg[23][11]/CLK(high)
                     0.750182      0.371611      -0.378571 (VIOLATED)
  rf_reg[23][12]/CLK(high)
                     0.750182      0.371611      -0.378571 (VIOLATED)
  rf_reg[23][13]/CLK(high)
                     0.750182      0.371611      -0.378571 (VIOLATED)
  rf_reg[23][14]/CLK(high)
                     0.750182      0.371611      -0.378571 (VIOLATED)
  rf_reg[23][15]/CLK(high)
                     0.750182      0.371611      -0.378571 (VIOLATED)
  rf_reg[23][16]/CLK(high)
                     0.750182      0.371611      -0.378571 (VIOLATED)
  rf_reg[23][17]/CLK(high)
                     0.750182      0.371611      -0.378571 (VIOLATED)
  rf_reg[23][18]/CLK(high)
                     0.750182      0.371611      -0.378571 (VIOLATED)
  rf_reg[23][19]/CLK(high)
                     0.750182      0.371611      -0.378571 (VIOLATED)
  rf_reg[23][20]/CLK(high)
                     0.750182      0.371611      -0.378571 (VIOLATED)
  rf_reg[23][21]/CLK(high)
                     0.750182      0.371611      -0.378571 (VIOLATED)
  rf_reg[23][22]/CLK(high)
                     0.750182      0.371611      -0.378571 (VIOLATED)
  rf_reg[23][23]/CLK(high)
                     0.750182      0.371611      -0.378571 (VIOLATED)
  rf_reg[23][24]/CLK(high)
                     0.750182      0.371611      -0.378571 (VIOLATED)
  rf_reg[23][25]/CLK(high)
                     0.750182      0.371611      -0.378571 (VIOLATED)
  rf_reg[23][26]/CLK(high)
                     0.750182      0.371611      -0.378571 (VIOLATED)
  rf_reg[23][27]/CLK(high)
                     0.750182      0.371611      -0.378571 (VIOLATED)
  rf_reg[23][28]/CLK(high)
                     0.750182      0.371611      -0.378571 (VIOLATED)
  rf_reg[23][29]/CLK(high)
                     0.750182      0.371611      -0.378571 (VIOLATED)
  rf_reg[23][30]/CLK(high)
                     0.750182      0.371611      -0.378571 (VIOLATED)
  rf_reg[23][31]/CLK(high)
                     0.750182      0.371611      -0.378571 (VIOLATED)
  rf_reg[24][0]/CLK(high)
                     0.750182      0.371611      -0.378571 (VIOLATED)
  rf_reg[24][1]/CLK(high)
                     0.750182      0.371611      -0.378571 (VIOLATED)
  rf_reg[24][2]/CLK(high)
                     0.750182      0.371611      -0.378571 (VIOLATED)
  rf_reg[24][3]/CLK(high)
                     0.750182      0.371611      -0.378571 (VIOLATED)
  rf_reg[24][4]/CLK(high)
                     0.750182      0.371611      -0.378571 (VIOLATED)
  rf_reg[24][5]/CLK(high)
                     0.750182      0.371611      -0.378571 (VIOLATED)
  rf_reg[24][6]/CLK(high)
                     0.750182      0.371611      -0.378571 (VIOLATED)
  rf_reg[24][7]/CLK(high)
                     0.750182      0.371611      -0.378571 (VIOLATED)
  rf_reg[24][8]/CLK(high)
                     0.750182      0.371611      -0.378571 (VIOLATED)
  rf_reg[24][9]/CLK(high)
                     0.750182      0.371611      -0.378571 (VIOLATED)
  rf_reg[24][10]/CLK(high)
                     0.750182      0.371611      -0.378571 (VIOLATED)
  rf_reg[24][11]/CLK(high)
                     0.750182      0.371611      -0.378571 (VIOLATED)
  rf_reg[24][12]/CLK(high)
                     0.750182      0.371611      -0.378571 (VIOLATED)
  rf_reg[24][13]/CLK(high)
                     0.750182      0.371611      -0.378571 (VIOLATED)
  rf_reg[24][14]/CLK(high)
                     0.750182      0.371611      -0.378571 (VIOLATED)
  rf_reg[24][15]/CLK(high)
                     0.750182      0.371611      -0.378571 (VIOLATED)
  rf_reg[24][16]/CLK(high)
                     0.750182      0.371611      -0.378571 (VIOLATED)
  rf_reg[24][17]/CLK(high)
                     0.750182      0.371611      -0.378571 (VIOLATED)
  rf_reg[24][18]/CLK(high)
                     0.750182      0.371611      -0.378571 (VIOLATED)
  rf_reg[24][19]/CLK(high)
                     0.750182      0.371611      -0.378571 (VIOLATED)
  rf_reg[24][20]/CLK(high)
                     0.750182      0.371611      -0.378571 (VIOLATED)
  rf_reg[24][21]/CLK(high)
                     0.750182      0.371611      -0.378571 (VIOLATED)
  rf_reg[24][22]/CLK(high)
                     0.750182      0.371611      -0.378571 (VIOLATED)
  rf_reg[24][23]/CLK(high)
                     0.750182      0.371611      -0.378571 (VIOLATED)
  rf_reg[24][24]/CLK(high)
                     0.750182      0.371611      -0.378571 (VIOLATED)
  rf_reg[24][25]/CLK(high)
                     0.750182      0.371611      -0.378571 (VIOLATED)
  rf_reg[24][26]/CLK(high)
                     0.750182      0.371611      -0.378571 (VIOLATED)
  rf_reg[24][27]/CLK(high)
                     0.750182      0.371611      -0.378571 (VIOLATED)
  rf_reg[24][28]/CLK(high)
                     0.750182      0.371611      -0.378571 (VIOLATED)
  rf_reg[24][29]/CLK(high)
                     0.750182      0.371611      -0.378571 (VIOLATED)
  rf_reg[24][30]/CLK(high)
                     0.750182      0.371611      -0.378571 (VIOLATED)
  rf_reg[24][31]/CLK(high)
                     0.750182      0.371611      -0.378571 (VIOLATED)
  rf_reg[25][0]/CLK(high)
                     0.750182      0.371611      -0.378571 (VIOLATED)
  rf_reg[25][1]/CLK(high)
                     0.750182      0.371611      -0.378571 (VIOLATED)
  rf_reg[25][2]/CLK(high)
                     0.750182      0.371611      -0.378571 (VIOLATED)
  rf_reg[25][3]/CLK(high)
                     0.750182      0.371611      -0.378571 (VIOLATED)
  rf_reg[25][4]/CLK(high)
                     0.750182      0.371611      -0.378571 (VIOLATED)
  rf_reg[25][5]/CLK(high)
                     0.750182      0.371611      -0.378571 (VIOLATED)
  rf_reg[25][6]/CLK(high)
                     0.750182      0.371611      -0.378571 (VIOLATED)
  rf_reg[25][7]/CLK(high)
                     0.750182      0.371611      -0.378571 (VIOLATED)
  rf_reg[25][8]/CLK(high)
                     0.750182      0.371611      -0.378571 (VIOLATED)
  rf_reg[25][9]/CLK(high)
                     0.750182      0.371611      -0.378571 (VIOLATED)
  rf_reg[25][10]/CLK(high)
                     0.750182      0.371611      -0.378571 (VIOLATED)
  rf_reg[25][11]/CLK(high)
                     0.750182      0.371611      -0.378571 (VIOLATED)
  rf_reg[25][12]/CLK(high)
                     0.750182      0.371611      -0.378571 (VIOLATED)
  rf_reg[25][13]/CLK(high)
                     0.750182      0.371611      -0.378571 (VIOLATED)
  rf_reg[25][14]/CLK(high)
                     0.750182      0.371611      -0.378571 (VIOLATED)
  rf_reg[25][15]/CLK(high)
                     0.750182      0.371611      -0.378571 (VIOLATED)
  rf_reg[25][16]/CLK(high)
                     0.750182      0.371611      -0.378571 (VIOLATED)
  rf_reg[25][17]/CLK(high)
                     0.750182      0.371611      -0.378571 (VIOLATED)
  rf_reg[25][18]/CLK(high)
                     0.750182      0.371611      -0.378571 (VIOLATED)
  rf_reg[25][19]/CLK(high)
                     0.750182      0.371611      -0.378571 (VIOLATED)
  rf_reg[25][20]/CLK(high)
                     0.750182      0.371611      -0.378571 (VIOLATED)
  rf_reg[25][21]/CLK(high)
                     0.750182      0.371611      -0.378571 (VIOLATED)
  rf_reg[25][22]/CLK(high)
                     0.750182      0.371611      -0.378571 (VIOLATED)
  rf_reg[25][23]/CLK(high)
                     0.750182      0.371611      -0.378571 (VIOLATED)
  rf_reg[25][24]/CLK(high)
                     0.750182      0.371611      -0.378571 (VIOLATED)
  rf_reg[25][25]/CLK(high)
                     0.750182      0.371611      -0.378571 (VIOLATED)
  rf_reg[25][26]/CLK(high)
                     0.750182      0.371611      -0.378571 (VIOLATED)
  rf_reg[25][27]/CLK(high)
                     0.750182      0.371611      -0.378571 (VIOLATED)
  rf_reg[25][28]/CLK(high)
                     0.750182      0.371611      -0.378571 (VIOLATED)
  rf_reg[25][29]/CLK(high)
                     0.750182      0.371611      -0.378571 (VIOLATED)
  rf_reg[25][30]/CLK(high)
                     0.750182      0.371611      -0.378571 (VIOLATED)
  rf_reg[25][31]/CLK(high)
                     0.750182      0.371611      -0.378571 (VIOLATED)
  rf_reg[26][0]/CLK(high)
                     0.750182      0.371611      -0.378571 (VIOLATED)
  rf_reg[26][1]/CLK(high)
                     0.750182      0.371611      -0.378571 (VIOLATED)
  rf_reg[26][2]/CLK(high)
                     0.750182      0.371611      -0.378571 (VIOLATED)
  rf_reg[26][3]/CLK(high)
                     0.750182      0.371611      -0.378571 (VIOLATED)
  rf_reg[26][4]/CLK(high)
                     0.750182      0.371611      -0.378571 (VIOLATED)
  rf_reg[26][5]/CLK(high)
                     0.750182      0.371611      -0.378571 (VIOLATED)
  rf_reg[26][6]/CLK(high)
                     0.750182      0.371611      -0.378571 (VIOLATED)
  rf_reg[26][7]/CLK(high)
                     0.750182      0.371611      -0.378571 (VIOLATED)
  rf_reg[26][8]/CLK(high)
                     0.750182      0.371611      -0.378571 (VIOLATED)
  rf_reg[26][9]/CLK(high)
                     0.750182      0.371611      -0.378571 (VIOLATED)
  rf_reg[26][10]/CLK(high)
                     0.750182      0.371611      -0.378571 (VIOLATED)
  rf_reg[26][11]/CLK(high)
                     0.750182      0.371611      -0.378571 (VIOLATED)
  rf_reg[26][12]/CLK(high)
                     0.750182      0.371611      -0.378571 (VIOLATED)
  rf_reg[26][13]/CLK(high)
                     0.750182      0.371611      -0.378571 (VIOLATED)
  rf_reg[26][14]/CLK(high)
                     0.750182      0.371611      -0.378571 (VIOLATED)
  rf_reg[26][15]/CLK(high)
                     0.750182      0.371611      -0.378571 (VIOLATED)
  rf_reg[26][16]/CLK(high)
                     0.750182      0.371611      -0.378571 (VIOLATED)
  rf_reg[26][17]/CLK(high)
                     0.750182      0.371611      -0.378571 (VIOLATED)
  rf_reg[26][18]/CLK(high)
                     0.750182      0.371611      -0.378571 (VIOLATED)
  rf_reg[26][19]/CLK(high)
                     0.750182      0.371611      -0.378571 (VIOLATED)
  rf_reg[26][20]/CLK(high)
                     0.750182      0.371611      -0.378571 (VIOLATED)
  rf_reg[26][21]/CLK(high)
                     0.750182      0.371611      -0.378571 (VIOLATED)
  rf_reg[26][22]/CLK(high)
                     0.750182      0.371611      -0.378571 (VIOLATED)
  rf_reg[26][23]/CLK(high)
                     0.750182      0.371611      -0.378571 (VIOLATED)
  rf_reg[26][24]/CLK(high)
                     0.750182      0.371611      -0.378571 (VIOLATED)
  rf_reg[26][25]/CLK(high)
                     0.750182      0.371611      -0.378571 (VIOLATED)
  rf_reg[26][26]/CLK(high)
                     0.750182      0.371611      -0.378571 (VIOLATED)
  rf_reg[26][27]/CLK(high)
                     0.750182      0.371611      -0.378571 (VIOLATED)
  rf_reg[26][28]/CLK(high)
                     0.750182      0.371611      -0.378571 (VIOLATED)
  rf_reg[26][29]/CLK(high)
                     0.750182      0.371611      -0.378571 (VIOLATED)
  rf_reg[26][30]/CLK(high)
                     0.750182      0.371611      -0.378571 (VIOLATED)
  rf_reg[26][31]/CLK(high)
                     0.750182      0.371611      -0.378571 (VIOLATED)
  rf_reg[27][0]/CLK(high)
                     0.750182      0.371611      -0.378571 (VIOLATED)
  rf_reg[27][1]/CLK(high)
                     0.750182      0.371611      -0.378571 (VIOLATED)
  rf_reg[27][2]/CLK(high)
                     0.750182      0.371611      -0.378571 (VIOLATED)
  rf_reg[27][3]/CLK(high)
                     0.750182      0.371611      -0.378571 (VIOLATED)
  rf_reg[27][4]/CLK(high)
                     0.750182      0.371611      -0.378571 (VIOLATED)
  rf_reg[27][5]/CLK(high)
                     0.750182      0.371611      -0.378571 (VIOLATED)
  rf_reg[27][6]/CLK(high)
                     0.750182      0.371611      -0.378571 (VIOLATED)
  rf_reg[27][7]/CLK(high)
                     0.750182      0.371611      -0.378571 (VIOLATED)
  rf_reg[27][8]/CLK(high)
                     0.750182      0.371611      -0.378571 (VIOLATED)
  rf_reg[27][9]/CLK(high)
                     0.750182      0.371611      -0.378571 (VIOLATED)
  rf_reg[27][10]/CLK(high)
                     0.750182      0.371611      -0.378571 (VIOLATED)
  rf_reg[27][11]/CLK(high)
                     0.750182      0.371611      -0.378571 (VIOLATED)
  rf_reg[27][12]/CLK(high)
                     0.750182      0.371611      -0.378571 (VIOLATED)
  rf_reg[27][13]/CLK(high)
                     0.750182      0.371611      -0.378571 (VIOLATED)
  rf_reg[27][14]/CLK(high)
                     0.750182      0.371611      -0.378571 (VIOLATED)
  rf_reg[27][15]/CLK(high)
                     0.750182      0.371611      -0.378571 (VIOLATED)
  rf_reg[27][16]/CLK(high)
                     0.750182      0.371611      -0.378571 (VIOLATED)
  rf_reg[27][17]/CLK(high)
                     0.750182      0.371611      -0.378571 (VIOLATED)
  rf_reg[27][18]/CLK(high)
                     0.750182      0.371611      -0.378571 (VIOLATED)
  rf_reg[27][19]/CLK(high)
                     0.750182      0.371611      -0.378571 (VIOLATED)
  rf_reg[27][20]/CLK(high)
                     0.750182      0.371611      -0.378571 (VIOLATED)
  rf_reg[27][21]/CLK(high)
                     0.750182      0.371611      -0.378571 (VIOLATED)
  rf_reg[27][22]/CLK(high)
                     0.750182      0.371611      -0.378571 (VIOLATED)
  rf_reg[27][23]/CLK(high)
                     0.750182      0.371611      -0.378571 (VIOLATED)
  rf_reg[27][24]/CLK(high)
                     0.750182      0.371611      -0.378571 (VIOLATED)
  rf_reg[27][25]/CLK(high)
                     0.750182      0.371611      -0.378571 (VIOLATED)
  rf_reg[27][26]/CLK(high)
                     0.750182      0.371611      -0.378571 (VIOLATED)
  rf_reg[27][27]/CLK(high)
                     0.750182      0.371611      -0.378571 (VIOLATED)
  rf_reg[27][28]/CLK(high)
                     0.750182      0.371611      -0.378571 (VIOLATED)
  rf_reg[27][29]/CLK(high)
                     0.750182      0.371611      -0.378571 (VIOLATED)
  rf_reg[27][30]/CLK(high)
                     0.750182      0.371611      -0.378571 (VIOLATED)
  rf_reg[27][31]/CLK(high)
                     0.750182      0.371611      -0.378571 (VIOLATED)
  rf_reg[28][0]/CLK(high)
                     0.750182      0.371611      -0.378571 (VIOLATED)
  rf_reg[28][1]/CLK(high)
                     0.750182      0.371611      -0.378571 (VIOLATED)
  rf_reg[28][2]/CLK(high)
                     0.750182      0.371611      -0.378571 (VIOLATED)
  rf_reg[28][3]/CLK(high)
                     0.750182      0.371611      -0.378571 (VIOLATED)
  rf_reg[28][4]/CLK(high)
                     0.750182      0.371611      -0.378571 (VIOLATED)
  rf_reg[28][5]/CLK(high)
                     0.750182      0.371611      -0.378571 (VIOLATED)
  rf_reg[28][6]/CLK(high)
                     0.750182      0.371611      -0.378571 (VIOLATED)
  rf_reg[28][7]/CLK(high)
                     0.750182      0.371611      -0.378571 (VIOLATED)
  rf_reg[28][8]/CLK(high)
                     0.750182      0.371611      -0.378571 (VIOLATED)
  rf_reg[28][9]/CLK(high)
                     0.750182      0.371611      -0.378571 (VIOLATED)
  rf_reg[28][10]/CLK(high)
                     0.750182      0.371611      -0.378571 (VIOLATED)
  rf_reg[28][11]/CLK(high)
                     0.750182      0.371611      -0.378571 (VIOLATED)
  rf_reg[28][12]/CLK(high)
                     0.750182      0.371611      -0.378571 (VIOLATED)
  rf_reg[28][13]/CLK(high)
                     0.750182      0.371611      -0.378571 (VIOLATED)
  rf_reg[28][14]/CLK(high)
                     0.750182      0.371611      -0.378571 (VIOLATED)
  rf_reg[28][15]/CLK(high)
                     0.750182      0.371611      -0.378571 (VIOLATED)
  rf_reg[28][16]/CLK(high)
                     0.750182      0.371611      -0.378571 (VIOLATED)
  rf_reg[28][17]/CLK(high)
                     0.750182      0.371611      -0.378571 (VIOLATED)
  rf_reg[28][18]/CLK(high)
                     0.750182      0.371611      -0.378571 (VIOLATED)
  rf_reg[28][19]/CLK(high)
                     0.750182      0.371611      -0.378571 (VIOLATED)
  rf_reg[28][20]/CLK(high)
                     0.750182      0.371611      -0.378571 (VIOLATED)
  rf_reg[28][21]/CLK(high)
                     0.750182      0.371611      -0.378571 (VIOLATED)
  rf_reg[28][22]/CLK(high)
                     0.750182      0.371611      -0.378571 (VIOLATED)
  rf_reg[28][23]/CLK(high)
                     0.750182      0.371611      -0.378571 (VIOLATED)
  rf_reg[28][24]/CLK(high)
                     0.750182      0.371611      -0.378571 (VIOLATED)
  rf_reg[28][25]/CLK(high)
                     0.750182      0.371611      -0.378571 (VIOLATED)
  rf_reg[28][26]/CLK(high)
                     0.750182      0.371611      -0.378571 (VIOLATED)
  rf_reg[28][27]/CLK(high)
                     0.750182      0.371611      -0.378571 (VIOLATED)
  rf_reg[28][28]/CLK(high)
                     0.750182      0.371611      -0.378571 (VIOLATED)
  rf_reg[28][29]/CLK(high)
                     0.750182      0.371611      -0.378571 (VIOLATED)
  rf_reg[28][30]/CLK(high)
                     0.750182      0.371611      -0.378571 (VIOLATED)
  rf_reg[28][31]/CLK(high)
                     0.750182      0.371611      -0.378571 (VIOLATED)
  rf_reg[29][1]/CLK(high)
                     0.750182      0.371611      -0.378571 (VIOLATED)
  rf_reg[29][2]/CLK(high)
                     0.750182      0.371611      -0.378571 (VIOLATED)
  rf_reg[29][3]/CLK(high)
                     0.750182      0.371611      -0.378571 (VIOLATED)
  rf_reg[29][4]/CLK(high)
                     0.750182      0.371611      -0.378571 (VIOLATED)
  rf_reg[29][5]/CLK(high)
                     0.750182      0.371611      -0.378571 (VIOLATED)
  rf_reg[29][6]/CLK(high)
                     0.750182      0.371611      -0.378571 (VIOLATED)
  rf_reg[29][7]/CLK(high)
                     0.750182      0.371611      -0.378571 (VIOLATED)
  rf_reg[29][8]/CLK(high)
                     0.750182      0.371611      -0.378571 (VIOLATED)
  rf_reg[29][9]/CLK(high)
                     0.750182      0.371611      -0.378571 (VIOLATED)
  rf_reg[29][10]/CLK(high)
                     0.750182      0.371611      -0.378571 (VIOLATED)
  rf_reg[29][11]/CLK(high)
                     0.750182      0.371611      -0.378571 (VIOLATED)
  rf_reg[29][12]/CLK(high)
                     0.750182      0.371611      -0.378571 (VIOLATED)
  rf_reg[29][13]/CLK(high)
                     0.750182      0.371611      -0.378571 (VIOLATED)
  rf_reg[29][14]/CLK(high)
                     0.750182      0.371611      -0.378571 (VIOLATED)
  rf_reg[29][15]/CLK(high)
                     0.750182      0.371611      -0.378571 (VIOLATED)
  rf_reg[29][16]/CLK(high)
                     0.750182      0.371611      -0.378571 (VIOLATED)
  rf_reg[29][17]/CLK(high)
                     0.750182      0.371611      -0.378571 (VIOLATED)
  rf_reg[29][18]/CLK(high)
                     0.750182      0.371611      -0.378571 (VIOLATED)
  rf_reg[29][19]/CLK(high)
                     0.750182      0.371611      -0.378571 (VIOLATED)
  rf_reg[29][20]/CLK(high)
                     0.750182      0.371611      -0.378571 (VIOLATED)
  rf_reg[29][21]/CLK(high)
                     0.750182      0.371611      -0.378571 (VIOLATED)
  rf_reg[29][22]/CLK(high)
                     0.750182      0.371611      -0.378571 (VIOLATED)
  rf_reg[29][23]/CLK(high)
                     0.750182      0.371611      -0.378571 (VIOLATED)
  rf_reg[29][24]/CLK(high)
                     0.750182      0.371611      -0.378571 (VIOLATED)
  rf_reg[29][25]/CLK(high)
                     0.750182      0.371611      -0.378571 (VIOLATED)
  rf_reg[29][26]/CLK(high)
                     0.750182      0.371611      -0.378571 (VIOLATED)
  rf_reg[29][27]/CLK(high)
                     0.750182      0.371611      -0.378571 (VIOLATED)
  rf_reg[29][28]/CLK(high)
                     0.750182      0.371611      -0.378571 (VIOLATED)
  rf_reg[29][29]/CLK(high)
                     0.750182      0.371611      -0.378571 (VIOLATED)
  rf_reg[29][30]/CLK(high)
                     0.750182      0.371611      -0.378571 (VIOLATED)
  rf_reg[29][31]/CLK(high)
                     0.750182      0.371611      -0.378571 (VIOLATED)
  rf_reg[30][1]/CLK(high)
                     0.750182      0.371611      -0.378571 (VIOLATED)
  rf_reg[30][2]/CLK(high)
                     0.750182      0.371611      -0.378571 (VIOLATED)
  rf_reg[30][3]/CLK(high)
                     0.750182      0.371611      -0.378571 (VIOLATED)
  rf_reg[30][4]/CLK(high)
                     0.750182      0.371611      -0.378571 (VIOLATED)
  rf_reg[30][5]/CLK(high)
                     0.750182      0.371611      -0.378571 (VIOLATED)
  rf_reg[30][6]/CLK(high)
                     0.750182      0.371611      -0.378571 (VIOLATED)
  rf_reg[30][7]/CLK(high)
                     0.750182      0.371611      -0.378571 (VIOLATED)
  rf_reg[30][8]/CLK(high)
                     0.750182      0.371611      -0.378571 (VIOLATED)
  rf_reg[30][9]/CLK(high)
                     0.750182      0.371611      -0.378571 (VIOLATED)
  rf_reg[30][10]/CLK(high)
                     0.750182      0.371611      -0.378571 (VIOLATED)
  rf_reg[30][11]/CLK(high)
                     0.750182      0.371611      -0.378571 (VIOLATED)
  rf_reg[30][12]/CLK(high)
                     0.750182      0.371611      -0.378571 (VIOLATED)
  rf_reg[30][13]/CLK(high)
                     0.750182      0.371611      -0.378571 (VIOLATED)
  rf_reg[30][14]/CLK(high)
                     0.750182      0.371611      -0.378571 (VIOLATED)
  rf_reg[30][15]/CLK(high)
                     0.750182      0.371611      -0.378571 (VIOLATED)
  rf_reg[30][16]/CLK(high)
                     0.750182      0.371611      -0.378571 (VIOLATED)
  rf_reg[30][17]/CLK(high)
                     0.750182      0.371611      -0.378571 (VIOLATED)
  rf_reg[30][18]/CLK(high)
                     0.750182      0.371611      -0.378571 (VIOLATED)
  rf_reg[30][19]/CLK(high)
                     0.750182      0.371611      -0.378571 (VIOLATED)
  rf_reg[30][20]/CLK(high)
                     0.750182      0.371611      -0.378571 (VIOLATED)
  rf_reg[30][21]/CLK(high)
                     0.750182      0.371611      -0.378571 (VIOLATED)
  rf_reg[30][22]/CLK(high)
                     0.750182      0.371611      -0.378571 (VIOLATED)
  rf_reg[30][23]/CLK(high)
                     0.750182      0.371611      -0.378571 (VIOLATED)
  rf_reg[30][24]/CLK(high)
                     0.750182      0.371611      -0.378571 (VIOLATED)
  rf_reg[30][25]/CLK(high)
                     0.750182      0.371611      -0.378571 (VIOLATED)
  rf_reg[30][26]/CLK(high)
                     0.750182      0.371611      -0.378571 (VIOLATED)
  rf_reg[30][27]/CLK(high)
                     0.750182      0.371611      -0.378571 (VIOLATED)
  rf_reg[30][28]/CLK(high)
                     0.750182      0.371611      -0.378571 (VIOLATED)
  rf_reg[30][29]/CLK(high)
                     0.750182      0.371611      -0.378571 (VIOLATED)
  rf_reg[30][30]/CLK(high)
                     0.750182      0.371611      -0.378571 (VIOLATED)
  rf_reg[30][31]/CLK(high)
                     0.750182      0.371611      -0.378571 (VIOLATED)
  rf_reg[31][1]/CLK(high)
                     0.750182      0.371611      -0.378571 (VIOLATED)
  rf_reg[31][2]/CLK(high)
                     0.750182      0.371611      -0.378571 (VIOLATED)
  rf_reg[31][3]/CLK(high)
                     0.750182      0.371611      -0.378571 (VIOLATED)
  rf_reg[31][4]/CLK(high)
                     0.750182      0.371611      -0.378571 (VIOLATED)
  rf_reg[31][5]/CLK(high)
                     0.750182      0.371611      -0.378571 (VIOLATED)
  rf_reg[31][6]/CLK(high)
                     0.750182      0.371611      -0.378571 (VIOLATED)
  rf_reg[31][7]/CLK(high)
                     0.750182      0.371611      -0.378571 (VIOLATED)
  rf_reg[31][8]/CLK(high)
                     0.750182      0.371611      -0.378571 (VIOLATED)
  rf_reg[31][9]/CLK(high)
                     0.750182      0.371611      -0.378571 (VIOLATED)
  rf_reg[31][10]/CLK(high)
                     0.750182      0.371611      -0.378571 (VIOLATED)
  rf_reg[31][11]/CLK(high)
                     0.750182      0.371611      -0.378571 (VIOLATED)
  rf_reg[31][12]/CLK(high)
                     0.750182      0.371611      -0.378571 (VIOLATED)
  rf_reg[31][13]/CLK(high)
                     0.750182      0.371611      -0.378571 (VIOLATED)
  rf_reg[31][14]/CLK(high)
                     0.750182      0.371611      -0.378571 (VIOLATED)
  rf_reg[31][15]/CLK(high)
                     0.750182      0.371611      -0.378571 (VIOLATED)
  rf_reg[31][16]/CLK(high)
                     0.750182      0.371611      -0.378571 (VIOLATED)
  rf_reg[31][17]/CLK(high)
                     0.750182      0.371611      -0.378571 (VIOLATED)
  rf_reg[31][18]/CLK(high)
                     0.750182      0.371611      -0.378571 (VIOLATED)
  rf_reg[31][19]/CLK(high)
                     0.750182      0.371611      -0.378571 (VIOLATED)
  rf_reg[31][20]/CLK(high)
                     0.750182      0.371611      -0.378571 (VIOLATED)
  rf_reg[31][21]/CLK(high)
                     0.750182      0.371611      -0.378571 (VIOLATED)
  rf_reg[31][22]/CLK(high)
                     0.750182      0.371611      -0.378571 (VIOLATED)
  rf_reg[31][23]/CLK(high)
                     0.750182      0.371611      -0.378571 (VIOLATED)
  rf_reg[31][24]/CLK(high)
                     0.750182      0.371611      -0.378571 (VIOLATED)
  rf_reg[31][25]/CLK(high)
                     0.750182      0.371611      -0.378571 (VIOLATED)
  rf_reg[31][26]/CLK(high)
                     0.750182      0.371611      -0.378571 (VIOLATED)
  rf_reg[31][27]/CLK(high)
                     0.750182      0.371611      -0.378571 (VIOLATED)
  rf_reg[31][28]/CLK(high)
                     0.750182      0.371611      -0.378571 (VIOLATED)
  rf_reg[31][29]/CLK(high)
                     0.750182      0.371611      -0.378571 (VIOLATED)
  rf_reg[31][30]/CLK(high)
                     0.750182      0.371611      -0.378571 (VIOLATED)
  rf_reg[31][31]/CLK(high)
                     0.750182      0.371611      -0.378571 (VIOLATED)
  rf_reg[1][30]/CLK(high)
                     0.503369      0.413054      -0.090315 (VIOLATED)
  rf_reg[2][30]/CLK(high)
                     0.503369      0.413054      -0.090315 (VIOLATED)
  rf_reg[3][30]/CLK(high)
                     0.503369      0.413054      -0.090315 (VIOLATED)
  rf_reg[4][30]/CLK(high)
                     0.503369      0.413054      -0.090315 (VIOLATED)
  rf_reg[5][30]/CLK(high)
                     0.503369      0.413054      -0.090315 (VIOLATED)
  rf_reg[29][0]/CLK(high)
                     0.503369      0.413054      -0.090315 (VIOLATED)
  rf_reg[30][0]/CLK(high)
                     0.503369      0.413054      -0.090315 (VIOLATED)
  rf_reg[31][0]/CLK(high)
                     0.503369      0.413054      -0.090315 (VIOLATED)

1
