###############################################################
#  Generated by:      Cadence Innovus 21.16-s078_1
#  OS:                Linux x86_64(Host ID yukari.ecen.okstate.edu)
#  Generated on:      Fri May 23 10:53:47 2025
#  Design:            riscvsingle
#  Command:           report_timing -net -max_paths 10 -nworst 1 > $vars(rpt_dir)/timing.critical.rpt
###############################################################
Path 1: VIOLATED Late External Delay Assertion 
Endpoint:   WriteData[0]    (^) checked with  leading edge of 'clk'
Beginpoint: rf_reg[31][1]/Q (v) triggered by  leading edge of 'clk'
Path Groups: {clk}
Analysis View: setup_func
Other End Arrival Time          0.000
- External Delay                0.000
+ Phase Shift                   1.250
- Uncertainty                   0.125
= Required Time                 1.125
- Arrival Time                  9.004
= Slack Time                   -7.879
     Clock Rise Edge                 0.000
     + Clock Network Latency (Prop)  1.427
     = Beginpoint Arrival Time       1.427
     +--------------------------------------------------------------------------------------------------------------------------------------------------+ 
     |           Instance           |     Arc      |    Cell     |          Net          | Fanout |  Load |  Slew | Delay |  Incr  | Arrival | Required | 
     |                              |              |             |                       |        |       |       |       |  Delay |  Time   |   Time   | 
     |------------------------------+--------------+-------------+-----------------------+--------+-------+-------+-------+--------+---------+----------| 
     | rf_reg[31][1]                | CLK ^        |             | CTS_98                |     12 | 0.603 | 1.137 |       |        |   1.427 |   -6.452 | 
     | rf_reg[31][1]                | CLK ^ -> Q v | DFFX1       | rf[31][1]             |        | 0.116 | 0.285 | 0.759 |  0.054 |   2.186 |   -5.693 | 
     | U13569                       |              | NAND2X1     | rf[31][1]             |      3 | 0.116 | 0.289 | 0.020 |  0.000 |   2.207 |   -5.672 | 
     | U13569                       | B v -> Y ^   | NAND2X1     | n12195                |        | 0.025 | 0.186 | 0.115 |  0.000 |   2.322 |   -5.557 | 
     | FE_RC_4696_1                 |              | AND2X1      | n12195                |      2 | 0.025 | 0.186 | 0.001 |  0.000 |   2.323 |   -5.556 | 
     | FE_RC_4696_1                 | A ^ -> Y ^   | AND2X1      | FE_RN_89_1            |        | 0.216 | 0.413 | 0.368 |  0.060 |   2.691 |   -5.188 | 
     | FE_RC_6700_0                 |              | INVX1       | FE_RN_89_1            |      2 | 0.216 | 0.426 | 0.110 |  0.022 |   2.800 |   -5.079 | 
     | FE_RC_6700_0                 | A ^ -> Y v   | INVX1       | FE_RN_3634_0          |        | 0.202 | 0.291 | 0.340 |  0.079 |   3.141 |   -4.738 | 
     | FE_RC_6699_0                 |              | NOR2X1      | FE_RN_3634_0          |      1 | 0.202 | 0.307 | 0.072 |  0.006 |   3.213 |   -4.667 | 
     | FE_RC_6699_0                 | B v -> Y ^   | NOR2X1      | FE_RN_3635_0          |        | 0.017 | 0.128 | 0.135 |  0.000 |   3.347 |   -4.532 | 
     | FE_RC_6698_0                 |              | AOI3X1      | FE_RN_3635_0          |      1 | 0.017 | 0.128 | 0.000 |  0.000 |   3.347 |   -4.532 | 
     | FE_RC_6698_0                 | B ^ -> YN ^  | AOI3X1      | FE_RN_532_1           |        | 0.040 | 0.169 | 0.215 |  0.011 |   3.563 |   -4.317 | 
     | FE_RC_6697_0                 |              | AND3X1      | FE_RN_532_1           |      2 | 0.040 | 0.169 | 0.002 |  0.000 |   3.565 |   -4.314 | 
     | FE_RC_6697_0                 | C ^ -> Y ^   | AND3X1      | FE_RN_54              |        | 0.090 | 0.166 | 0.241 |  0.018 |   3.806 |   -4.073 | 
     | U12492                       |              | NAND2X1     | FE_RN_54              |      2 | 0.090 | 0.167 | 0.010 |  0.000 |   3.816 |   -4.063 | 
     | U12492                       | B ^ -> Y v   | NAND2X1     | n11172                |        | 0.138 | 0.329 | 0.254 |  0.012 |   4.070 |   -3.809 | 
     | U9901                        |              | NAND3X1     | n11172                |      2 | 0.138 | 0.330 | 0.017 |  0.002 |   4.087 |   -3.792 | 
     | U9901                        | C v -> Y ^   | NAND3X1     | n9250                 |        | 0.093 | 0.265 | 0.337 |  0.088 |   4.425 |   -3.455 | 
     | U9900                        |              | INVX1       | n9250                 |      1 | 0.093 | 0.266 | 0.012 |  0.002 |   4.437 |   -3.442 | 
     | U9900                        | A ^ -> Y v   | INVX1       | n9249                 |        | 0.091 | 0.150 | 0.161 |  0.014 |   4.598 |   -3.282 | 
     | U9899_dup                    |              | NAND2X1     | n9249                 |      1 | 0.091 | 0.152 | 0.011 |  0.000 |   4.608 |   -3.271 | 
     | U9899_dup                    | B v -> Y ^   | NAND2X1     | FE_RN_150             |        | 0.055 | 0.156 | 0.146 |  0.016 |   4.754 |   -3.125 | 
     | U11311                       |              | NAND2X1     | FE_RN_150             |      4 | 0.055 | 0.157 | 0.002 |  0.000 |   4.756 |   -3.123 | 
     | U11311                       | A ^ -> Y v   | NAND2X1     | n15858                |        | 0.036 | 0.096 | 0.118 |  0.013 |   4.874 |   -3.005 | 
     | FE_RC_3725_0                 |              | INVX1       | n15858                |      2 | 0.036 | 0.097 | 0.001 |  0.000 |   4.875 |   -3.004 | 
     | FE_RC_3725_0                 | A v -> Y ^   | INVX1       | FE_RN_2061_0          |        | 0.017 | 0.051 | 0.058 |  0.000 |   4.934 |   -2.945 | 
     | FE_RC_3724_1                 |              | NAND2X1     | FE_RN_2061_0          |      1 | 0.017 | 0.051 | 0.000 |  0.000 |   4.934 |   -2.945 | 
     | FE_RC_3724_1                 | B ^ -> Y v   | NAND2X1     | FE_RN_2062_1          |        | 0.011 | 0.039 | 0.039 |  0.000 |   4.973 |   -2.907 | 
     | FE_RC_3723_1                 |              | NAND2X1     | FE_RN_2062_1          |      1 | 0.011 | 0.039 | 0.000 |  0.000 |   4.973 |   -2.906 | 
     | FE_RC_3723_1                 | B v -> Y ^   | NAND2X1     | n15859                |        | 0.012 | 0.047 | 0.037 |  0.000 |   5.010 |   -2.869 | 
     | U10603                       |              | NAND2X1     | n15859                |      1 | 0.012 | 0.047 | 0.000 |  0.000 |   5.010 |   -2.869 | 
     | U10603                       | B ^ -> Y v   | NAND2X1     | n9718                 |        | 0.014 | 0.196 | 0.043 |  0.000 |   5.054 |   -2.825 | 
     | U8924                        |              | AND3X1      | n9718                 |      1 | 0.014 | 0.196 | 0.000 |  0.000 |   5.054 |   -2.825 | 
     | U8924                        | C v -> Y v   | AND3X1      | n8639                 |        | 0.019 | 0.035 | 0.124 |  0.000 |   5.179 |   -2.701 | 
     | U9367                        |              | NAND3X1     | n8639                 |      1 | 0.019 | 0.035 | 0.001 |  0.000 |   5.180 |   -2.700 | 
     | U9367                        | C v -> Y ^   | NAND3X1     | n8917                 |        | 0.014 | 0.059 | 0.043 |  0.000 |   5.223 |   -2.656 | 
     | FE_PSBC78_n8917              |              | INVX1       | n8917                 |      1 | 0.014 | 0.059 | 0.000 |  0.000 |   5.223 |   -2.656 | 
     | FE_PSBC78_n8917              | A ^ -> Y v   | INVX1       | FE_PSBN17155_n8917    |        | 0.042 | 0.052 | 0.056 |  0.000 |   5.279 |   -2.600 | 
     | FE_PSBC77_n8917              |              | INVX1       | FE_PSBN17155_n8917    |      1 | 0.042 | 0.053 | 0.003 |  0.000 |   5.282 |   -2.597 | 
     | FE_PSBC77_n8917              | A v -> Y ^   | INVX1       | FE_PSBN17154_n8917    |        | 0.143 | 0.269 | 0.236 |  0.061 |   5.518 |   -2.361 | 
     | U9366                        |              | INVX1       | FE_PSBN17154_n8917    |      1 | 0.143 | 0.273 | 0.040 |  0.004 |   5.558 |   -2.321 | 
     | U9366                        | A ^ -> Y v   | INVX1       | n10508                |        | 0.150 | 0.213 | 0.189 |  0.000 |   5.747 |   -2.132 | 
     | U11438_dup                   |              | NAND2X1     | n10508                |      2 | 0.150 | 0.222 | 0.040 |  0.000 |   5.787 |   -2.092 | 
     | U11438_dup                   | A v -> Y ^   | NAND2X1     | FE_RN_21              |        | 0.014 | 0.090 | 0.093 |  0.000 |   5.880 |   -1.999 | 
     | FE_PSBC88_FE_RN_21           |              | BUFX1       | FE_RN_21              |      1 | 0.014 | 0.090 | 0.000 |  0.000 |   5.880 |   -1.999 | 
     | FE_PSBC88_FE_RN_21           | A ^ -> Y ^   | BUFX1       | FE_PSBN17165_FE_RN_21 |        | 0.115 | 0.219 | 0.294 |  0.110 |   6.175 |   -1.705 | 
     | FE_OCPC4011_FE_RN_21         |              | INVX1       | FE_PSBN17165_FE_RN_21 |      1 | 0.115 | 0.221 | 0.027 |  0.006 |   6.202 |   -1.678 | 
     | FE_OCPC4011_FE_RN_21         | A ^ -> Y v   | INVX1       | FE_RN_1718_0          |        | 0.130 | 0.179 | 0.197 |  0.031 |   6.398 |   -1.481 | 
     | FE_RC_5854_1                 |              | AND2X1      | FE_RN_1718_0          |      4 | 0.130 | 0.183 | 0.021 |  0.002 |   6.420 |   -1.460 | 
     | FE_RC_5854_1                 | A v -> Y v   | AND2X1      | FE_OFN331_n10506      |        | 0.037 | 0.048 | 0.136 |  0.000 |   6.556 |   -1.323 | 
     | FE_OCPC3653_FE_OFN331_n10506 |              | INVX1       | FE_OFN331_n10506      |      2 | 0.037 | 0.048 | 0.002 |  0.000 |   6.558 |   -1.322 | 
     | FE_OCPC3653_FE_OFN331_n10506 | A v -> Y ^   | INVX1       | FE_OCPN18761_n10506   |        | 0.121 | 0.218 | 0.169 |  0.013 |   6.727 |   -1.152 | 
     | U17527                       |              | NAND2X1     | FE_OCPN18761_n10506   |      6 | 0.121 | 0.220 | 0.006 | -0.000 |   6.733 |   -1.146 | 
     | U17527                       | B ^ -> Y v   | NAND2X1     | n17002                |        | 0.068 | 0.150 | 0.159 |  0.000 |   6.892 |   -0.987 | 
     | FE_OFC624_n17002             |              | BUFX1       | n17002                |      5 | 0.068 | 0.150 | 0.001 |  0.000 |   6.893 |   -0.987 | 
     | FE_OFC624_n17002             | A v -> Y v   | BUFX1       | FE_OFN38_n17002       |        | 0.174 | 0.182 | 0.221 |  0.000 |   7.114 |   -0.766 | 
     | U17529                       |              | NOR2X1      | FE_OFN38_n17002       |     10 | 0.174 | 0.182 | 0.003 |  0.000 |   7.117 |   -0.762 | 
     | U17529                       | B v -> Y ^   | NOR2X1      | n17005                |        | 0.194 | 0.821 | 0.905 |  0.408 |   8.022 |    0.143 | 
     | U8862                        |              | INVX1       | n17005                |      1 | 0.194 | 0.823 | 0.079 |  0.017 |   8.101 |    0.222 | 
     | U8862                        | A ^ -> Y v   | INVX1       | n8600                 |        | 0.018 | 0.159 | 0.033 |  0.000 |   8.134 |    0.255 | 
     | FE_PSC30_n8600               |              | BUFX1       | n8600                 |      1 | 0.018 | 0.159 | 0.001 |  0.000 |   8.135 |    0.256 | 
     | FE_PSC30_n8600               | A v -> Y v   | BUFX1       | FE_PSN30_n8600        |        | 0.233 | 0.279 | 0.238 |  0.005 |   8.373 |    0.494 | 
     | U8861                        |              | NAND3X1     | FE_PSN30_n8600        |      1 | 0.233 | 0.306 | 0.104 |  0.010 |   8.477 |    0.598 | 
     | U8861                        | B v -> Y ^   | NAND3X1     | n8599                 |        | 0.069 | 0.197 | 0.223 |  0.012 |   8.701 |    0.822 | 
     | U8860                        |              | NOR2X1      | n8599                 |      1 | 0.069 | 0.196 | 0.007 |  0.000 |   8.708 |    0.829 | 
     | U8860                        | B ^ -> Y v   | NOR2X1      | n8598                 |        | 0.075 | 0.122 | 0.143 |  0.015 |   8.851 |    0.972 | 
     | U8859                        |              | INVX1       | n8598                 |      1 | 0.075 | 0.122 | 0.010 |  0.000 |   8.861 |    0.982 | 
     | U8859                        | A v -> Y ^   | INVX1       | WriteData[0]          |        | 0.054 | 0.114 | 0.140 |  0.022 |   9.001 |    1.122 | 
     |                              |              | riscvsingle | WriteData[0]          |      1 | 0.054 | 0.114 | 0.003 |  0.000 |   9.004 |    1.125 | 
     +--------------------------------------------------------------------------------------------------------------------------------------------------+ 
Path 2: VIOLATED Late External Delay Assertion 
Endpoint:   WriteData[3]    (v) checked with  leading edge of 'clk'
Beginpoint: rf_reg[31][1]/Q (v) triggered by  leading edge of 'clk'
Path Groups: {clk}
Analysis View: setup_func
Other End Arrival Time          0.000
- External Delay                0.000
+ Phase Shift                   1.250
- Uncertainty                   0.125
= Required Time                 1.125
- Arrival Time                  8.540
= Slack Time                   -7.415
     Clock Rise Edge                 0.000
     + Clock Network Latency (Prop)  1.427
     = Beginpoint Arrival Time       1.427
     +--------------------------------------------------------------------------------------------------------------------------------------------------+ 
     |           Instance           |     Arc      |    Cell     |          Net          | Fanout |  Load |  Slew | Delay |  Incr  | Arrival | Required | 
     |                              |              |             |                       |        |       |       |       |  Delay |  Time   |   Time   | 
     |------------------------------+--------------+-------------+-----------------------+--------+-------+-------+-------+--------+---------+----------| 
     | rf_reg[31][1]                | CLK ^        |             | CTS_98                |     12 | 0.603 | 1.137 |       |        |   1.427 |   -5.988 | 
     | rf_reg[31][1]                | CLK ^ -> Q v | DFFX1       | rf[31][1]             |        | 0.116 | 0.285 | 0.759 |  0.054 |   2.187 |   -5.228 | 
     | U13569                       |              | NAND2X1     | rf[31][1]             |      3 | 0.116 | 0.289 | 0.020 |  0.000 |   2.207 |   -5.208 | 
     | U13569                       | B v -> Y ^   | NAND2X1     | n12195                |        | 0.025 | 0.186 | 0.115 |  0.000 |   2.322 |   -5.093 | 
     | FE_RC_4696_1                 |              | AND2X1      | n12195                |      2 | 0.025 | 0.186 | 0.001 |  0.000 |   2.323 |   -5.092 | 
     | FE_RC_4696_1                 | A ^ -> Y ^   | AND2X1      | FE_RN_89_1            |        | 0.216 | 0.413 | 0.368 |  0.060 |   2.691 |   -4.724 | 
     | FE_RC_6700_0                 |              | INVX1       | FE_RN_89_1            |      2 | 0.216 | 0.426 | 0.110 |  0.022 |   2.801 |   -4.614 | 
     | FE_RC_6700_0                 | A ^ -> Y v   | INVX1       | FE_RN_3634_0          |        | 0.202 | 0.291 | 0.340 |  0.079 |   3.141 |   -4.274 | 
     | FE_RC_6699_0                 |              | NOR2X1      | FE_RN_3634_0          |      1 | 0.202 | 0.307 | 0.072 |  0.006 |   3.213 |   -4.202 | 
     | FE_RC_6699_0                 | B v -> Y ^   | NOR2X1      | FE_RN_3635_0          |        | 0.017 | 0.128 | 0.135 |  0.000 |   3.347 |   -4.068 | 
     | FE_RC_6698_0                 |              | AOI3X1      | FE_RN_3635_0          |      1 | 0.017 | 0.128 | 0.000 |  0.000 |   3.347 |   -4.068 | 
     | FE_RC_6698_0                 | B ^ -> YN ^  | AOI3X1      | FE_RN_532_1           |        | 0.040 | 0.169 | 0.215 |  0.011 |   3.563 |   -3.852 | 
     | FE_RC_6697_0                 |              | AND3X1      | FE_RN_532_1           |      2 | 0.040 | 0.169 | 0.002 |  0.000 |   3.565 |   -3.850 | 
     | FE_RC_6697_0                 | C ^ -> Y ^   | AND3X1      | FE_RN_54              |        | 0.090 | 0.166 | 0.241 |  0.018 |   3.806 |   -3.609 | 
     | U12492                       |              | NAND2X1     | FE_RN_54              |      2 | 0.090 | 0.167 | 0.010 |  0.000 |   3.816 |   -3.599 | 
     | U12492                       | B ^ -> Y v   | NAND2X1     | n11172                |        | 0.138 | 0.329 | 0.254 |  0.012 |   4.070 |   -3.345 | 
     | U9901                        |              | NAND3X1     | n11172                |      2 | 0.138 | 0.330 | 0.017 |  0.002 |   4.087 |   -3.328 | 
     | U9901                        | C v -> Y ^   | NAND3X1     | n9250                 |        | 0.093 | 0.265 | 0.337 |  0.088 |   4.425 |   -2.990 | 
     | U9900                        |              | INVX1       | n9250                 |      1 | 0.093 | 0.266 | 0.012 |  0.002 |   4.437 |   -2.978 | 
     | U9900                        | A ^ -> Y v   | INVX1       | n9249                 |        | 0.091 | 0.150 | 0.161 |  0.014 |   4.598 |   -2.817 | 
     | U9899_dup                    |              | NAND2X1     | n9249                 |      1 | 0.091 | 0.152 | 0.011 |  0.000 |   4.608 |   -2.807 | 
     | U9899_dup                    | B v -> Y ^   | NAND2X1     | FE_RN_150             |        | 0.055 | 0.156 | 0.146 |  0.016 |   4.754 |   -2.661 | 
     | U11311                       |              | NAND2X1     | FE_RN_150             |      4 | 0.055 | 0.157 | 0.002 |  0.000 |   4.756 |   -2.659 | 
     | U11311                       | A ^ -> Y v   | NAND2X1     | n15858                |        | 0.036 | 0.096 | 0.118 |  0.013 |   4.874 |   -2.541 | 
     | FE_RC_3725_0                 |              | INVX1       | n15858                |      2 | 0.036 | 0.097 | 0.001 |  0.000 |   4.875 |   -2.540 | 
     | FE_RC_3725_0                 | A v -> Y ^   | INVX1       | FE_RN_2061_0          |        | 0.017 | 0.051 | 0.058 |  0.000 |   4.934 |   -2.481 | 
     | FE_RC_3724_1                 |              | NAND2X1     | FE_RN_2061_0          |      1 | 0.017 | 0.051 | 0.000 |  0.000 |   4.934 |   -2.481 | 
     | FE_RC_3724_1                 | B ^ -> Y v   | NAND2X1     | FE_RN_2062_1          |        | 0.011 | 0.039 | 0.039 |  0.000 |   4.973 |   -2.442 | 
     | FE_RC_3723_1                 |              | NAND2X1     | FE_RN_2062_1          |      1 | 0.011 | 0.039 | 0.000 |  0.000 |   4.973 |   -2.442 | 
     | FE_RC_3723_1                 | B v -> Y ^   | NAND2X1     | n15859                |        | 0.012 | 0.047 | 0.037 |  0.000 |   5.010 |   -2.405 | 
     | U10603                       |              | NAND2X1     | n15859                |      1 | 0.012 | 0.047 | 0.000 |  0.000 |   5.010 |   -2.405 | 
     | U10603                       | B ^ -> Y v   | NAND2X1     | n9718                 |        | 0.014 | 0.196 | 0.043 |  0.000 |   5.054 |   -2.361 | 
     | U8924                        |              | AND3X1      | n9718                 |      1 | 0.014 | 0.196 | 0.000 |  0.000 |   5.054 |   -2.361 | 
     | U8924                        | C v -> Y v   | AND3X1      | n8639                 |        | 0.019 | 0.035 | 0.124 |  0.000 |   5.179 |   -2.236 | 
     | U9367                        |              | NAND3X1     | n8639                 |      1 | 0.019 | 0.035 | 0.001 |  0.000 |   5.180 |   -2.235 | 
     | U9367                        | C v -> Y ^   | NAND3X1     | n8917                 |        | 0.014 | 0.059 | 0.043 |  0.000 |   5.223 |   -2.192 | 
     | FE_PSBC78_n8917              |              | INVX1       | n8917                 |      1 | 0.014 | 0.059 | 0.000 |  0.000 |   5.223 |   -2.192 | 
     | FE_PSBC78_n8917              | A ^ -> Y v   | INVX1       | FE_PSBN17155_n8917    |        | 0.042 | 0.052 | 0.056 |  0.000 |   5.279 |   -2.136 | 
     | FE_PSBC77_n8917              |              | INVX1       | FE_PSBN17155_n8917    |      1 | 0.042 | 0.053 | 0.003 |  0.000 |   5.282 |   -2.133 | 
     | FE_PSBC77_n8917              | A v -> Y ^   | INVX1       | FE_PSBN17154_n8917    |        | 0.143 | 0.269 | 0.236 |  0.061 |   5.518 |   -1.897 | 
     | U9366                        |              | INVX1       | FE_PSBN17154_n8917    |      1 | 0.143 | 0.273 | 0.040 |  0.004 |   5.558 |   -1.857 | 
     | U9366                        | A ^ -> Y v   | INVX1       | n10508                |        | 0.150 | 0.213 | 0.189 |  0.000 |   5.747 |   -1.668 | 
     | U11438_dup                   |              | NAND2X1     | n10508                |      2 | 0.150 | 0.222 | 0.040 |  0.000 |   5.787 |   -1.628 | 
     | U11438_dup                   | A v -> Y ^   | NAND2X1     | FE_RN_21              |        | 0.014 | 0.090 | 0.093 |  0.000 |   5.880 |   -1.535 | 
     | FE_PSBC88_FE_RN_21           |              | BUFX1       | FE_RN_21              |      1 | 0.014 | 0.090 | 0.000 |  0.000 |   5.880 |   -1.535 | 
     | FE_PSBC88_FE_RN_21           | A ^ -> Y ^   | BUFX1       | FE_PSBN17165_FE_RN_21 |        | 0.115 | 0.219 | 0.294 |  0.110 |   6.175 |   -1.240 | 
     | FE_OCPC4011_FE_RN_21         |              | INVX1       | FE_PSBN17165_FE_RN_21 |      1 | 0.115 | 0.221 | 0.027 |  0.006 |   6.202 |   -1.213 | 
     | FE_OCPC4011_FE_RN_21         | A ^ -> Y v   | INVX1       | FE_RN_1718_0          |        | 0.130 | 0.179 | 0.197 |  0.031 |   6.398 |   -1.017 | 
     | FE_RC_5854_1                 |              | AND2X1      | FE_RN_1718_0          |      4 | 0.130 | 0.183 | 0.021 |  0.002 |   6.420 |   -0.995 | 
     | FE_RC_5854_1                 | A v -> Y v   | AND2X1      | FE_OFN331_n10506      |        | 0.037 | 0.048 | 0.136 |  0.000 |   6.556 |   -0.859 | 
     | FE_OCPC3653_FE_OFN331_n10506 |              | INVX1       | FE_OFN331_n10506      |      2 | 0.037 | 0.048 | 0.002 |  0.000 |   6.558 |   -0.857 | 
     | FE_OCPC3653_FE_OFN331_n10506 | A v -> Y ^   | INVX1       | FE_OCPN18761_n10506   |        | 0.121 | 0.218 | 0.169 |  0.013 |   6.727 |   -0.688 | 
     | U17527                       |              | NAND2X1     | FE_OCPN18761_n10506   |      6 | 0.121 | 0.220 | 0.006 | -0.000 |   6.733 |   -0.681 | 
     | U17527                       | B ^ -> Y v   | NAND2X1     | n17002                |        | 0.068 | 0.150 | 0.159 |  0.000 |   6.892 |   -0.523 | 
     | U17532                       |              | AND2X1      | n17002                |      5 | 0.068 | 0.150 | 0.001 |  0.000 |   6.893 |   -0.522 | 
     | U17532                       | B v -> Y v   | AND2X1      | n17152                |        | 0.200 | 0.231 | 0.247 |  0.000 |   7.140 |   -0.275 | 
     | FE_RC_2928_0                 |              | INVX1       | n17152                |     10 | 0.200 | 0.233 | 0.012 |  0.000 |   7.152 |   -0.263 | 
     | FE_RC_2928_0                 | A v -> Y ^   | INVX1       | FE_RN_1672_1          |        | 0.040 | 0.117 | 0.139 |  0.012 |   7.291 |   -0.124 | 
     | FE_RC_4111_1                 |              | AND2X1      | FE_RN_1672_1          |      1 | 0.040 | 0.117 | 0.003 |  0.000 |   7.293 |   -0.122 | 
     | FE_RC_4111_1                 | A ^ -> Y ^   | AND2X1      | FE_OCPN19872_n17067   |        | 0.081 | 0.159 | 0.187 |  0.012 |   7.480 |    0.065 | 
     | U17560                       |              | NOR2X1      | FE_OCPN19872_n17067   |      5 | 0.081 | 0.160 | 0.006 |  0.000 |   7.487 |    0.072 | 
     | U17560                       | B ^ -> Y v   | NOR2X1      | n17034                |        | 0.012 | 0.046 | 0.043 |  0.000 |   7.530 |    0.115 | 
     | U8868                        |              | NOR2X1      | n17034                |      1 | 0.012 | 0.046 | 0.000 |  0.000 |   7.530 |    0.115 | 
     | U8868                        | A v -> Y ^   | NOR2X1      | n8604                 |        | 0.123 | 0.516 | 0.656 |  0.291 |   8.186 |    0.771 | 
     | U8867                        |              | INVX1       | n8604                 |      1 | 0.123 | 0.516 | 0.029 |  0.003 |   8.215 |    0.800 | 
     | U8867                        | A ^ -> Y v   | INVX1       | WriteData[3]          |        | 0.167 | 0.288 | 0.274 |  0.017 |   8.490 |    1.075 | 
     |                              |              | riscvsingle | WriteData[3]          |      1 | 0.167 | 0.296 | 0.050 |  0.001 |   8.540 |    1.125 | 
     +--------------------------------------------------------------------------------------------------------------------------------------------------+ 
Path 3: VIOLATED Late External Delay Assertion 
Endpoint:   WriteData[6]    (^) checked with  leading edge of 'clk'
Beginpoint: rf_reg[31][1]/Q (v) triggered by  leading edge of 'clk'
Path Groups: {clk}
Analysis View: setup_func
Other End Arrival Time          0.000
- External Delay                0.000
+ Phase Shift                   1.250
- Uncertainty                   0.125
= Required Time                 1.125
- Arrival Time                  8.375
= Slack Time                   -7.250
     Clock Rise Edge                 0.000
     + Clock Network Latency (Prop)  1.427
     = Beginpoint Arrival Time       1.427
     +------------------------------------------------------------------------------------------------------------------------------------------------------+ 
     |            Instance            |     Arc      |    Cell     |           Net            | Fanout |  Load |  Slew | Delay |  Incr | Arrival | Required | 
     |                                |              |             |                          |        |       |       |       | Delay |  Time   |   Time   | 
     |--------------------------------+--------------+-------------+--------------------------+--------+-------+-------+-------+-------+---------+----------| 
     | rf_reg[31][1]                  | CLK ^        |             | CTS_98                   |     12 | 0.603 | 1.137 |       |       |   1.427 |   -5.823 | 
     | rf_reg[31][1]                  | CLK ^ -> Q v | DFFX1       | rf[31][1]                |        | 0.116 | 0.285 | 0.759 | 0.054 |   2.187 |   -5.064 | 
     | U13569                         |              | NAND2X1     | rf[31][1]                |      3 | 0.116 | 0.289 | 0.020 | 0.000 |   2.207 |   -5.043 | 
     | U13569                         | B v -> Y ^   | NAND2X1     | n12195                   |        | 0.025 | 0.186 | 0.115 | 0.000 |   2.322 |   -4.928 | 
     | FE_RC_4696_1                   |              | AND2X1      | n12195                   |      2 | 0.025 | 0.186 | 0.001 | 0.000 |   2.323 |   -4.927 | 
     | FE_RC_4696_1                   | A ^ -> Y ^   | AND2X1      | FE_RN_89_1               |        | 0.216 | 0.413 | 0.368 | 0.060 |   2.691 |   -4.560 | 
     | FE_RC_6700_0                   |              | INVX1       | FE_RN_89_1               |      2 | 0.216 | 0.426 | 0.110 | 0.022 |   2.801 |   -4.450 | 
     | FE_RC_6700_0                   | A ^ -> Y v   | INVX1       | FE_RN_3634_0             |        | 0.202 | 0.291 | 0.340 | 0.079 |   3.141 |   -4.110 | 
     | FE_RC_6699_0                   |              | NOR2X1      | FE_RN_3634_0             |      1 | 0.202 | 0.307 | 0.072 | 0.006 |   3.213 |   -4.038 | 
     | FE_RC_6699_0                   | B v -> Y ^   | NOR2X1      | FE_RN_3635_0             |        | 0.017 | 0.128 | 0.135 | 0.000 |   3.347 |   -3.903 | 
     | FE_RC_6698_0                   |              | AOI3X1      | FE_RN_3635_0             |      1 | 0.017 | 0.128 | 0.000 | 0.000 |   3.347 |   -3.903 | 
     | FE_RC_6698_0                   | B ^ -> YN ^  | AOI3X1      | FE_RN_532_1              |        | 0.040 | 0.169 | 0.215 | 0.011 |   3.563 |   -3.688 | 
     | FE_RC_6697_0                   |              | AND3X1      | FE_RN_532_1              |      2 | 0.040 | 0.169 | 0.002 | 0.000 |   3.565 |   -3.685 | 
     | FE_RC_6697_0                   | C ^ -> Y ^   | AND3X1      | FE_RN_54                 |        | 0.090 | 0.166 | 0.241 | 0.018 |   3.806 |   -3.444 | 
     | U12492                         |              | NAND2X1     | FE_RN_54                 |      2 | 0.090 | 0.167 | 0.010 | 0.000 |   3.816 |   -3.434 | 
     | U12492                         | B ^ -> Y v   | NAND2X1     | n11172                   |        | 0.138 | 0.329 | 0.254 | 0.012 |   4.070 |   -3.180 | 
     | U9901                          |              | NAND3X1     | n11172                   |      2 | 0.138 | 0.330 | 0.017 | 0.002 |   4.087 |   -3.163 | 
     | U9901                          | C v -> Y ^   | NAND3X1     | n9250                    |        | 0.093 | 0.265 | 0.337 | 0.088 |   4.425 |   -2.826 | 
     | U9900                          |              | INVX1       | n9250                    |      1 | 0.093 | 0.266 | 0.012 | 0.002 |   4.437 |   -2.813 | 
     | U9900                          | A ^ -> Y v   | INVX1       | n9249                    |        | 0.091 | 0.150 | 0.161 | 0.014 |   4.598 |   -2.653 | 
     | U9899_dup                      |              | NAND2X1     | n9249                    |      1 | 0.091 | 0.152 | 0.011 | 0.000 |   4.608 |   -2.642 | 
     | U9899_dup                      | B v -> Y ^   | NAND2X1     | FE_RN_150                |        | 0.055 | 0.156 | 0.146 | 0.016 |   4.754 |   -2.496 | 
     | U11311                         |              | NAND2X1     | FE_RN_150                |      4 | 0.055 | 0.157 | 0.002 | 0.000 |   4.756 |   -2.494 | 
     | U11311                         | A ^ -> Y v   | NAND2X1     | n15858                   |        | 0.036 | 0.096 | 0.118 | 0.013 |   4.874 |   -2.376 | 
     | FE_RC_3725_0                   |              | INVX1       | n15858                   |      2 | 0.036 | 0.097 | 0.001 | 0.000 |   4.875 |   -2.375 | 
     | FE_RC_3725_0                   | A v -> Y ^   | INVX1       | FE_RN_2061_0             |        | 0.017 | 0.051 | 0.058 | 0.000 |   4.934 |   -2.316 | 
     | FE_RC_3724_1                   |              | NAND2X1     | FE_RN_2061_0             |      1 | 0.017 | 0.051 | 0.000 | 0.000 |   4.934 |   -2.316 | 
     | FE_RC_3724_1                   | B ^ -> Y v   | NAND2X1     | FE_RN_2062_1             |        | 0.011 | 0.039 | 0.039 | 0.000 |   4.973 |   -2.278 | 
     | FE_RC_3723_1                   |              | NAND2X1     | FE_RN_2062_1             |      1 | 0.011 | 0.039 | 0.000 | 0.000 |   4.973 |   -2.278 | 
     | FE_RC_3723_1                   | B v -> Y ^   | NAND2X1     | n15859                   |        | 0.012 | 0.047 | 0.037 | 0.000 |   5.010 |   -2.240 | 
     | U10603                         |              | NAND2X1     | n15859                   |      1 | 0.012 | 0.047 | 0.000 | 0.000 |   5.010 |   -2.240 | 
     | U10603                         | B ^ -> Y v   | NAND2X1     | n9718                    |        | 0.014 | 0.196 | 0.043 | 0.000 |   5.054 |   -2.196 | 
     | U8924                          |              | AND3X1      | n9718                    |      1 | 0.014 | 0.196 | 0.000 | 0.000 |   5.054 |   -2.196 | 
     | U8924                          | C v -> Y v   | AND3X1      | n8639                    |        | 0.019 | 0.035 | 0.124 | 0.000 |   5.179 |   -2.072 | 
     | U9367                          |              | NAND3X1     | n8639                    |      1 | 0.019 | 0.035 | 0.001 | 0.000 |   5.180 |   -2.071 | 
     | U9367                          | C v -> Y ^   | NAND3X1     | n8917                    |        | 0.014 | 0.059 | 0.043 | 0.000 |   5.223 |   -2.028 | 
     | FE_PSBC78_n8917                |              | INVX1       | n8917                    |      1 | 0.014 | 0.059 | 0.000 | 0.000 |   5.223 |   -2.027 | 
     | FE_PSBC78_n8917                | A ^ -> Y v   | INVX1       | FE_PSBN17155_n8917       |        | 0.042 | 0.052 | 0.056 | 0.000 |   5.279 |   -1.971 | 
     | FE_PSBC77_n8917                |              | INVX1       | FE_PSBN17155_n8917       |      1 | 0.042 | 0.053 | 0.003 | 0.000 |   5.282 |   -1.968 | 
     | FE_PSBC77_n8917                | A v -> Y ^   | INVX1       | FE_PSBN17154_n8917       |        | 0.143 | 0.269 | 0.236 | 0.061 |   5.518 |   -1.732 | 
     | U9366                          |              | INVX1       | FE_PSBN17154_n8917       |      1 | 0.143 | 0.273 | 0.040 | 0.004 |   5.558 |   -1.692 | 
     | U9366                          | A ^ -> Y v   | INVX1       | n10508                   |        | 0.150 | 0.213 | 0.189 | 0.000 |   5.747 |   -1.503 | 
     | U11438_dup                     |              | NAND2X1     | n10508                   |      2 | 0.150 | 0.222 | 0.040 | 0.000 |   5.787 |   -1.463 | 
     | U11438_dup                     | A v -> Y ^   | NAND2X1     | FE_RN_21                 |        | 0.014 | 0.090 | 0.093 | 0.000 |   5.880 |   -1.370 | 
     | FE_PSBC88_FE_RN_21             |              | BUFX1       | FE_RN_21                 |      1 | 0.014 | 0.090 | 0.000 | 0.000 |   5.880 |   -1.370 | 
     | FE_PSBC88_FE_RN_21             | A ^ -> Y ^   | BUFX1       | FE_PSBN17165_FE_RN_21    |        | 0.115 | 0.219 | 0.294 | 0.110 |   6.175 |   -1.076 | 
     | FE_OCPC4011_FE_RN_21           |              | INVX1       | FE_PSBN17165_FE_RN_21    |      1 | 0.115 | 0.221 | 0.027 | 0.006 |   6.202 |   -1.049 | 
     | FE_OCPC4011_FE_RN_21           | A ^ -> Y v   | INVX1       | FE_RN_1718_0             |        | 0.130 | 0.179 | 0.197 | 0.031 |   6.398 |   -0.852 | 
     | FE_RC_5854_1                   |              | AND2X1      | FE_RN_1718_0             |      4 | 0.130 | 0.183 | 0.021 | 0.002 |   6.420 |   -0.831 | 
     | FE_RC_5854_1                   | A v -> Y v   | AND2X1      | FE_OFN331_n10506         |        | 0.037 | 0.048 | 0.136 | 0.000 |   6.556 |   -0.695 | 
     | FE_OCPC3653_FE_OFN331_n10506   |              | INVX1       | FE_OFN331_n10506         |      2 | 0.037 | 0.048 | 0.002 | 0.000 |   6.558 |   -0.693 | 
     | FE_OCPC3653_FE_OFN331_n10506   | A v -> Y ^   | INVX1       | FE_OCPN18761_n10506      |        | 0.121 | 0.218 | 0.169 | 0.013 |   6.727 |   -0.523 | 
     | FE_RC_3990_1                   |              | INVX1       | FE_OCPN18761_n10506      |      6 | 0.121 | 0.219 | 0.005 | 0.000 |   6.732 |   -0.519 | 
     | FE_RC_3990_1                   | A ^ -> Y v   | INVX1       | FE_OCPN18756_n10506      |        | 0.170 | 0.218 | 0.202 | 0.012 |   6.934 |   -0.317 | 
     | FE_OFC1519_FE_OCPN18761_n10506 |              | INVX1       | FE_OCPN18756_n10506      |      2 | 0.170 | 0.222 | 0.011 | 0.002 |   6.945 |   -0.306 | 
     | FE_OFC1519_FE_OCPN18761_n10506 | A v -> Y ^   | INVX1       | FE_OCPN20789_ALUResult_1 |        | 0.083 | 0.185 | 0.197 | 0.014 |   7.142 |   -0.109 | 
     | FE_RC_3984_0                   |              | NAND2X1     | FE_OCPN20789_ALUResult_1 |      3 | 0.083 | 0.185 | 0.004 | 0.000 |   7.145 |   -0.105 | 
     | FE_RC_3984_0                   | A ^ -> Y v   | NAND2X1     | n17244                   |        | 0.039 | 0.101 | 0.111 | 0.000 |   7.257 |    0.007 | 
     | U17517                         |              | NAND2X1     | n17244                   |      3 | 0.039 | 0.101 | 0.000 | 0.000 |   7.257 |    0.007 | 
     | U17517                         | B v -> Y ^   | NAND2X1     | n17060                   |        | 0.057 | 0.122 | 0.112 | 0.000 |   7.369 |    0.119 | 
     | FE_PSC9_n17060                 |              | BUFX1       | n17060                   |      4 | 0.057 | 0.122 | 0.002 | 0.000 |   7.371 |    0.121 | 
     | FE_PSC9_n17060                 | A ^ -> Y ^   | BUFX1       | FE_PSN9_n17060           |        | 0.070 | 0.126 | 0.137 | 0.000 |   7.509 |    0.258 | 
     | U17575                         |              | NAND2X1     | FE_PSN9_n17060           |      5 | 0.070 | 0.127 | 0.002 | 0.000 |   7.511 |    0.261 | 
     | U17575                         | B ^ -> Y v   | NAND2X1     | n17059                   |        | 0.112 | 0.248 | 0.288 | 0.093 |   7.799 |    0.549 | 
     | FE_RC_5228_1                   |              | INVX1       | n17059                   |      1 | 0.112 | 0.248 | 0.023 | 0.002 |   7.822 |    0.572 | 
     | FE_RC_5228_1                   | A v -> Y ^   | INVX1       | FE_RN_2793_1             |        | 0.114 | 0.248 | 0.303 | 0.077 |   8.125 |    0.875 | 
     | FE_RC_5225_0                   |              | NOR2X1      | FE_RN_2793_1             |      1 | 0.114 | 0.250 | 0.028 | 0.005 |   8.154 |    0.903 | 
     | FE_RC_5225_0                   | A ^ -> Y v   | NOR2X1      | n8613                    |        | 0.019 | 0.078 | 0.075 | 0.000 |   8.229 |    0.978 | 
     | U8879                          |              | INVX1       | n8613                    |      1 | 0.019 | 0.078 | 0.000 | 0.000 |   8.229 |    0.978 | 
     | U8879                          | A v -> Y ^   | INVX1       | WriteData[6]             |        | 0.078 | 0.151 | 0.136 | 0.010 |   8.365 |    1.114 | 
     |                                |              | riscvsingle | WriteData[6]             |      1 | 0.078 | 0.152 | 0.011 | 0.000 |   8.375 |    1.125 | 
     +------------------------------------------------------------------------------------------------------------------------------------------------------+ 
Path 4: VIOLATED Late External Delay Assertion 
Endpoint:   WriteData[25]   (v) checked with  leading edge of 'clk'
Beginpoint: rf_reg[31][1]/Q (v) triggered by  leading edge of 'clk'
Path Groups: {clk}
Analysis View: setup_func
Other End Arrival Time          0.000
- External Delay                0.000
+ Phase Shift                   1.250
- Uncertainty                   0.125
= Required Time                 1.125
- Arrival Time                  8.251
= Slack Time                   -7.126
     Clock Rise Edge                 0.000
     + Clock Network Latency (Prop)  1.427
     = Beginpoint Arrival Time       1.427
     +------------------------------------------------------------------------------------------------------------------------------------------------------+ 
     |            Instance            |     Arc      |    Cell     |           Net            | Fanout |  Load |  Slew | Delay |  Incr | Arrival | Required | 
     |                                |              |             |                          |        |       |       |       | Delay |  Time   |   Time   | 
     |--------------------------------+--------------+-------------+--------------------------+--------+-------+-------+-------+-------+---------+----------| 
     | rf_reg[31][1]                  | CLK ^        |             | CTS_98                   |     12 | 0.603 | 1.137 |       |       |   1.427 |   -5.699 | 
     | rf_reg[31][1]                  | CLK ^ -> Q v | DFFX1       | rf[31][1]                |        | 0.116 | 0.285 | 0.759 | 0.054 |   2.186 |   -4.940 | 
     | U13569                         |              | NAND2X1     | rf[31][1]                |      3 | 0.116 | 0.289 | 0.020 | 0.000 |   2.207 |   -4.919 | 
     | U13569                         | B v -> Y ^   | NAND2X1     | n12195                   |        | 0.025 | 0.186 | 0.115 | 0.000 |   2.322 |   -4.804 | 
     | FE_RC_4696_1                   |              | AND2X1      | n12195                   |      2 | 0.025 | 0.186 | 0.001 | 0.000 |   2.323 |   -4.803 | 
     | FE_RC_4696_1                   | A ^ -> Y ^   | AND2X1      | FE_RN_89_1               |        | 0.216 | 0.413 | 0.368 | 0.060 |   2.691 |   -4.436 | 
     | FE_RC_6700_0                   |              | INVX1       | FE_RN_89_1               |      2 | 0.216 | 0.426 | 0.110 | 0.022 |   2.800 |   -4.326 | 
     | FE_RC_6700_0                   | A ^ -> Y v   | INVX1       | FE_RN_3634_0             |        | 0.202 | 0.291 | 0.340 | 0.079 |   3.141 |   -3.986 | 
     | FE_RC_6699_0                   |              | NOR2X1      | FE_RN_3634_0             |      1 | 0.202 | 0.307 | 0.072 | 0.006 |   3.213 |   -3.914 | 
     | FE_RC_6699_0                   | B v -> Y ^   | NOR2X1      | FE_RN_3635_0             |        | 0.017 | 0.128 | 0.135 | 0.000 |   3.347 |   -3.779 | 
     | FE_RC_6698_0                   |              | AOI3X1      | FE_RN_3635_0             |      1 | 0.017 | 0.128 | 0.000 | 0.000 |   3.347 |   -3.779 | 
     | FE_RC_6698_0                   | B ^ -> YN ^  | AOI3X1      | FE_RN_532_1              |        | 0.040 | 0.169 | 0.215 | 0.011 |   3.563 |   -3.564 | 
     | FE_RC_6697_0                   |              | AND3X1      | FE_RN_532_1              |      2 | 0.040 | 0.169 | 0.002 | 0.000 |   3.565 |   -3.561 | 
     | FE_RC_6697_0                   | C ^ -> Y ^   | AND3X1      | FE_RN_54                 |        | 0.090 | 0.166 | 0.241 | 0.018 |   3.806 |   -3.320 | 
     | U12492                         |              | NAND2X1     | FE_RN_54                 |      2 | 0.090 | 0.167 | 0.010 | 0.000 |   3.816 |   -3.310 | 
     | U12492                         | B ^ -> Y v   | NAND2X1     | n11172                   |        | 0.138 | 0.329 | 0.254 | 0.012 |   4.070 |   -3.056 | 
     | U9901                          |              | NAND3X1     | n11172                   |      2 | 0.138 | 0.330 | 0.017 | 0.002 |   4.087 |   -3.039 | 
     | U9901                          | C v -> Y ^   | NAND3X1     | n9250                    |        | 0.093 | 0.265 | 0.337 | 0.088 |   4.425 |   -2.702 | 
     | U9900                          |              | INVX1       | n9250                    |      1 | 0.093 | 0.266 | 0.012 | 0.002 |   4.437 |   -2.689 | 
     | U9900                          | A ^ -> Y v   | INVX1       | n9249                    |        | 0.091 | 0.150 | 0.161 | 0.014 |   4.598 |   -2.529 | 
     | U9899_dup                      |              | NAND2X1     | n9249                    |      1 | 0.091 | 0.152 | 0.011 | 0.000 |   4.608 |   -2.518 | 
     | U9899_dup                      | B v -> Y ^   | NAND2X1     | FE_RN_150                |        | 0.055 | 0.156 | 0.146 | 0.016 |   4.754 |   -2.372 | 
     | U11311                         |              | NAND2X1     | FE_RN_150                |      4 | 0.055 | 0.157 | 0.002 | 0.000 |   4.756 |   -2.370 | 
     | U11311                         | A ^ -> Y v   | NAND2X1     | n15858                   |        | 0.036 | 0.096 | 0.118 | 0.013 |   4.874 |   -2.252 | 
     | FE_RC_3727_0                   |              | NAND2X1     | n15858                   |      2 | 0.036 | 0.097 | 0.002 | 0.000 |   4.876 |   -2.251 | 
     | FE_RC_3727_0                   | B v -> Y ^   | NAND2X1     | FE_RN_2059_0             |        | 0.019 | 0.122 | 0.066 | 0.000 |   4.942 |   -2.185 | 
     | FE_RC_3723_1                   |              | NAND2X1     | FE_RN_2059_0             |      1 | 0.019 | 0.122 | 0.000 | 0.000 |   4.942 |   -2.185 | 
     | FE_RC_3723_1                   | A ^ -> Y v   | NAND2X1     | n15859                   |        | 0.012 | 0.043 | 0.057 | 0.000 |   4.999 |   -2.128 | 
     | U10603                         |              | NAND2X1     | n15859                   |      1 | 0.012 | 0.043 | 0.000 | 0.000 |   4.999 |   -2.128 | 
     | U10603                         | B v -> Y ^   | NAND2X1     | n9718                    |        | 0.015 | 0.170 | 0.043 | 0.000 |   5.042 |   -2.084 | 
     | U8924                          |              | AND3X1      | n9718                    |      1 | 0.015 | 0.170 | 0.000 | 0.000 |   5.042 |   -2.084 | 
     | U8924                          | C ^ -> Y ^   | AND3X1      | n8639                    |        | 0.019 | 0.050 | 0.140 | 0.000 |   5.182 |   -1.944 | 
     | U9367                          |              | NAND3X1     | n8639                    |      1 | 0.019 | 0.050 | 0.001 | 0.000 |   5.183 |   -1.944 | 
     | U9367                          | C ^ -> Y v   | NAND3X1     | n8917                    |        | 0.014 | 0.061 | 0.058 | 0.000 |   5.241 |   -1.885 | 
     | FE_PSBC78_n8917                |              | INVX1       | n8917                    |      1 | 0.014 | 0.061 | 0.000 | 0.000 |   5.241 |   -1.885 | 
     | FE_PSBC78_n8917                | A v -> Y ^   | INVX1       | FE_PSBN17155_n8917       |        | 0.042 | 0.082 | 0.089 | 0.011 |   5.331 |   -1.796 | 
     | FE_PSBC77_n8917                |              | INVX1       | FE_PSBN17155_n8917       |      1 | 0.042 | 0.082 | 0.003 | 0.000 |   5.334 |   -1.792 | 
     | FE_PSBC77_n8917                | A ^ -> Y v   | INVX1       | FE_PSBN17154_n8917       |        | 0.143 | 0.168 | 0.133 | 0.006 |   5.467 |   -1.660 | 
     | U9366                          |              | INVX1       | FE_PSBN17154_n8917       |      1 | 0.143 | 0.175 | 0.040 | 0.004 |   5.506 |   -1.620 | 
     | U9366                          | A v -> Y ^   | INVX1       | n10508                   |        | 0.150 | 0.298 | 0.238 | 0.005 |   5.745 |   -1.382 | 
     | U11438_dup                     |              | NAND2X1     | n10508                   |      2 | 0.150 | 0.303 | 0.043 | 0.002 |   5.788 |   -1.339 | 
     | U11438_dup                     | A ^ -> Y v   | NAND2X1     | FE_RN_21                 |        | 0.014 | 0.083 | 0.078 | 0.000 |   5.866 |   -1.260 | 
     | FE_PSBC88_FE_RN_21             |              | BUFX1       | FE_RN_21                 |      1 | 0.014 | 0.083 | 0.000 | 0.000 |   5.866 |   -1.260 | 
     | FE_PSBC88_FE_RN_21             | A v -> Y v   | BUFX1       | FE_PSBN17165_FE_RN_21    |        | 0.115 | 0.139 | 0.211 | 0.053 |   6.077 |   -1.049 | 
     | FE_OCPC4011_FE_RN_21           |              | INVX1       | FE_PSBN17165_FE_RN_21    |      1 | 0.115 | 0.141 | 0.023 | 0.003 |   6.100 |   -1.026 | 
     | FE_OCPC4011_FE_RN_21           | A v -> Y ^   | INVX1       | FE_RN_1718_0             |        | 0.130 | 0.248 | 0.285 | 0.082 |   6.386 |   -0.741 | 
     | FE_RC_5854_1                   |              | AND2X1      | FE_RN_1718_0             |      4 | 0.130 | 0.253 | 0.022 | 0.001 |   6.407 |   -0.719 | 
     | FE_RC_5854_1                   | A ^ -> Y ^   | AND2X1      | FE_OFN331_n10506         |        | 0.037 | 0.078 | 0.147 | 0.000 |   6.554 |   -0.572 | 
     | FE_OCPC3653_FE_OFN331_n10506   |              | INVX1       | FE_OFN331_n10506         |      2 | 0.037 | 0.078 | 0.002 | 0.000 |   6.556 |   -0.570 | 
     | FE_OCPC3653_FE_OFN331_n10506   | A ^ -> Y v   | INVX1       | FE_OCPN18761_n10506      |        | 0.121 | 0.134 | 0.117 | 0.000 |   6.674 |   -0.453 | 
     | FE_RC_3990_1                   |              | INVX1       | FE_OCPN18761_n10506      |      6 | 0.121 | 0.135 | 0.004 | 0.000 |   6.678 |   -0.448 | 
     | FE_RC_3990_1                   | A v -> Y ^   | INVX1       | FE_OCPN18756_n10506      |        | 0.170 | 0.321 | 0.280 | 0.042 |   6.958 |   -0.168 | 
     | FE_OFC1519_FE_OCPN18761_n10506 |              | INVX1       | FE_OCPN18756_n10506      |      2 | 0.170 | 0.322 | 0.015 | 0.006 |   6.973 |   -0.153 | 
     | FE_OFC1519_FE_OCPN18761_n10506 | A ^ -> Y v   | INVX1       | FE_OCPN20789_ALUResult_1 |        | 0.083 | 0.155 | 0.146 | 0.000 |   7.120 |   -0.007 | 
     | FE_RC_3984_0                   |              | NAND2X1     | FE_OCPN20789_ALUResult_1 |      3 | 0.083 | 0.155 | 0.003 | 0.000 |   7.123 |   -0.003 | 
     | FE_RC_3984_0                   | A v -> Y ^   | NAND2X1     | n17244                   |        | 0.039 | 0.101 | 0.115 | 0.000 |   7.238 |    0.112 | 
     | U17735                         |              | NAND2X1     | n17244                   |      3 | 0.039 | 0.101 | 0.001 | 0.000 |   7.239 |    0.112 | 
     | U17735                         | B ^ -> Y v   | NAND2X1     | n17311                   |        | 0.141 | 0.303 | 0.221 | 0.006 |   7.460 |    0.333 | 
     | U17743                         |              | NAND2X1     | n17311                   |      8 | 0.141 | 0.303 | 0.006 | 0.001 |   7.466 |    0.339 | 
     | U17743                         | B v -> Y ^   | NAND2X1     | n17255                   |        | 0.041 | 0.160 | 0.180 | 0.026 |   7.646 |    0.520 | 
     | FE_RC_4000_1                   |              | INVX1       | n17255                   |      1 | 0.041 | 0.160 | 0.003 | 0.000 |   7.649 |    0.523 | 
     | FE_RC_4000_1                   | A ^ -> Y v   | INVX1       | FE_RN_2179_0             |        | 0.074 | 0.111 | 0.111 | 0.000 |   7.760 |    0.634 | 
     | FE_RC_3999_0                   |              | NOR2X1      | FE_RN_2179_0             |      1 | 0.074 | 0.112 | 0.008 | 0.000 |   7.768 |    0.641 | 
     | FE_RC_3999_0                   | B v -> Y ^   | NOR2X1      | FE_RN_2180_0             |        | 0.015 | 0.091 | 0.093 | 0.009 |   7.861 |    0.734 | 
     | FE_PSBC67_FE_RN_2180_0         |              | BUFX1       | FE_RN_2180_0             |      1 | 0.015 | 0.091 | 0.000 | 0.000 |   7.861 |    0.734 | 
     | FE_PSBC67_FE_RN_2180_0         | A ^ -> Y ^   | BUFX1       | FE_PSBN67_FE_RN_2180_0   |        | 0.061 | 0.112 | 0.157 | 0.028 |   8.018 |    0.892 | 
     | FE_RC_3998_0                   |              | NAND2X1     | FE_PSBN67_FE_RN_2180_0   |      1 | 0.061 | 0.112 | 0.004 | 0.000 |   8.022 |    0.895 | 
     | FE_RC_3998_0                   | B ^ -> Y v   | NAND2X1     | WriteData[25]            |        | 0.114 | 0.266 | 0.209 | 0.015 |   8.231 |    1.104 | 
     |                                |              | riscvsingle | WriteData[25]            |      1 | 0.114 | 0.268 | 0.021 | 0.000 |   8.251 |    1.125 | 
     +------------------------------------------------------------------------------------------------------------------------------------------------------+ 
Path 5: VIOLATED Setup Check with Pin rf_reg[5][26]/CLK 
Endpoint:   rf_reg[5][26]/D (v) checked with  leading edge of 'clk'
Beginpoint: rf_reg[29][1]/Q (v) triggered by  leading edge of 'clk'
Path Groups: {clk}
Analysis View: setup_func
Other End Arrival Time          1.073
- Setup                         0.101
+ Phase Shift                   1.250
- Uncertainty                   0.125
= Required Time                 2.097
- Arrival Time                  9.140
= Slack Time                   -7.043
     Clock Rise Edge                 0.000
     + Clock Network Latency (Prop)  1.286
     = Beginpoint Arrival Time       1.286
     +---------------------------------------------------------------------------------------------------------------------------------------+ 
     |       Instance        |     Arc      |  Cell   |          Net           | Fanout |  Load |  Slew | Delay |  Incr | Arrival | Required | 
     |                       |              |         |                        |        |       |       |       | Delay |  Time   |   Time   | 
     |-----------------------+--------------+---------+------------------------+--------+-------+-------+-------+-------+---------+----------| 
     | rf_reg[29][1]         | CLK ^        |         | CTS_102                |     12 | 0.461 | 0.869 |       |       |   1.286 |   -5.757 | 
     | rf_reg[29][1]         | CLK ^ -> Q v | DFFX1   | rf[29][1]              |        | 0.021 | 0.077 | 0.413 | 0.019 |   1.699 |   -5.344 | 
     | FE_PSBC80_rf_29__1    |              | INVX1   | rf[29][1]              |      1 | 0.021 | 0.077 | 0.000 | 0.000 |   1.699 |   -5.344 | 
     | FE_PSBC80_rf_29__1    | A v -> Y ^   | INVX1   | FE_PSBN17157_rf_29__1  |        | 0.363 | 0.699 | 0.401 | 0.018 |   2.100 |   -4.943 | 
     | U11369                |              | NOR2X1  | FE_PSBN17157_rf_29__1  |      2 | 0.363 | 0.726 | 0.236 | 0.076 |   2.336 |   -4.707 | 
     | U11369                | B ^ -> Y v   | NOR2X1  | n12187                 |        | 0.012 | 0.124 | 0.036 | 0.000 |   2.372 |   -4.671 | 
     | FE_RC_534_0           |              | NOR3X1  | n12187                 |      1 | 0.012 | 0.124 | 0.000 | 0.000 |   2.373 |   -4.670 | 
     | FE_RC_534_0           | C v -> Y ^   | NOR3X1  | FE_RN_305_0            |        | 0.033 | 0.245 | 0.192 | 0.014 |   2.565 |   -4.478 | 
     | FE_RC_533_1_dup       |              | NAND3X1 | FE_RN_305_0            |      2 | 0.033 | 0.246 | 0.001 | 0.000 |   2.566 |   -4.477 | 
     | FE_RC_533_1_dup       | C ^ -> Y v   | NAND3X1 | FE_RN_513              |        | 0.029 | 0.124 | 0.131 | 0.000 |   2.697 |   -4.346 | 
     | FE_PSBC76_FE_RN_513   |              | INVX1   | FE_RN_513              |      2 | 0.029 | 0.124 | 0.001 | 0.000 |   2.697 |   -4.346 | 
     | FE_PSBC76_FE_RN_513   | A v -> Y ^   | INVX1   | FE_PSBN17153_FE_RN_513 |        | 0.012 | 0.049 | 0.055 | 0.000 |   2.752 |   -4.291 | 
     | FE_PSBC103_FE_RN_513  |              | INVX1   | FE_PSBN17153_FE_RN_513 |      1 | 0.012 | 0.049 | 0.000 | 0.000 |   2.752 |   -4.291 | 
     | FE_PSBC103_FE_RN_513  | A ^ -> Y v   | INVX1   | FE_PSBN17180_n         |        | 0.135 | 0.157 | 0.112 | 0.000 |   2.864 |   -4.179 | 
     | FE_PSBC102_FE_RN_513  |              | BUFX1   | FE_PSBN17180_n         |      1 | 0.135 | 0.161 | 0.030 | 0.000 |   2.894 |   -4.149 | 
     | FE_PSBC102_FE_RN_513  | A v -> Y v   | BUFX1   | FE_PSBN17179_n         |        | 0.215 | 0.206 | 0.214 | 0.009 |   3.108 |   -3.935 | 
     | FE_PSBC101_FE_RN_513  |              | INVX1   | FE_PSBN17179_n         |      1 | 0.215 | 0.223 | 0.072 | 0.011 |   3.181 |   -3.862 | 
     | FE_PSBC101_FE_RN_513  | A v -> Y ^   | INVX1   | FE_PSBN17178_n         |        | 0.119 | 0.247 | 0.246 | 0.025 |   3.427 |   -3.616 | 
     | FE_RC_7317_0          |              | NAND2X1 | FE_PSBN17178_n         |      4 | 0.119 | 0.252 | 0.020 | 0.000 |   3.447 |   -3.595 | 
     | FE_RC_7317_0          | A ^ -> Y v   | NAND2X1 | n11075                 |        | 0.019 | 0.078 | 0.088 | 0.000 |   3.536 |   -3.507 | 
     | U12376_dup            |              | NAND2X1 | n11075                 |      1 | 0.019 | 0.078 | 0.001 | 0.000 |   3.536 |   -3.507 | 
     | U12376_dup            | B v -> Y ^   | NAND2X1 | FE_RN_564              |        | 0.053 | 0.275 | 0.099 | 0.000 |   3.636 |   -3.407 | 
     | FE_PSBC36_FE_RN_564   |              | INVX1   | FE_RN_564              |      3 | 0.053 | 0.275 | 0.003 | 0.000 |   3.639 |   -3.404 | 
     | FE_PSBC36_FE_RN_564   | A ^ -> Y v   | INVX1   | FE_PSBN36_FE_RN_564    |        | 0.137 | 0.195 | 0.184 | 0.000 |   3.823 |   -3.220 | 
     | FE_PSBC34_FE_RN_564   |              | INVX1   | FE_PSBN36_FE_RN_564    |      4 | 0.137 | 0.198 | 0.018 | 0.000 |   3.841 |   -3.202 | 
     | FE_PSBC34_FE_RN_564   | A v -> Y ^   | INVX1   | FE_PSBN34_FE_RN_564    |        | 0.075 | 0.167 | 0.160 | 0.000 |   4.001 |   -3.042 | 
     | FE_RC_5893_1          |              | NAND2X1 | FE_PSBN34_FE_RN_564    |      5 | 0.075 | 0.168 | 0.004 | 0.000 |   4.006 |   -3.037 | 
     | FE_RC_5893_1          | B ^ -> Y v   | NAND2X1 | n11116                 |        | 0.014 | 0.060 | 0.064 | 0.000 |   4.070 |   -2.973 | 
     | FE_RC_5574_1          |              | NAND2X1 | n11116                 |      1 | 0.014 | 0.060 | 0.000 | 0.000 |   4.070 |   -2.973 | 
     | FE_RC_5574_1          | B v -> Y ^   | NAND2X1 | n11115                 |        | 0.230 | 0.465 | 0.326 | 0.031 |   4.396 |   -2.647 | 
     | U10139                |              | NAND2X1 | n11115                 |      2 | 0.230 | 0.468 | 0.030 | 0.000 |   4.426 |   -2.617 | 
     | U10139                | B ^ -> Y v   | NAND2X1 | n9374                  |        | 0.068 | 0.223 | 0.218 | 0.000 |   4.644 |   -2.399 | 
     | FE_PSBC44_n9374       |              | BUFX1   | n9374                  |      1 | 0.068 | 0.223 | 0.003 | 0.000 |   4.646 |   -2.397 | 
     | FE_PSBC44_n9374       | A v -> Y v   | BUFX1   | FE_PSBN44_n9374        |        | 0.180 | 0.208 | 0.250 | 0.000 |   4.896 |   -2.147 | 
     | U10138                |              | NAND3X1 | FE_PSBN44_n9374        |      2 | 0.180 | 0.209 | 0.015 | 0.000 |   4.911 |   -2.132 | 
     | U10138                | C v -> Y ^   | NAND3X1 | n10603                 |        | 0.030 | 0.159 | 0.114 | 0.000 |   5.025 |   -2.018 | 
     | FE_RC_1574_0          |              | NAND2X1 | n10603                 |      2 | 0.030 | 0.159 | 0.001 | 0.000 |   5.026 |   -2.017 | 
     | FE_RC_1574_0          | B ^ -> Y v   | NAND2X1 | FE_RN_963_0            |        | 0.262 | 0.564 | 0.444 | 0.061 |   5.470 |   -1.573 | 
     | FE_RC_1573_0          |              | NAND2X1 | FE_RN_963_0            |      1 | 0.262 | 0.566 | 0.039 | 0.002 |   5.509 |   -1.534 | 
     | FE_RC_1573_0          | B v -> Y ^   | NAND2X1 | n10545                 |        | 0.213 | 0.470 | 0.467 | 0.000 |   5.976 |   -1.067 | 
     | FE_RC_374_0           |              | NAND2X1 | n10545                 |      1 | 0.213 | 0.472 | 0.035 | 0.000 |   6.011 |   -1.032 | 
     | FE_RC_374_0           | A ^ -> Y v   | NAND2X1 | FE_RN_189_1            |        | 0.030 | 0.138 | 0.132 | 0.000 |   6.143 |   -0.900 | 
     | FE_COEC20_FE_RN_189_1 |              | BUFX1   | FE_RN_189_1            |      1 | 0.030 | 0.138 | 0.002 | 0.000 |   6.145 |   -0.898 | 
     | FE_COEC20_FE_RN_189_1 | A v -> Y v   | BUFX1   | FE_COEN20_FE_RN_189_1  |        | 0.150 | 0.176 | 0.206 | 0.000 |   6.351 |   -0.692 | 
     | FE_RC_373_0           |              | AND2X1  | FE_COEN20_FE_RN_189_1  |      2 | 0.150 | 0.177 | 0.014 | 0.000 |   6.365 |   -0.678 | 
     | FE_RC_373_0           | B v -> Y v   | AND2X1  | FE_RN_190_1            |        | 0.013 | 0.027 | 0.107 | 0.000 |   6.472 |   -0.571 | 
     | FE_RC_493_0           |              | NAND2X1 | FE_RN_190_1            |      1 | 0.013 | 0.027 | 0.000 | 0.000 |   6.472 |   -0.571 | 
     | FE_RC_493_0           | A v -> Y ^   | NAND2X1 | FE_RN_288_1            |        | 0.052 | 0.110 | 0.130 | 0.041 |   6.602 |   -0.440 | 
     | FE_RC_492_0           |              | NAND3X1 | FE_RN_288_1            |      1 | 0.052 | 0.111 | 0.004 | 0.001 |   6.607 |   -0.436 | 
     | FE_RC_492_0           | C ^ -> Y v   | NAND3X1 | n9520                  |        | 0.148 | 0.491 | 0.555 | 0.241 |   7.162 |    0.119 | 
     | FE_RC_3082_0          |              | INVX1   | n9520                  |      1 | 0.148 | 0.490 | 0.039 | 0.002 |   7.201 |    0.158 | 
     | FE_RC_3082_0          | A v -> Y ^   | INVX1   | FE_OCPN3924_n11291     |        | 0.160 | 0.377 | 0.425 | 0.072 |   7.626 |    0.583 | 
     | FE_RC_363_1           |              | NAND2X1 | FE_OCPN3924_n11291     |      2 | 0.160 | 0.384 | 0.049 | 0.004 |   7.675 |    0.632 | 
     | FE_RC_363_1           | A ^ -> Y v   | NAND2X1 | FE_RN_183_0            |        | 0.014 | 0.088 | 0.081 | 0.000 |   7.756 |    0.713 | 
     | FE_RC_362_0           |              | NAND2X1 | FE_RN_183_0            |      1 | 0.014 | 0.088 | 0.000 | 0.000 |   7.756 |    0.713 | 
     | FE_RC_362_0           | B v -> Y ^   | NAND2X1 | n19948                 |        | 0.067 | 0.191 | 0.149 | 0.025 |   7.905 |    0.862 | 
     | U9016                 |              | AND2X1  | n19948                 |      2 | 0.067 | 0.190 | 0.005 | 0.001 |   7.910 |    0.868 | 
     | U9016                 | B ^ -> Y ^   | AND2X1  | n8734                  |        | 0.044 | 0.086 | 0.146 | 0.000 |   8.057 |    1.014 | 
     | U9359                 |              | NAND2X1 | n8734                  |      2 | 0.044 | 0.087 | 0.003 | 0.000 |   8.059 |    1.016 | 
     | U9359                 | B ^ -> Y v   | NAND2X1 | n19950                 |        | 0.055 | 0.135 | 0.139 | 0.027 |   8.198 |    1.155 | 
     | FE_OCPC2325_n19950    |              | INVX1   | n19950                 |      1 | 0.055 | 0.136 | 0.005 | 0.001 |   8.203 |    1.160 | 
     | FE_OCPC2325_n19950    | A v -> Y ^   | INVX1   | FE_RN_243_0            |        | 0.057 | 0.122 | 0.122 | 0.000 |   8.325 |    1.282 | 
     | FE_RC_482_0_dup       |              | AND2X1  | FE_RN_243_0            |      2 | 0.057 | 0.123 | 0.004 | 0.000 |   8.330 |    1.287 | 
     | FE_RC_482_0_dup       | A ^ -> Y ^   | AND2X1  | FE_RN_383              |        | 0.118 | 0.216 | 0.258 | 0.041 |   8.587 |    1.544 | 
     | FE_OCPC2405_FE_RN_383 |              | INVX1   | FE_RN_383              |      2 | 0.118 | 0.219 | 0.019 | 0.001 |   8.606 |    1.563 | 
     | FE_OCPC2405_FE_RN_383 | A ^ -> Y v   | INVX1   | FE_OCPN5047_FE_RN_383  |        | 0.189 | 0.236 | 0.216 | 0.021 |   8.823 |    1.780 | 
     | U21202                |              | NAND2X1 | FE_OCPN5047_FE_RN_383  |      6 | 0.189 | 0.252 | 0.048 | 0.005 |   8.870 |    1.827 | 
     | U21202                | B v -> Y ^   | NAND2X1 | n19962                 |        | 0.014 | 0.151 | 0.086 | 0.000 |   8.957 |    1.914 | 
     | U21203                |              | NAND2X1 | n19962                 |      1 | 0.014 | 0.151 | 0.000 | 0.000 |   8.957 |    1.914 | 
     | U21203                | B ^ -> Y v   | NAND2X1 | n7651                  |        | 0.072 | 0.164 | 0.175 | 0.019 |   9.132 |    2.089 | 
     | rf_reg[5][26]         |              | DFFX1   | n7651                  |      1 | 0.072 | 0.165 | 0.008 | 0.000 |   9.140 |    2.097 | 
     +---------------------------------------------------------------------------------------------------------------------------------------+ 
Path 6: VIOLATED Setup Check with Pin rf_reg[18][12]/CLK 
Endpoint:   rf_reg[18][12]/D (^) checked with  leading edge of 'clk'
Beginpoint: rf_reg[31][1]/Q  (v) triggered by  leading edge of 'clk'
Path Groups: {clk}
Analysis View: setup_func
Other End Arrival Time          1.111
- Setup                         0.119
+ Phase Shift                   1.250
- Uncertainty                   0.125
= Required Time                 2.117
- Arrival Time                  9.120
= Slack Time                   -7.003
     Clock Rise Edge                 0.000
     + Clock Network Latency (Prop)  1.427
     = Beginpoint Arrival Time       1.427
     +---------------------------------------------------------------------------------------------------------------------------------------------------------------------------------------------+ 
     |                    Instance                     |     Arc      |  Cell   |                        Net                         | Fanout |  Load |  Slew | Delay |  Incr | Arrival | Required | 
     |                                                 |              |         |                                                    |        |       |       |       | Delay |  Time   |   Time   | 
     |-------------------------------------------------+--------------+---------+----------------------------------------------------+--------+-------+-------+-------+-------+---------+----------| 
     | rf_reg[31][1]                                   | CLK ^        |         | CTS_98                                             |     12 | 0.603 | 1.137 |       |       |   1.427 |   -5.576 | 
     | rf_reg[31][1]                                   | CLK ^ -> Q v | DFFX1   | rf[31][1]                                          |        | 0.116 | 0.285 | 0.759 | 0.054 |   2.186 |   -4.816 | 
     | U13569                                          |              | NAND2X1 | rf[31][1]                                          |      3 | 0.116 | 0.289 | 0.020 | 0.000 |   2.207 |   -4.796 | 
     | U13569                                          | B v -> Y ^   | NAND2X1 | n12195                                             |        | 0.025 | 0.186 | 0.115 | 0.000 |   2.322 |   -4.681 | 
     | FE_RC_4696_1                                    |              | AND2X1  | n12195                                             |      2 | 0.025 | 0.186 | 0.001 | 0.000 |   2.323 |   -4.680 | 
     | FE_RC_4696_1                                    | A ^ -> Y ^   | AND2X1  | FE_RN_89_1                                         |        | 0.216 | 0.413 | 0.368 | 0.060 |   2.691 |   -4.312 | 
     | FE_RC_6700_0                                    |              | INVX1   | FE_RN_89_1                                         |      2 | 0.216 | 0.426 | 0.110 | 0.022 |   2.800 |   -4.202 | 
     | FE_RC_6700_0                                    | A ^ -> Y v   | INVX1   | FE_RN_3634_0                                       |        | 0.202 | 0.291 | 0.340 | 0.079 |   3.141 |   -3.862 | 
     | FE_RC_6699_0                                    |              | NOR2X1  | FE_RN_3634_0                                       |      1 | 0.202 | 0.307 | 0.072 | 0.006 |   3.213 |   -3.790 | 
     | FE_RC_6699_0                                    | B v -> Y ^   | NOR2X1  | FE_RN_3635_0                                       |        | 0.017 | 0.128 | 0.135 | 0.000 |   3.347 |   -3.656 | 
     | FE_RC_6698_0                                    |              | AOI3X1  | FE_RN_3635_0                                       |      1 | 0.017 | 0.128 | 0.000 | 0.000 |   3.347 |   -3.656 | 
     | FE_RC_6698_0                                    | B ^ -> YN ^  | AOI3X1  | FE_RN_532_1                                        |        | 0.040 | 0.169 | 0.215 | 0.011 |   3.563 |   -3.440 | 
     | FE_RC_6697_0                                    |              | AND3X1  | FE_RN_532_1                                        |      2 | 0.040 | 0.169 | 0.002 | 0.000 |   3.565 |   -3.438 | 
     | FE_RC_6697_0                                    | C ^ -> Y ^   | AND3X1  | FE_RN_54                                           |        | 0.090 | 0.166 | 0.241 | 0.018 |   3.806 |   -3.197 | 
     | U12492                                          |              | NAND2X1 | FE_RN_54                                           |      2 | 0.090 | 0.167 | 0.010 | 0.000 |   3.816 |   -3.187 | 
     | U12492                                          | B ^ -> Y v   | NAND2X1 | n11172                                             |        | 0.138 | 0.329 | 0.254 | 0.012 |   4.070 |   -2.933 | 
     | FE_RC_2882_0                                    |              | NAND3X1 | n11172                                             |      2 | 0.138 | 0.329 | 0.010 | 0.001 |   4.080 |   -2.923 | 
     | FE_RC_2882_0                                    | B v -> Y ^   | NAND3X1 | FE_RN_515_0                                        |        | 0.106 | 0.264 | 0.320 | 0.050 |   4.400 |   -2.603 | 
     | FE_RC_5011_0                                    |              | NAND3X1 | FE_RN_515_0                                        |      2 | 0.106 | 0.266 | 0.013 | 0.001 |   4.413 |   -2.590 | 
     | FE_RC_5011_0                                    | A ^ -> Y v   | NAND3X1 | FE_RN_516_0                                        |        | 0.076 | 0.268 | 0.280 | 0.027 |   4.693 |   -2.310 | 
     | FE_RC_6982_0                                    |              | INVX1   | FE_RN_516_0                                        |      1 | 0.076 | 0.268 | 0.008 | 0.000 |   4.701 |   -2.301 | 
     | FE_RC_6982_0                                    | A v -> Y ^   | INVX1   | FE_RN_3746_0                                       |        | 0.039 | 0.125 | 0.134 | 0.000 |   4.835 |   -2.168 | 
     | FE_RC_6981_0                                    |              | AOI3X1  | FE_RN_3746_0                                       |      1 | 0.039 | 0.126 | 0.003 | 0.000 |   4.839 |   -2.164 | 
     | FE_RC_6981_0                                    | C ^ -> YN v  | AOI3X1  | FE_RN_3747_0                                       |        | 0.036 | 0.063 | 0.077 | 0.000 |   4.916 |   -2.087 | 
     | FE_RC_7011_0                                    |              | NAND2X1 | FE_RN_3747_0                                       |      2 | 0.036 | 0.064 | 0.002 | 0.000 |   4.918 |   -2.085 | 
     | FE_RC_7011_0                                    | A v -> Y ^   | NAND2X1 | FE_RN_3761_0                                       |        | 0.015 | 0.046 | 0.058 | 0.002 |   4.976 |   -2.027 | 
     | FE_RC_7315_0                                    |              | AND2X1  | FE_RN_3761_0                                       |      1 | 0.015 | 0.046 | 0.000 | 0.000 |   4.977 |   -2.026 | 
     | FE_RC_7315_0                                    | B ^ -> Y ^   | AND2X1  | FE_RN_3878_0                                       |        | 0.123 | 0.228 | 0.216 | 0.020 |   5.192 |   -1.811 | 
     | FE_RC_2932_0_dup                                |              | NAND3X1 | FE_RN_3878_0                                       |      4 | 0.123 | 0.230 | 0.018 | 0.000 |   5.211 |   -1.792 | 
     | FE_RC_2932_0_dup                                | B ^ -> Y v   | NAND3X1 | FE_RN_23                                           |        | 0.019 | 0.097 | 0.112 | 0.000 |   5.323 |   -1.680 | 
     | FE_RC_1327_0                                    |              | NAND3X1 | FE_RN_23                                           |      1 | 0.019 | 0.097 | 0.000 | 0.000 |   5.323 |   -1.680 | 
     | FE_RC_1327_0                                    | B v -> Y ^   | NAND3X1 | FE_RN_711_0                                        |        | 0.093 | 0.206 | 0.215 | 0.046 |   5.538 |   -1.465 | 
     | FE_RC_5342_0                                    |              | NAND2X1 | FE_RN_711_0                                        |      1 | 0.093 | 0.209 | 0.011 | 0.002 |   5.549 |   -1.454 | 
     | FE_RC_5342_0                                    | B ^ -> Y v   | NAND2X1 | FE_RN_2663_0                                       |        | 0.083 | 0.337 | 0.226 | 0.039 |   5.775 |   -1.228 | 
     | FE_RC_5341_0                                    |              | INVX1   | FE_RN_2663_0                                       |      1 | 0.083 | 0.338 | 0.011 | 0.001 |   5.786 |   -1.217 | 
     | FE_RC_5341_0                                    | A v -> Y ^   | INVX1   | FE_RN_2662_0                                       |        | 0.081 | 0.207 | 0.263 | 0.049 |   6.049 |   -0.954 | 
     | FE_RC_5340_0                                    |              | NAND2X1 | FE_RN_2662_0                                       |      1 | 0.081 | 0.208 | 0.010 | 0.001 |   6.058 |   -0.945 | 
     | FE_RC_5340_0                                    | A ^ -> Y v   | NAND2X1 | n16780                                             |        | 0.076 | 0.183 | 0.187 | 0.009 |   6.245 |   -0.758 | 
     | U17228                                          |              | NAND2X1 | n16780                                             |      2 | 0.076 | 0.184 | 0.010 | 0.000 |   6.255 |   -0.748 | 
     | U17228                                          | B v -> Y ^   | NAND2X1 | FE_OCPN19324_ALUResult_12                          |        | 0.020 | 0.086 | 0.089 | 0.000 |   6.344 |   -0.659 | 
     | FE_PSBC94_FE_OCPN19324_ALUResult_12             |              | BUFX1   | FE_OCPN19324_ALUResult_12                          |      1 | 0.020 | 0.086 | 0.001 | 0.000 |   6.345 |   -0.658 | 
     | FE_PSBC94_FE_OCPN19324_ALUResult_12             | A ^ -> Y ^   | BUFX1   | FE_PSBN17171_FE_OCPN19324_ALUResult_12             |        | 0.208 | 0.410 | 0.336 | 0.076 |   6.681 |   -0.322 | 
     | FE_OFC1976_FE_OCPN19324_ALUResult_12            |              | INVX1   | FE_PSBN17171_FE_OCPN19324_ALUResult_12             |      1 | 0.208 | 0.420 | 0.093 | 0.010 |   6.774 |   -0.229 | 
     | FE_OFC1976_FE_OCPN19324_ALUResult_12            | A ^ -> Y v   | INVX1   | FE_OFN20647_FE_OCPN19324_ALUResult_12              |        | 0.014 | 0.089 | 0.039 | 0.000 |   6.813 |   -0.190 | 
     | FE_PSBC85_FE_OFN20647_FE_OCPN19324_ALUResult_12 |              | INVX1   | FE_OFN20647_FE_OCPN19324_ALUResult_12              |      1 | 0.014 | 0.089 | 0.000 | 0.000 |   6.813 |   -0.190 | 
     | FE_PSBC85_FE_OFN20647_FE_OCPN19324_ALUResult_12 | A v -> Y ^   | INVX1   | FE_PSBN17162_FE_OFN20647_FE_OCPN19324_ALUResult_12 |        | 0.147 | 0.278 | 0.237 | 0.039 |   7.050 |    0.047 | 
     | FE_PSBC84_FE_OFN20647_FE_OCPN19324_ALUResult_12 |              | INVX1   | FE_PSBN17162_FE_OFN20647_FE_OCPN19324_ALUResult_12 |      1 | 0.147 | 0.279 | 0.040 | 0.007 |   7.090 |    0.087 | 
     | FE_PSBC84_FE_OFN20647_FE_OCPN19324_ALUResult_12 | A ^ -> Y v   | INVX1   | FE_PSBN17161_FE_OFN20647_FE_OCPN19324_ALUResult_12 |        | 0.164 | 0.225 | 0.223 | 0.024 |   7.313 |    0.310 | 
     | FE_OFC1978_FE_OCPN19324_ALUResult_12            |              | INVX1   | FE_PSBN17161_FE_OFN20647_FE_OCPN19324_ALUResult_12 |      2 | 0.164 | 0.234 | 0.061 | 0.017 |   7.375 |    0.372 | 
     | FE_OFC1978_FE_OCPN19324_ALUResult_12            | A v -> Y ^   | INVX1   | FE_OFN20648_FE_OCPN19324_ALUResult_12              |        | 0.125 | 0.264 | 0.370 | 0.138 |   7.745 |    0.742 | 
     | U20963                                          |              | NAND2X1 | FE_OFN20648_FE_OCPN19324_ALUResult_12              |      1 | 0.125 | 0.267 | 0.030 | 0.002 |   7.774 |    0.771 | 
     | U20963                                          | B ^ -> Y v   | NAND2X1 | n19783                                             |        | 0.016 | 0.221 | 0.077 | 0.000 |   7.852 |    0.849 | 
     | FE_RC_2780_0                                    |              | AND3X1  | n19783                                             |      1 | 0.016 | 0.221 | 0.000 | 0.000 |   7.852 |    0.849 | 
     | FE_RC_2780_0                                    | B v -> Y v   | AND3X1  | n19785                                             |        | 0.135 | 0.165 | 0.228 | 0.000 |   8.081 |    1.078 | 
     | FE_RC_4552_0                                    |              | AND2X1  | n19785                                             |      3 | 0.135 | 0.167 | 0.015 | 0.000 |   8.096 |    1.093 | 
     | FE_RC_4552_0                                    | A v -> Y v   | AND2X1  | FE_OFN252_n19790                                   |        | 0.014 | 0.027 | 0.112 | 0.000 |   8.208 |    1.205 | 
     | FE_PSBC91_FE_OFN252_n19790                      |              | INVX1   | FE_OFN252_n19790                                   |      1 | 0.014 | 0.027 | 0.000 | 0.000 |   8.208 |    1.205 | 
     | FE_PSBC91_FE_OFN252_n19790                      | A v -> Y ^   | INVX1   | FE_PSBN17168_FE_OFN252_n19790                      |        | 0.062 | 0.114 | 0.087 | 0.000 |   8.295 |    1.292 | 
     | FE_PSBC89_FE_OFN252_n19790                      |              | INVX1   | FE_PSBN17168_FE_OFN252_n19790                      |      2 | 0.062 | 0.114 | 0.005 | 0.000 |   8.299 |    1.296 | 
     | FE_PSBC89_FE_OFN252_n19790                      | A ^ -> Y v   | INVX1   | FE_PSBN17166_FE_OFN252_n19790                      |        | 0.066 | 0.089 | 0.101 | 0.010 |   8.400 |    1.397 | 
     | FE_OFC734_n19790                                |              | INVX1   | FE_PSBN17166_FE_OFN252_n19790                      |      1 | 0.066 | 0.090 | 0.009 | 0.001 |   8.408 |    1.405 | 
     | FE_OFC734_n19790                                | A v -> Y ^   | INVX1   | FE_RN_248                                          |        | 0.167 | 0.320 | 0.260 | 0.048 |   8.668 |    1.665 | 
     | FE_RC_5198_1                                    |              | AND2X1  | FE_RN_248                                          |      3 | 0.167 | 0.328 | 0.059 | 0.015 |   8.727 |    1.725 | 
     | FE_RC_5198_1                                    | B ^ -> Y ^   | AND2X1  | FE_RN_2776_0                                       |        | 0.067 | 0.156 | 0.212 | 0.018 |   8.940 |    1.937 | 
     | FE_RC_6766_0                                    |              | NOR2X1  | FE_RN_2776_0                                       |      1 | 0.067 | 0.157 | 0.009 | 0.001 |   8.949 |    1.946 | 
     | FE_RC_6766_0                                    | B ^ -> Y v   | NOR2X1  | FE_RN_3662_0                                       |        | 0.058 | 0.096 | 0.105 | 0.000 |   9.054 |    2.051 | 
     | FE_RC_6767_0                                    |              | INVX1   | FE_RN_3662_0                                       |      1 | 0.058 | 0.096 | 0.005 | 0.000 |   9.058 |    2.056 | 
     | FE_RC_6767_0                                    | A v -> Y ^   | INVX1   | n8098                                              |        | 0.019 | 0.052 | 0.061 | 0.000 |   9.119 |    2.116 | 
     | rf_reg[18][12]                                  |              | DFFX1   | n8098                                              |      1 | 0.019 | 0.052 | 0.001 | 0.000 |   9.120 |    2.117 | 
     +---------------------------------------------------------------------------------------------------------------------------------------------------------------------------------------------+ 
Path 7: VIOLATED Setup Check with Pin rf_reg[30][26]/CLK 
Endpoint:   rf_reg[30][26]/D (v) checked with  leading edge of 'clk'
Beginpoint: rf_reg[29][1]/Q  (v) triggered by  leading edge of 'clk'
Path Groups: {clk}
Analysis View: setup_func
Other End Arrival Time          1.085
- Setup                         0.084
+ Phase Shift                   1.250
- Uncertainty                   0.125
= Required Time                 2.126
- Arrival Time                  9.115
= Slack Time                   -6.988
     Clock Rise Edge                 0.000
     + Clock Network Latency (Prop)  1.286
     = Beginpoint Arrival Time       1.286
     +---------------------------------------------------------------------------------------------------------------------------------------+ 
     |       Instance        |     Arc      |  Cell   |          Net           | Fanout |  Load |  Slew | Delay |  Incr | Arrival | Required | 
     |                       |              |         |                        |        |       |       |       | Delay |  Time   |   Time   | 
     |-----------------------+--------------+---------+------------------------+--------+-------+-------+-------+-------+---------+----------| 
     | rf_reg[29][1]         | CLK ^        |         | CTS_102                |     12 | 0.461 | 0.869 |       |       |   1.286 |   -5.703 | 
     | rf_reg[29][1]         | CLK ^ -> Q v | DFFX1   | rf[29][1]              |        | 0.021 | 0.077 | 0.413 | 0.019 |   1.699 |   -5.289 | 
     | FE_PSBC80_rf_29__1    |              | INVX1   | rf[29][1]              |      1 | 0.021 | 0.077 | 0.000 | 0.000 |   1.699 |   -5.289 | 
     | FE_PSBC80_rf_29__1    | A v -> Y ^   | INVX1   | FE_PSBN17157_rf_29__1  |        | 0.363 | 0.699 | 0.401 | 0.018 |   2.100 |   -4.889 | 
     | U11369                |              | NOR2X1  | FE_PSBN17157_rf_29__1  |      2 | 0.363 | 0.726 | 0.236 | 0.076 |   2.336 |   -4.652 | 
     | U11369                | B ^ -> Y v   | NOR2X1  | n12187                 |        | 0.012 | 0.124 | 0.036 | 0.000 |   2.372 |   -4.616 | 
     | FE_RC_534_0           |              | NOR3X1  | n12187                 |      1 | 0.012 | 0.124 | 0.000 | 0.000 |   2.373 |   -4.616 | 
     | FE_RC_534_0           | C v -> Y ^   | NOR3X1  | FE_RN_305_0            |        | 0.033 | 0.245 | 0.192 | 0.014 |   2.565 |   -4.424 | 
     | FE_RC_533_1_dup       |              | NAND3X1 | FE_RN_305_0            |      2 | 0.033 | 0.246 | 0.001 | 0.000 |   2.566 |   -4.423 | 
     | FE_RC_533_1_dup       | C ^ -> Y v   | NAND3X1 | FE_RN_513              |        | 0.029 | 0.124 | 0.131 | 0.000 |   2.697 |   -4.292 | 
     | FE_PSBC76_FE_RN_513   |              | INVX1   | FE_RN_513              |      2 | 0.029 | 0.124 | 0.001 | 0.000 |   2.697 |   -4.291 | 
     | FE_PSBC76_FE_RN_513   | A v -> Y ^   | INVX1   | FE_PSBN17153_FE_RN_513 |        | 0.012 | 0.049 | 0.055 | 0.000 |   2.752 |   -4.237 | 
     | FE_PSBC103_FE_RN_513  |              | INVX1   | FE_PSBN17153_FE_RN_513 |      1 | 0.012 | 0.049 | 0.000 | 0.000 |   2.752 |   -4.236 | 
     | FE_PSBC103_FE_RN_513  | A ^ -> Y v   | INVX1   | FE_PSBN17180_n         |        | 0.135 | 0.157 | 0.112 | 0.000 |   2.864 |   -4.124 | 
     | FE_PSBC102_FE_RN_513  |              | BUFX1   | FE_PSBN17180_n         |      1 | 0.135 | 0.161 | 0.030 | 0.000 |   2.894 |   -4.094 | 
     | FE_PSBC102_FE_RN_513  | A v -> Y v   | BUFX1   | FE_PSBN17179_n         |        | 0.215 | 0.206 | 0.214 | 0.009 |   3.108 |   -3.880 | 
     | FE_PSBC101_FE_RN_513  |              | INVX1   | FE_PSBN17179_n         |      1 | 0.215 | 0.223 | 0.072 | 0.011 |   3.181 |   -3.808 | 
     | FE_PSBC101_FE_RN_513  | A v -> Y ^   | INVX1   | FE_PSBN17178_n         |        | 0.119 | 0.247 | 0.246 | 0.025 |   3.427 |   -3.561 | 
     | FE_RC_7317_0          |              | NAND2X1 | FE_PSBN17178_n         |      4 | 0.119 | 0.252 | 0.020 | 0.000 |   3.447 |   -3.541 | 
     | FE_RC_7317_0          | A ^ -> Y v   | NAND2X1 | n11075                 |        | 0.019 | 0.078 | 0.088 | 0.000 |   3.536 |   -3.453 | 
     | U12376_dup            |              | NAND2X1 | n11075                 |      1 | 0.019 | 0.078 | 0.001 | 0.000 |   3.536 |   -3.452 | 
     | U12376_dup            | B v -> Y ^   | NAND2X1 | FE_RN_564              |        | 0.053 | 0.275 | 0.099 | 0.000 |   3.636 |   -3.353 | 
     | FE_PSBC36_FE_RN_564   |              | INVX1   | FE_RN_564              |      3 | 0.053 | 0.275 | 0.003 | 0.000 |   3.639 |   -3.349 | 
     | FE_PSBC36_FE_RN_564   | A ^ -> Y v   | INVX1   | FE_PSBN36_FE_RN_564    |        | 0.137 | 0.195 | 0.184 | 0.000 |   3.823 |   -3.165 | 
     | FE_PSBC34_FE_RN_564   |              | INVX1   | FE_PSBN36_FE_RN_564    |      4 | 0.137 | 0.198 | 0.018 | 0.000 |   3.841 |   -3.147 | 
     | FE_PSBC34_FE_RN_564   | A v -> Y ^   | INVX1   | FE_PSBN34_FE_RN_564    |        | 0.075 | 0.167 | 0.160 | 0.000 |   4.001 |   -2.987 | 
     | FE_RC_5893_1          |              | NAND2X1 | FE_PSBN34_FE_RN_564    |      5 | 0.075 | 0.168 | 0.004 | 0.000 |   4.006 |   -2.983 | 
     | FE_RC_5893_1          | B ^ -> Y v   | NAND2X1 | n11116                 |        | 0.014 | 0.060 | 0.064 | 0.000 |   4.070 |   -2.919 | 
     | FE_RC_5574_1          |              | NAND2X1 | n11116                 |      1 | 0.014 | 0.060 | 0.000 | 0.000 |   4.070 |   -2.918 | 
     | FE_RC_5574_1          | B v -> Y ^   | NAND2X1 | n11115                 |        | 0.230 | 0.465 | 0.326 | 0.031 |   4.396 |   -2.592 | 
     | U10139                |              | NAND2X1 | n11115                 |      2 | 0.230 | 0.468 | 0.030 | 0.000 |   4.426 |   -2.563 | 
     | U10139                | B ^ -> Y v   | NAND2X1 | n9374                  |        | 0.068 | 0.223 | 0.218 | 0.000 |   4.644 |   -2.345 | 
     | FE_PSBC44_n9374       |              | BUFX1   | n9374                  |      1 | 0.068 | 0.223 | 0.003 | 0.000 |   4.646 |   -2.342 | 
     | FE_PSBC44_n9374       | A v -> Y v   | BUFX1   | FE_PSBN44_n9374        |        | 0.180 | 0.208 | 0.250 | 0.000 |   4.896 |   -2.092 | 
     | U10138                |              | NAND3X1 | FE_PSBN44_n9374        |      2 | 0.180 | 0.209 | 0.015 | 0.000 |   4.911 |   -2.077 | 
     | U10138                | C v -> Y ^   | NAND3X1 | n10603                 |        | 0.030 | 0.159 | 0.114 | 0.000 |   5.025 |   -1.963 | 
     | FE_RC_1574_0          |              | NAND2X1 | n10603                 |      2 | 0.030 | 0.159 | 0.001 | 0.000 |   5.026 |   -1.962 | 
     | FE_RC_1574_0          | B ^ -> Y v   | NAND2X1 | FE_RN_963_0            |        | 0.262 | 0.564 | 0.444 | 0.061 |   5.470 |   -1.519 | 
     | FE_RC_1573_0          |              | NAND2X1 | FE_RN_963_0            |      1 | 0.262 | 0.566 | 0.039 | 0.002 |   5.509 |   -1.480 | 
     | FE_RC_1573_0          | B v -> Y ^   | NAND2X1 | n10545                 |        | 0.213 | 0.470 | 0.467 | 0.000 |   5.976 |   -1.013 | 
     | FE_RC_374_0           |              | NAND2X1 | n10545                 |      1 | 0.213 | 0.472 | 0.035 | 0.000 |   6.011 |   -0.978 | 
     | FE_RC_374_0           | A ^ -> Y v   | NAND2X1 | FE_RN_189_1            |        | 0.030 | 0.138 | 0.132 | 0.000 |   6.143 |   -0.846 | 
     | FE_COEC20_FE_RN_189_1 |              | BUFX1   | FE_RN_189_1            |      1 | 0.030 | 0.138 | 0.002 | 0.000 |   6.145 |   -0.844 | 
     | FE_COEC20_FE_RN_189_1 | A v -> Y v   | BUFX1   | FE_COEN20_FE_RN_189_1  |        | 0.150 | 0.176 | 0.206 | 0.000 |   6.351 |   -0.637 | 
     | FE_RC_373_0           |              | AND2X1  | FE_COEN20_FE_RN_189_1  |      2 | 0.150 | 0.177 | 0.014 | 0.000 |   6.365 |   -0.623 | 
     | FE_RC_373_0           | B v -> Y v   | AND2X1  | FE_RN_190_1            |        | 0.013 | 0.027 | 0.107 | 0.000 |   6.472 |   -0.517 | 
     | FE_RC_493_0           |              | NAND2X1 | FE_RN_190_1            |      1 | 0.013 | 0.027 | 0.000 | 0.000 |   6.472 |   -0.516 | 
     | FE_RC_493_0           | A v -> Y ^   | NAND2X1 | FE_RN_288_1            |        | 0.052 | 0.110 | 0.130 | 0.041 |   6.602 |   -0.386 | 
     | FE_RC_492_0           |              | NAND3X1 | FE_RN_288_1            |      1 | 0.052 | 0.111 | 0.004 | 0.001 |   6.607 |   -0.381 | 
     | FE_RC_492_0           | C ^ -> Y v   | NAND3X1 | n9520                  |        | 0.148 | 0.491 | 0.555 | 0.241 |   7.162 |    0.173 | 
     | FE_RC_3082_0          |              | INVX1   | n9520                  |      1 | 0.148 | 0.490 | 0.039 | 0.002 |   7.201 |    0.212 | 
     | FE_RC_3082_0          | A v -> Y ^   | INVX1   | FE_OCPN3924_n11291     |        | 0.160 | 0.377 | 0.425 | 0.072 |   7.626 |    0.637 | 
     | FE_RC_363_1           |              | NAND2X1 | FE_OCPN3924_n11291     |      2 | 0.160 | 0.384 | 0.049 | 0.004 |   7.675 |    0.687 | 
     | FE_RC_363_1           | A ^ -> Y v   | NAND2X1 | FE_RN_183_0            |        | 0.014 | 0.088 | 0.081 | 0.000 |   7.756 |    0.767 | 
     | FE_RC_362_0           |              | NAND2X1 | FE_RN_183_0            |      1 | 0.014 | 0.088 | 0.000 | 0.000 |   7.756 |    0.768 | 
     | FE_RC_362_0           | B v -> Y ^   | NAND2X1 | n19948                 |        | 0.067 | 0.191 | 0.149 | 0.025 |   7.905 |    0.917 | 
     | U9016                 |              | AND2X1  | n19948                 |      2 | 0.067 | 0.190 | 0.005 | 0.001 |   7.910 |    0.922 | 
     | U9016                 | B ^ -> Y ^   | AND2X1  | n8734                  |        | 0.044 | 0.086 | 0.146 | 0.000 |   8.057 |    1.068 | 
     | U9359                 |              | NAND2X1 | n8734                  |      2 | 0.044 | 0.087 | 0.003 | 0.000 |   8.059 |    1.071 | 
     | U9359                 | B ^ -> Y v   | NAND2X1 | n19950                 |        | 0.055 | 0.135 | 0.139 | 0.027 |   8.198 |    1.209 | 
     | FE_OCPC2325_n19950    |              | INVX1   | n19950                 |      1 | 0.055 | 0.136 | 0.005 | 0.001 |   8.203 |    1.215 | 
     | FE_OCPC2325_n19950    | A v -> Y ^   | INVX1   | FE_RN_243_0            |        | 0.057 | 0.122 | 0.122 | 0.000 |   8.325 |    1.337 | 
     | FE_RC_482_0_dup       |              | AND2X1  | FE_RN_243_0            |      2 | 0.057 | 0.123 | 0.004 | 0.000 |   8.330 |    1.341 | 
     | FE_RC_482_0_dup       | A ^ -> Y ^   | AND2X1  | FE_RN_383              |        | 0.118 | 0.216 | 0.258 | 0.041 |   8.587 |    1.599 | 
     | FE_OCPC2405_FE_RN_383 |              | INVX1   | FE_RN_383              |      2 | 0.118 | 0.219 | 0.019 | 0.001 |   8.606 |    1.618 | 
     | FE_OCPC2405_FE_RN_383 | A ^ -> Y v   | INVX1   | FE_OCPN5047_FE_RN_383  |        | 0.189 | 0.236 | 0.216 | 0.021 |   8.823 |    1.834 | 
     | U21280                |              | NAND2X1 | FE_OCPN5047_FE_RN_383  |      6 | 0.189 | 0.252 | 0.052 | 0.005 |   8.874 |    1.886 | 
     | U21280                | B v -> Y ^   | NAND2X1 | n20021                 |        | 0.012 | 0.078 | 0.079 | 0.000 |   8.953 |    1.965 | 
     | U21281                |              | NAND2X1 | n20021                 |      1 | 0.012 | 0.078 | 0.000 | 0.000 |   8.954 |    1.965 | 
     | U21281                | B ^ -> Y v   | NAND2X1 | n7676                  |        | 0.058 | 0.134 | 0.153 | 0.042 |   9.107 |    2.119 | 
     | rf_reg[30][26]        |              | DFFX1   | n7676                  |      1 | 0.058 | 0.134 | 0.007 | 0.002 |   9.115 |    2.126 | 
     +---------------------------------------------------------------------------------------------------------------------------------------+ 
Path 8: VIOLATED Setup Check with Pin rf_reg[20][7]/CLK 
Endpoint:   rf_reg[20][7]/D (v) checked with  leading edge of 'clk'
Beginpoint: rf_reg[31][1]/Q (v) triggered by  leading edge of 'clk'
Path Groups: {clk}
Analysis View: setup_func
Other End Arrival Time          1.297
- Setup                         0.099
+ Phase Shift                   1.250
- Uncertainty                   0.125
= Required Time                 2.323
- Arrival Time                  9.308
= Slack Time                   -6.985
     Clock Rise Edge                 0.000
     + Clock Network Latency (Prop)  1.427
     = Beginpoint Arrival Time       1.427
     +-----------------------------------------------------------------------------------------------------------------------------------------+ 
     |         Instance         |     Arc      |  Cell   |          Net          | Fanout |  Load |  Slew | Delay |  Incr | Arrival | Required | 
     |                          |              |         |                       |        |       |       |       | Delay |  Time   |   Time   | 
     |--------------------------+--------------+---------+-----------------------+--------+-------+-------+-------+-------+---------+----------| 
     | rf_reg[31][1]            | CLK ^        |         | CTS_98                |     12 | 0.603 | 1.137 |       |       |   1.427 |   -5.558 | 
     | rf_reg[31][1]            | CLK ^ -> Q v | DFFX1   | rf[31][1]             |        | 0.116 | 0.285 | 0.759 | 0.054 |   2.186 |   -4.798 | 
     | U13569                   |              | NAND2X1 | rf[31][1]             |      3 | 0.116 | 0.289 | 0.020 | 0.000 |   2.207 |   -4.778 | 
     | U13569                   | B v -> Y ^   | NAND2X1 | n12195                |        | 0.025 | 0.186 | 0.115 | 0.000 |   2.322 |   -4.663 | 
     | FE_RC_4696_1             |              | AND2X1  | n12195                |      2 | 0.025 | 0.186 | 0.001 | 0.000 |   2.323 |   -4.662 | 
     | FE_RC_4696_1             | A ^ -> Y ^   | AND2X1  | FE_RN_89_1            |        | 0.216 | 0.413 | 0.368 | 0.060 |   2.691 |   -4.294 | 
     | FE_RC_6700_0             |              | INVX1   | FE_RN_89_1            |      2 | 0.216 | 0.426 | 0.110 | 0.022 |   2.800 |   -4.184 | 
     | FE_RC_6700_0             | A ^ -> Y v   | INVX1   | FE_RN_3634_0          |        | 0.202 | 0.291 | 0.340 | 0.079 |   3.141 |   -3.844 | 
     | FE_RC_6699_0             |              | NOR2X1  | FE_RN_3634_0          |      1 | 0.202 | 0.307 | 0.072 | 0.006 |   3.213 |   -3.772 | 
     | FE_RC_6699_0             | B v -> Y ^   | NOR2X1  | FE_RN_3635_0          |        | 0.017 | 0.128 | 0.135 | 0.000 |   3.347 |   -3.638 | 
     | FE_RC_6698_0             |              | AOI3X1  | FE_RN_3635_0          |      1 | 0.017 | 0.128 | 0.000 | 0.000 |   3.347 |   -3.638 | 
     | FE_RC_6698_0             | B ^ -> YN ^  | AOI3X1  | FE_RN_532_1           |        | 0.040 | 0.169 | 0.215 | 0.011 |   3.563 |   -3.422 | 
     | FE_RC_6697_0             |              | AND3X1  | FE_RN_532_1           |      2 | 0.040 | 0.169 | 0.002 | 0.000 |   3.565 |   -3.420 | 
     | FE_RC_6697_0             | C ^ -> Y ^   | AND3X1  | FE_RN_54              |        | 0.090 | 0.166 | 0.241 | 0.018 |   3.806 |   -3.179 | 
     | U12492                   |              | NAND2X1 | FE_RN_54              |      2 | 0.090 | 0.167 | 0.010 | 0.000 |   3.816 |   -3.169 | 
     | U12492                   | B ^ -> Y v   | NAND2X1 | n11172                |        | 0.138 | 0.329 | 0.254 | 0.012 |   4.070 |   -2.915 | 
     | U9901                    |              | NAND3X1 | n11172                |      2 | 0.138 | 0.330 | 0.017 | 0.002 |   4.087 |   -2.898 | 
     | U9901                    | C v -> Y ^   | NAND3X1 | n9250                 |        | 0.093 | 0.265 | 0.337 | 0.088 |   4.425 |   -2.560 | 
     | U9900                    |              | INVX1   | n9250                 |      1 | 0.093 | 0.266 | 0.012 | 0.002 |   4.437 |   -2.548 | 
     | U9900                    | A ^ -> Y v   | INVX1   | n9249                 |        | 0.091 | 0.150 | 0.161 | 0.014 |   4.598 |   -2.387 | 
     | U9899_dup                |              | NAND2X1 | n9249                 |      1 | 0.091 | 0.152 | 0.011 | 0.000 |   4.608 |   -2.377 | 
     | U9899_dup                | B v -> Y ^   | NAND2X1 | FE_RN_150             |        | 0.055 | 0.156 | 0.146 | 0.016 |   4.754 |   -2.231 | 
     | U11311                   |              | NAND2X1 | FE_RN_150             |      4 | 0.055 | 0.157 | 0.002 | 0.000 |   4.756 |   -2.229 | 
     | U11311                   | A ^ -> Y v   | NAND2X1 | n15858                |        | 0.036 | 0.096 | 0.118 | 0.013 |   4.874 |   -2.111 | 
     | FE_RC_3727_0             |              | NAND2X1 | n15858                |      2 | 0.036 | 0.097 | 0.002 | 0.000 |   4.876 |   -2.109 | 
     | FE_RC_3727_0             | B v -> Y ^   | NAND2X1 | FE_RN_2059_0          |        | 0.019 | 0.122 | 0.066 | 0.000 |   4.942 |   -2.043 | 
     | FE_RC_3723_1             |              | NAND2X1 | FE_RN_2059_0          |      1 | 0.019 | 0.122 | 0.000 | 0.000 |   4.942 |   -2.043 | 
     | FE_RC_3723_1             | A ^ -> Y v   | NAND2X1 | n15859                |        | 0.012 | 0.043 | 0.057 | 0.000 |   4.999 |   -1.986 | 
     | U10603                   |              | NAND2X1 | n15859                |      1 | 0.012 | 0.043 | 0.000 | 0.000 |   4.999 |   -1.986 | 
     | U10603                   | B v -> Y ^   | NAND2X1 | n9718                 |        | 0.015 | 0.170 | 0.043 | 0.000 |   5.042 |   -1.943 | 
     | U8924                    |              | AND3X1  | n9718                 |      1 | 0.015 | 0.170 | 0.000 | 0.000 |   5.042 |   -1.943 | 
     | U8924                    | C ^ -> Y ^   | AND3X1  | n8639                 |        | 0.019 | 0.050 | 0.140 | 0.000 |   5.182 |   -1.803 | 
     | U9367                    |              | NAND3X1 | n8639                 |      1 | 0.019 | 0.050 | 0.001 | 0.000 |   5.183 |   -1.802 | 
     | U9367                    | C ^ -> Y v   | NAND3X1 | n8917                 |        | 0.014 | 0.061 | 0.058 | 0.000 |   5.241 |   -1.744 | 
     | FE_PSBC78_n8917          |              | INVX1   | n8917                 |      1 | 0.014 | 0.061 | 0.000 | 0.000 |   5.241 |   -1.744 | 
     | FE_PSBC78_n8917          | A v -> Y ^   | INVX1   | FE_PSBN17155_n8917    |        | 0.042 | 0.082 | 0.089 | 0.011 |   5.331 |   -1.654 | 
     | FE_PSBC77_n8917          |              | INVX1   | FE_PSBN17155_n8917    |      1 | 0.042 | 0.082 | 0.003 | 0.000 |   5.334 |   -1.651 | 
     | FE_PSBC77_n8917          | A ^ -> Y v   | INVX1   | FE_PSBN17154_n8917    |        | 0.143 | 0.168 | 0.133 | 0.006 |   5.467 |   -1.518 | 
     | U9366                    |              | INVX1   | FE_PSBN17154_n8917    |      1 | 0.143 | 0.175 | 0.040 | 0.004 |   5.506 |   -1.479 | 
     | U9366                    | A v -> Y ^   | INVX1   | n10508                |        | 0.150 | 0.298 | 0.238 | 0.005 |   5.745 |   -1.240 | 
     | U11438_dup               |              | NAND2X1 | n10508                |      2 | 0.150 | 0.303 | 0.043 | 0.002 |   5.788 |   -1.197 | 
     | U11438_dup               | A ^ -> Y v   | NAND2X1 | FE_RN_21              |        | 0.014 | 0.083 | 0.078 | 0.000 |   5.866 |   -1.119 | 
     | FE_PSBC88_FE_RN_21       |              | BUFX1   | FE_RN_21              |      1 | 0.014 | 0.083 | 0.000 | 0.000 |   5.866 |   -1.119 | 
     | FE_PSBC88_FE_RN_21       | A v -> Y v   | BUFX1   | FE_PSBN17165_FE_RN_21 |        | 0.115 | 0.139 | 0.211 | 0.053 |   6.077 |   -0.908 | 
     | FE_OCPC4011_FE_RN_21     |              | INVX1   | FE_PSBN17165_FE_RN_21 |      1 | 0.115 | 0.141 | 0.023 | 0.003 |   6.100 |   -0.885 | 
     | FE_OCPC4011_FE_RN_21     | A v -> Y ^   | INVX1   | FE_RN_1718_0          |        | 0.130 | 0.248 | 0.285 | 0.082 |   6.386 |   -0.599 | 
     | FE_OCPC4012_FE_RN_21     |              | INVX1   | FE_RN_1718_0          |      4 | 0.130 | 0.253 | 0.022 | 0.001 |   6.408 |   -0.577 | 
     | FE_OCPC4012_FE_RN_21     | A ^ -> Y v   | INVX1   | FE_RN_1887_0          |        | 0.040 | 0.094 | 0.083 | 0.000 |   6.491 |   -0.494 | 
     | FE_RC_4930_1             |              | NOR2X1  | FE_RN_1887_0          |      3 | 0.040 | 0.094 | 0.000 | 0.000 |   6.491 |   -0.494 | 
     | FE_RC_4930_1             | B v -> Y ^   | NOR2X1  | FE_RN_2659_0          |        | 0.017 | 0.085 | 0.100 | 0.014 |   6.591 |   -0.394 | 
     | FE_RC_4931_0             |              | INVX1   | FE_RN_2659_0          |      1 | 0.017 | 0.085 | 0.000 | 0.000 |   6.591 |   -0.394 | 
     | FE_RC_4931_0             | A ^ -> Y v   | INVX1   | FE_RN_1217            |        | 0.089 | 0.104 | 0.102 | 0.005 |   6.692 |   -0.293 | 
     | FE_RC_6000_0             |              | NAND2X1 | FE_RN_1217            |      4 | 0.089 | 0.105 | 0.005 | 0.000 |   6.697 |   -0.288 | 
     | FE_RC_6000_0             | B v -> Y ^   | NAND2X1 | FE_RN_608_0           |        | 0.036 | 0.112 | 0.091 | 0.000 |   6.788 |   -0.197 | 
     | FE_OCPC4260_FE_RN_608_0  |              | INVX1   | FE_RN_608_0           |      2 | 0.036 | 0.112 | 0.002 | 0.000 |   6.790 |   -0.195 | 
     | FE_OCPC4260_FE_RN_608_0  | A ^ -> Y v   | INVX1   | FE_RN_734             |        | 0.128 | 0.152 | 0.137 | 0.000 |   6.927 |   -0.058 | 
     | U19312                   |              | NAND2X1 | FE_RN_734             |      3 | 0.128 | 0.153 | 0.006 | 0.000 |   6.933 |   -0.052 | 
     | U19312                   | B v -> Y ^   | NAND2X1 | n18547                |        | 0.017 | 0.095 | 0.077 | 0.000 |   7.010 |    0.025 | 
     | U19317                   |              | NAND3X1 | n18547                |      1 | 0.017 | 0.095 | 0.001 | 0.000 |   7.011 |    0.026 | 
     | U19317                   | A ^ -> Y v   | NAND3X1 | n18548                |        | 0.107 | 0.357 | 0.437 | 0.152 |   7.448 |    0.463 | 
     | FE_OCPC2387_n18548       |              | INVX1   | n18548                |      1 | 0.107 | 0.357 | 0.022 | 0.002 |   7.470 |    0.485 | 
     | FE_OCPC2387_n18548       | A v -> Y ^   | INVX1   | FE_RN_2391_0          |        | 0.109 | 0.264 | 0.310 | 0.057 |   7.781 |    0.796 | 
     | FE_RC_6830_0             |              | NAND2X1 | FE_RN_2391_0          |      2 | 0.109 | 0.267 | 0.025 | 0.003 |   7.806 |    0.821 | 
     | FE_RC_6830_0             | A ^ -> Y v   | NAND2X1 | FE_RN_1558_0          |        | 0.061 | 0.158 | 0.194 | 0.025 |   8.000 |    1.015 | 
     | FE_OCPC2233_FE_RN_1558_0 |              | INVX1   | FE_RN_1558_0          |      1 | 0.061 | 0.158 | 0.007 | 0.001 |   8.007 |    1.022 | 
     | FE_OCPC2233_FE_RN_1558_0 | A v -> Y ^   | INVX1   | FE_RN_2361_1          |        | 0.119 | 0.229 | 0.224 | 0.019 |   8.231 |    1.246 | 
     | FE_RC_6102_0             |              | INVX1   | FE_RN_2361_1          |      2 | 0.119 | 0.230 | 0.013 | 0.002 |   8.244 |    1.259 | 
     | FE_RC_6102_0             | A ^ -> Y v   | INVX1   | FE_RN_3040_0          |        | 0.101 | 0.150 | 0.149 | 0.000 |   8.394 |    1.409 | 
     | FE_RC_2793_0             |              | NOR2X1  | FE_RN_3040_0          |      3 | 0.101 | 0.150 | 0.006 | 0.000 |   8.400 |    1.415 | 
     | FE_RC_2793_0             | A v -> Y ^   | NOR2X1  | FE_RN_1609_0          |        | 0.068 | 0.287 | 0.323 | 0.065 |   8.723 |    1.738 | 
     | FE_RC_2794_0             |              | INVX1   | FE_RN_1609_0          |      1 | 0.068 | 0.287 | 0.008 | 0.000 |   8.732 |    1.747 | 
     | FE_RC_2794_0             | A ^ -> Y v   | INVX1   | FE_OFN18561_n         |        | 0.133 | 0.195 | 0.188 | 0.000 |   8.920 |    1.935 | 
     | U19387                   |              | NAND2X1 | FE_OFN18561_n         |      4 | 0.133 | 0.195 | 0.003 | 0.000 |   8.923 |    1.938 | 
     | U19387                   | B v -> Y ^   | NAND2X1 | n18597                |        | 0.085 | 0.209 | 0.219 | 0.032 |   9.142 |    2.157 | 
     | U19388                   |              | NAND2X1 | n18597                |      1 | 0.085 | 0.209 | 0.010 | 0.001 |   9.152 |    2.167 | 
     | U19388                   | B ^ -> Y v   | NAND2X1 | n8255                 |        | 0.050 | 0.128 | 0.151 | 0.015 |   9.303 |    2.318 | 
     | rf_reg[20][7]            |              | DFFX1   | n8255                 |      1 | 0.050 | 0.128 | 0.005 | 0.000 |   9.308 |    2.323 | 
     +-----------------------------------------------------------------------------------------------------------------------------------------+ 
Path 9: VIOLATED Setup Check with Pin q_reg[6]/CLK 
Endpoint:   q_reg[6]/D      (^) checked with  leading edge of 'clk'
Beginpoint: rf_reg[29][1]/Q (v) triggered by  leading edge of 'clk'
Path Groups: {clk}
Analysis View: setup_func
Other End Arrival Time          0.982
- Setup                         0.157
+ Phase Shift                   1.250
- Uncertainty                   0.125
= Required Time                 1.950
- Arrival Time                  8.918
= Slack Time                   -6.968
     Clock Rise Edge                 0.000
     + Clock Network Latency (Prop)  1.286
     = Beginpoint Arrival Time       1.286
     +----------------------------------------------------------------------------------------------------------------------------------------------------------------------------------+ 
     |                  Instance                  |     Arc      |  Cell   |                     Net                      | Fanout |  Load |  Slew | Delay |  Incr | Arrival | Required | 
     |                                            |              |         |                                              |        |       |       |       | Delay |  Time   |   Time   | 
     |--------------------------------------------+--------------+---------+----------------------------------------------+--------+-------+-------+-------+-------+---------+----------| 
     | rf_reg[29][1]                              | CLK ^        |         | CTS_102                                      |     12 | 0.461 | 0.869 |       |       |   1.286 |   -5.682 | 
     | rf_reg[29][1]                              | CLK ^ -> Q v | DFFX1   | rf[29][1]                                    |        | 0.021 | 0.077 | 0.413 | 0.019 |   1.699 |   -5.269 | 
     | FE_PSBC80_rf_29__1                         |              | INVX1   | rf[29][1]                                    |      1 | 0.021 | 0.077 | 0.000 | 0.000 |   1.699 |   -5.269 | 
     | FE_PSBC80_rf_29__1                         | A v -> Y ^   | INVX1   | FE_PSBN17157_rf_29__1                        |        | 0.363 | 0.699 | 0.401 | 0.018 |   2.100 |   -4.868 | 
     | U11369                                     |              | NOR2X1  | FE_PSBN17157_rf_29__1                        |      2 | 0.363 | 0.726 | 0.236 | 0.076 |   2.336 |   -4.632 | 
     | U11369                                     | B ^ -> Y v   | NOR2X1  | n12187                                       |        | 0.012 | 0.124 | 0.036 | 0.000 |   2.372 |   -4.596 | 
     | FE_RC_534_0                                |              | NOR3X1  | n12187                                       |      1 | 0.012 | 0.124 | 0.000 | 0.000 |   2.373 |   -4.596 | 
     | FE_RC_534_0                                | C v -> Y ^   | NOR3X1  | FE_RN_305_0                                  |        | 0.033 | 0.245 | 0.192 | 0.014 |   2.565 |   -4.404 | 
     | FE_RC_533_1_dup                            |              | NAND3X1 | FE_RN_305_0                                  |      2 | 0.033 | 0.246 | 0.001 | 0.000 |   2.566 |   -4.403 | 
     | FE_RC_533_1_dup                            | C ^ -> Y v   | NAND3X1 | FE_RN_513                                    |        | 0.029 | 0.124 | 0.131 | 0.000 |   2.697 |   -4.272 | 
     | FE_PSBC76_FE_RN_513                        |              | INVX1   | FE_RN_513                                    |      2 | 0.029 | 0.124 | 0.001 | 0.000 |   2.697 |   -4.271 | 
     | FE_PSBC76_FE_RN_513                        | A v -> Y ^   | INVX1   | FE_PSBN17153_FE_RN_513                       |        | 0.012 | 0.049 | 0.055 | 0.000 |   2.752 |   -4.216 | 
     | FE_PSBC103_FE_RN_513                       |              | INVX1   | FE_PSBN17153_FE_RN_513                       |      1 | 0.012 | 0.049 | 0.000 | 0.000 |   2.752 |   -4.216 | 
     | FE_PSBC103_FE_RN_513                       | A ^ -> Y v   | INVX1   | FE_PSBN17180_n                               |        | 0.135 | 0.157 | 0.112 | 0.000 |   2.864 |   -4.104 | 
     | FE_PSBC102_FE_RN_513                       |              | BUFX1   | FE_PSBN17180_n                               |      1 | 0.135 | 0.161 | 0.030 | 0.000 |   2.894 |   -4.074 | 
     | FE_PSBC102_FE_RN_513                       | A v -> Y v   | BUFX1   | FE_PSBN17179_n                               |        | 0.215 | 0.206 | 0.214 | 0.009 |   3.108 |   -3.860 | 
     | FE_PSBC101_FE_RN_513                       |              | INVX1   | FE_PSBN17179_n                               |      1 | 0.215 | 0.223 | 0.072 | 0.011 |   3.181 |   -3.787 | 
     | FE_PSBC101_FE_RN_513                       | A v -> Y ^   | INVX1   | FE_PSBN17178_n                               |        | 0.119 | 0.247 | 0.246 | 0.025 |   3.427 |   -3.541 | 
     | FE_RC_7317_0                               |              | NAND2X1 | FE_PSBN17178_n                               |      4 | 0.119 | 0.252 | 0.020 | 0.000 |   3.447 |   -3.521 | 
     | FE_RC_7317_0                               | A ^ -> Y v   | NAND2X1 | n11075                                       |        | 0.019 | 0.078 | 0.088 | 0.000 |   3.536 |   -3.433 | 
     | U12376_dup                                 |              | NAND2X1 | n11075                                       |      1 | 0.019 | 0.078 | 0.001 | 0.000 |   3.536 |   -3.432 | 
     | U12376_dup                                 | B v -> Y ^   | NAND2X1 | FE_RN_564                                    |        | 0.053 | 0.275 | 0.099 | 0.000 |   3.636 |   -3.332 | 
     | FE_PSBC35_FE_RN_564                        |              | BUFX1   | FE_RN_564                                    |      3 | 0.053 | 0.275 | 0.004 | 0.000 |   3.640 |   -3.329 | 
     | FE_PSBC35_FE_RN_564                        | A ^ -> Y ^   | BUFX1   | FE_PSBN35_FE_RN_564                          |        | 0.055 | 0.106 | 0.167 | 0.020 |   3.807 |   -3.161 | 
     | FE_OCPC3453_n11778_dup                     |              | INVX1   | FE_PSBN35_FE_RN_564                          |      1 | 0.055 | 0.106 | 0.003 | 0.000 |   3.810 |   -3.158 | 
     | FE_OCPC3453_n11778_dup                     | A ^ -> Y v   | INVX1   | FE_RN_809                                    |        | 0.066 | 0.084 | 0.086 | 0.000 |   3.896 |   -3.072 | 
     | FE_RC_6828_0                               |              | INVX1   | FE_RN_809                                    |      3 | 0.066 | 0.085 | 0.004 | 0.000 |   3.900 |   -3.068 | 
     | FE_RC_6828_0                               | A v -> Y ^   | INVX1   | FE_RN_25                                     |        | 0.095 | 0.176 | 0.174 | 0.029 |   4.074 |   -2.894 | 
     | FE_RC_4424_0                               |              | INVX1   | FE_RN_25                                     |      3 | 0.095 | 0.177 | 0.012 | 0.001 |   4.086 |   -2.882 | 
     | FE_RC_4424_0                               | A ^ -> Y v   | INVX1   | FE_RN_89                                     |        | 0.264 | 0.303 | 0.225 | 0.000 |   4.311 |   -2.658 | 
     | U9295_dup                                  |              | NAND2X1 | FE_RN_89                                     |      6 | 0.264 | 0.318 | 0.045 | 0.000 |   4.356 |   -2.612 | 
     | U9295_dup                                  | B v -> Y ^   | NAND2X1 | FE_RN_559                                    |        | 0.020 | 0.108 | 0.118 | 0.008 |   4.474 |   -2.494 | 
     | U11775                                     |              | NAND2X1 | FE_RN_559                                    |      1 | 0.020 | 0.108 | 0.000 | 0.000 |   4.474 |   -2.494 | 
     | U11775                                     | B ^ -> Y v   | NAND2X1 | n10604                                       |        | 0.160 | 0.341 | 0.250 | 0.000 |   4.724 |   -2.244 | 
     | FE_RC_6000_1                               |              | INVX1   | n10604                                       |      3 | 0.160 | 0.341 | 0.010 | 0.000 |   4.734 |   -2.234 | 
     | FE_RC_6000_1                               | A v -> Y ^   | INVX1   | FE_RN_3127_0                                 |        | 0.130 | 0.292 | 0.280 | 0.000 |   5.014 |   -1.954 | 
     | FE_RC_5998_0                               |              | OR2X1   | FE_RN_3127_0                                 |      1 | 0.130 | 0.292 | 0.017 | 0.000 |   5.031 |   -1.937 | 
     | FE_RC_5998_0                               | A ^ -> Y ^   | OR2X1   | n16169                                       |        | 0.013 | 0.035 | 0.111 | 0.000 |   5.142 |   -1.826 | 
     | U10138                                     |              | NAND3X1 | n16169                                       |      1 | 0.013 | 0.035 | 0.000 | 0.000 |   5.143 |   -1.825 | 
     | U10138                                     | B ^ -> Y v   | NAND3X1 | n10603                                       |        | 0.029 | 0.182 | 0.093 | 0.000 |   5.236 |   -1.732 | 
     | FE_RC_1574_0                               |              | NAND2X1 | n10603                                       |      2 | 0.029 | 0.182 | 0.001 | 0.000 |   5.237 |   -1.732 | 
     | FE_RC_1574_0                               | B v -> Y ^   | NAND2X1 | FE_RN_963_0                                  |        | 0.262 | 0.527 | 0.432 | 0.058 |   5.668 |   -1.300 | 
     | FE_RC_1573_0                               |              | NAND2X1 | FE_RN_963_0                                  |      1 | 0.262 | 0.530 | 0.039 | 0.001 |   5.707 |   -1.261 | 
     | FE_RC_1573_0                               | B ^ -> Y v   | NAND2X1 | n10545                                       |        | 0.213 | 0.482 | 0.445 | 0.000 |   6.152 |   -0.816 | 
     | FE_RC_374_0                                |              | NAND2X1 | n10545                                       |      1 | 0.213 | 0.484 | 0.035 | 0.000 |   6.187 |   -0.781 | 
     | FE_RC_374_0                                | A v -> Y ^   | NAND2X1 | FE_RN_189_1                                  |        | 0.030 | 0.174 | 0.176 | 0.000 |   6.363 |   -0.605 | 
     | FE_COEC20_FE_RN_189_1                      |              | BUFX1   | FE_RN_189_1                                  |      1 | 0.030 | 0.174 | 0.002 | 0.000 |   6.365 |   -0.603 | 
     | FE_COEC20_FE_RN_189_1                      | A ^ -> Y ^   | BUFX1   | FE_COEN20_FE_RN_189_1                        |        | 0.150 | 0.277 | 0.257 | 0.017 |   6.622 |   -0.346 | 
     | FE_RC_2002_0                               |              | NAND3X1 | FE_COEN20_FE_RN_189_1                        |      2 | 0.150 | 0.279 | 0.014 | 0.000 |   6.636 |   -0.332 | 
     | FE_RC_2002_0                               | A ^ -> Y v   | NAND3X1 | FE_RN_1885_0                                 |        | 0.039 | 0.159 | 0.232 | 0.062 |   6.868 |   -0.100 | 
     | FE_RC_3424_0                               |              | NAND2X1 | FE_RN_1885_0                                 |      1 | 0.039 | 0.160 | 0.003 | 0.000 |   6.871 |   -0.098 | 
     | FE_RC_3424_0                               | B v -> Y ^   | NAND2X1 | FE_RN_1873_0                                 |        | 0.012 | 0.064 | 0.066 | 0.000 |   6.937 |   -0.031 | 
     | FE_RC_3423_0                               |              | NOR2X1  | FE_RN_1873_0                                 |      1 | 0.012 | 0.064 | 0.000 | 0.000 |   6.937 |   -0.031 | 
     | FE_RC_3423_0                               | B ^ -> Y v   | NOR2X1  | FE_RN_1874_0                                 |        | 0.021 | 0.058 | 0.045 | 0.000 |   6.982 |    0.014 | 
     | FE_RC_5527_1                               |              | AND3X1  | FE_RN_1874_0                                 |      1 | 0.021 | 0.058 | 0.001 | 0.000 |   6.983 |    0.014 | 
     | FE_RC_5527_1                               | C v -> Y v   | AND3X1  | FE_RN_1876_0                                 |        | 0.030 | 0.044 | 0.107 | 0.009 |   7.090 |    0.122 | 
     | FE_RC_5613_0                               |              | AND2X1  | FE_RN_1876_0                                 |      1 | 0.030 | 0.044 | 0.002 | 0.000 |   7.092 |    0.123 | 
     | FE_RC_5613_0                               | B v -> Y v   | AND2X1  | FE_RN_2966_1                                 |        | 0.040 | 0.051 | 0.094 | 0.000 |   7.185 |    0.217 | 
     | FE_RC_6949_0                               |              | AND2X1  | FE_RN_2966_1                                 |      3 | 0.040 | 0.051 | 0.001 | 0.000 |   7.186 |    0.218 | 
     | FE_RC_6949_0                               | A v -> Y v   | AND2X1  | FE_RN_3729_0                                 |        | 0.012 | 0.022 | 0.074 | 0.000 |   7.260 |    0.292 | 
     | FE_RC_6947_0                               |              | NAND2X1 | FE_RN_3729_0                                 |      1 | 0.012 | 0.022 | 0.000 | 0.000 |   7.261 |    0.292 | 
     | FE_RC_6947_0                               | A v -> Y ^   | NAND2X1 | FE_RN_3730_0                                 |        | 0.017 | 0.043 | 0.047 | 0.002 |   7.307 |    0.339 | 
     | FE_RC_6948_0                               |              | INVX1   | FE_RN_3730_0                                 |      1 | 0.017 | 0.043 | 0.001 | 0.000 |   7.308 |    0.340 | 
     | FE_RC_6948_0                               | A ^ -> Y v   | INVX1   | FE_RN_2147_0                                 |        | 0.035 | 0.043 | 0.046 | 0.000 |   7.354 |    0.386 | 
     | FE_RC_7305_0                               |              | AND3X1  | FE_RN_2147_0                                 |      1 | 0.035 | 0.043 | 0.002 | 0.000 |   7.356 |    0.388 | 
     | FE_RC_7305_0                               | A v -> Y v   | AND3X1  | FE_RN_3873_0                                 |        | 0.016 | 0.026 | 0.085 | 0.000 |   7.441 |    0.473 | 
     | FE_PSBC42_FE_RN_3873_0                     |              | INVX1   | FE_RN_3873_0                                 |      1 | 0.016 | 0.026 | 0.001 | 0.000 |   7.442 |    0.474 | 
     | FE_PSBC42_FE_RN_3873_0                     | A v -> Y ^   | INVX1   | FE_PSBN42_FE_RN_3873_0                       |        | 0.200 | 0.381 | 0.269 | 0.051 |   7.711 |    0.743 | 
     | FE_RC_67_1_dup                             |              | NAND2X1 | FE_PSBN42_FE_RN_3873_0                       |      3 | 0.200 | 0.386 | 0.055 | 0.002 |   7.766 |    0.798 | 
     | FE_RC_67_1_dup                             | B ^ -> Y v   | NAND2X1 | FE_RN_11                                     |        | 0.082 | 0.245 | 0.228 | 0.011 |   7.994 |    1.026 | 
     | FE_RC_6141_1                               |              | AND2X1  | FE_RN_11                                     |      5 | 0.082 | 0.246 | 0.004 | 0.000 |   7.998 |    1.030 | 
     | FE_RC_6141_1                               | B v -> Y v   | AND2X1  | FE_OCPN19319_FE_OFN16599_n17488              |        | 0.078 | 0.098 | 0.201 | 0.021 |   8.199 |    1.231 | 
     | FE_PSBC110_FE_OCPN19319_FE_OFN16599_n17488 |              | INVX1   | FE_OCPN19319_FE_OFN16599_n17488              |      2 | 0.078 | 0.099 | 0.008 | 0.001 |   8.207 |    1.239 | 
     | FE_PSBC110_FE_OCPN19319_FE_OFN16599_n17488 | A v -> Y ^   | INVX1   | FE_PSBN17187_FE_OCPN19319_FE_OFN16599_n17488 |        | 0.148 | 0.281 | 0.214 | 0.013 |   8.420 |    1.452 | 
     | FE_PSBC109_FE_OCPN19319_FE_OFN16599_n17488 |              | BUFX1   | FE_PSBN17187_FE_OCPN19319_FE_OFN16599_n17488 |      2 | 0.148 | 0.285 | 0.035 | 0.000 |   8.455 |    1.487 | 
     | FE_PSBC109_FE_OCPN19319_FE_OFN16599_n17488 | A ^ -> Y ^   | BUFX1   | FE_PSBN17186_FE_OCPN19319_FE_OFN16599_n17488 |        | 0.104 | 0.194 | 0.234 | 0.037 |   8.689 |    1.721 | 
     | U17226                                     |              | NAND2X1 | FE_PSBN17186_FE_OCPN19319_FE_OFN16599_n17488 |      6 | 0.104 | 0.196 | 0.008 | 0.001 |   8.697 |    1.729 | 
     | U17226                                     | B ^ -> Y v   | NAND2X1 | n16777                                       |        | 0.027 | 0.089 | 0.114 | 0.017 |   8.811 |    1.843 | 
     | U17227                                     |              | NAND3X1 | n16777                                       |      1 | 0.027 | 0.089 | 0.001 | 0.000 |   8.812 |    1.844 | 
     | U17227                                     | B v -> Y ^   | NAND3X1 | PCNext[6]                                    |        | 0.029 | 0.108 | 0.105 | 0.016 |   8.917 |    1.949 | 
     | q_reg[6]                                   |              | DFFRNX1 | PCNext[6]                                    |      1 | 0.029 | 0.108 | 0.001 | 0.000 |   8.918 |    1.950 | 
     +----------------------------------------------------------------------------------------------------------------------------------------------------------------------------------+ 
Path 10: VIOLATED Late External Delay Assertion 
Endpoint:   WriteData[2]    (v) checked with  leading edge of 'clk'
Beginpoint: rf_reg[31][1]/Q (v) triggered by  leading edge of 'clk'
Path Groups: {clk}
Analysis View: setup_func
Other End Arrival Time          0.000
- External Delay                0.000
+ Phase Shift                   1.250
- Uncertainty                   0.125
= Required Time                 1.125
- Arrival Time                  8.080
= Slack Time                   -6.955
     Clock Rise Edge                 0.000
     + Clock Network Latency (Prop)  1.427
     = Beginpoint Arrival Time       1.427
     +--------------------------------------------------------------------------------------------------------------------------------------------------+ 
     |           Instance           |     Arc      |    Cell     |          Net          | Fanout |  Load |  Slew | Delay |  Incr  | Arrival | Required | 
     |                              |              |             |                       |        |       |       |       |  Delay |  Time   |   Time   | 
     |------------------------------+--------------+-------------+-----------------------+--------+-------+-------+-------+--------+---------+----------| 
     | rf_reg[31][1]                | CLK ^        |             | CTS_98                |     12 | 0.603 | 1.137 |       |        |   1.427 |   -5.527 | 
     | rf_reg[31][1]                | CLK ^ -> Q v | DFFX1       | rf[31][1]             |        | 0.116 | 0.285 | 0.759 |  0.054 |   2.186 |   -4.768 | 
     | U13569                       |              | NAND2X1     | rf[31][1]             |      3 | 0.116 | 0.289 | 0.020 |  0.000 |   2.207 |   -4.748 | 
     | U13569                       | B v -> Y ^   | NAND2X1     | n12195                |        | 0.025 | 0.186 | 0.115 |  0.000 |   2.322 |   -4.632 | 
     | FE_RC_4696_1                 |              | AND2X1      | n12195                |      2 | 0.025 | 0.186 | 0.001 |  0.000 |   2.323 |   -4.632 | 
     | FE_RC_4696_1                 | A ^ -> Y ^   | AND2X1      | FE_RN_89_1            |        | 0.216 | 0.413 | 0.368 |  0.060 |   2.691 |   -4.264 | 
     | FE_RC_6700_0                 |              | INVX1       | FE_RN_89_1            |      2 | 0.216 | 0.426 | 0.110 |  0.022 |   2.800 |   -4.154 | 
     | FE_RC_6700_0                 | A ^ -> Y v   | INVX1       | FE_RN_3634_0          |        | 0.202 | 0.291 | 0.340 |  0.079 |   3.141 |   -3.814 | 
     | FE_RC_6699_0                 |              | NOR2X1      | FE_RN_3634_0          |      1 | 0.202 | 0.307 | 0.072 |  0.006 |   3.213 |   -3.742 | 
     | FE_RC_6699_0                 | B v -> Y ^   | NOR2X1      | FE_RN_3635_0          |        | 0.017 | 0.128 | 0.135 |  0.000 |   3.347 |   -3.607 | 
     | FE_RC_6698_0                 |              | AOI3X1      | FE_RN_3635_0          |      1 | 0.017 | 0.128 | 0.000 |  0.000 |   3.347 |   -3.607 | 
     | FE_RC_6698_0                 | B ^ -> YN ^  | AOI3X1      | FE_RN_532_1           |        | 0.040 | 0.169 | 0.215 |  0.011 |   3.563 |   -3.392 | 
     | FE_RC_6697_0                 |              | AND3X1      | FE_RN_532_1           |      2 | 0.040 | 0.169 | 0.002 |  0.000 |   3.565 |   -3.390 | 
     | FE_RC_6697_0                 | C ^ -> Y ^   | AND3X1      | FE_RN_54              |        | 0.090 | 0.166 | 0.241 |  0.018 |   3.806 |   -3.149 | 
     | U12492                       |              | NAND2X1     | FE_RN_54              |      2 | 0.090 | 0.167 | 0.010 |  0.000 |   3.816 |   -3.138 | 
     | U12492                       | B ^ -> Y v   | NAND2X1     | n11172                |        | 0.138 | 0.329 | 0.254 |  0.012 |   4.070 |   -2.885 | 
     | U9901                        |              | NAND3X1     | n11172                |      2 | 0.138 | 0.330 | 0.017 |  0.002 |   4.087 |   -2.867 | 
     | U9901                        | C v -> Y ^   | NAND3X1     | n9250                 |        | 0.093 | 0.265 | 0.337 |  0.088 |   4.425 |   -2.530 | 
     | U9900                        |              | INVX1       | n9250                 |      1 | 0.093 | 0.266 | 0.012 |  0.002 |   4.437 |   -2.518 | 
     | U9900                        | A ^ -> Y v   | INVX1       | n9249                 |        | 0.091 | 0.150 | 0.161 |  0.014 |   4.598 |   -2.357 | 
     | U9899_dup                    |              | NAND2X1     | n9249                 |      1 | 0.091 | 0.152 | 0.011 |  0.000 |   4.608 |   -2.346 | 
     | U9899_dup                    | B v -> Y ^   | NAND2X1     | FE_RN_150             |        | 0.055 | 0.156 | 0.146 |  0.016 |   4.754 |   -2.200 | 
     | U11311                       |              | NAND2X1     | FE_RN_150             |      4 | 0.055 | 0.157 | 0.002 |  0.000 |   4.756 |   -2.199 | 
     | U11311                       | A ^ -> Y v   | NAND2X1     | n15858                |        | 0.036 | 0.096 | 0.118 |  0.013 |   4.874 |   -2.080 | 
     | FE_RC_3725_0                 |              | INVX1       | n15858                |      2 | 0.036 | 0.097 | 0.001 |  0.000 |   4.875 |   -2.079 | 
     | FE_RC_3725_0                 | A v -> Y ^   | INVX1       | FE_RN_2061_0          |        | 0.017 | 0.051 | 0.058 |  0.000 |   4.934 |   -2.021 | 
     | FE_RC_3724_1                 |              | NAND2X1     | FE_RN_2061_0          |      1 | 0.017 | 0.051 | 0.000 |  0.000 |   4.934 |   -2.021 | 
     | FE_RC_3724_1                 | B ^ -> Y v   | NAND2X1     | FE_RN_2062_1          |        | 0.011 | 0.039 | 0.039 |  0.000 |   4.973 |   -1.982 | 
     | FE_RC_3723_1                 |              | NAND2X1     | FE_RN_2062_1          |      1 | 0.011 | 0.039 | 0.000 |  0.000 |   4.973 |   -1.982 | 
     | FE_RC_3723_1                 | B v -> Y ^   | NAND2X1     | n15859                |        | 0.012 | 0.047 | 0.037 |  0.000 |   5.010 |   -1.944 | 
     | U10603                       |              | NAND2X1     | n15859                |      1 | 0.012 | 0.047 | 0.000 |  0.000 |   5.010 |   -1.944 | 
     | U10603                       | B ^ -> Y v   | NAND2X1     | n9718                 |        | 0.014 | 0.196 | 0.043 |  0.000 |   5.054 |   -1.901 | 
     | U8924                        |              | AND3X1      | n9718                 |      1 | 0.014 | 0.196 | 0.000 |  0.000 |   5.054 |   -1.900 | 
     | U8924                        | C v -> Y v   | AND3X1      | n8639                 |        | 0.019 | 0.035 | 0.124 |  0.000 |   5.179 |   -1.776 | 
     | U9367                        |              | NAND3X1     | n8639                 |      1 | 0.019 | 0.035 | 0.001 |  0.000 |   5.180 |   -1.775 | 
     | U9367                        | C v -> Y ^   | NAND3X1     | n8917                 |        | 0.014 | 0.059 | 0.043 |  0.000 |   5.223 |   -1.732 | 
     | FE_PSBC78_n8917              |              | INVX1       | n8917                 |      1 | 0.014 | 0.059 | 0.000 |  0.000 |   5.223 |   -1.732 | 
     | FE_PSBC78_n8917              | A ^ -> Y v   | INVX1       | FE_PSBN17155_n8917    |        | 0.042 | 0.052 | 0.056 |  0.000 |   5.279 |   -1.676 | 
     | FE_PSBC77_n8917              |              | INVX1       | FE_PSBN17155_n8917    |      1 | 0.042 | 0.053 | 0.003 |  0.000 |   5.282 |   -1.673 | 
     | FE_PSBC77_n8917              | A v -> Y ^   | INVX1       | FE_PSBN17154_n8917    |        | 0.143 | 0.269 | 0.236 |  0.061 |   5.518 |   -1.437 | 
     | U9366                        |              | INVX1       | FE_PSBN17154_n8917    |      1 | 0.143 | 0.273 | 0.040 |  0.004 |   5.558 |   -1.396 | 
     | U9366                        | A ^ -> Y v   | INVX1       | n10508                |        | 0.150 | 0.213 | 0.189 |  0.000 |   5.747 |   -1.208 | 
     | U11438_dup                   |              | NAND2X1     | n10508                |      2 | 0.150 | 0.222 | 0.040 |  0.000 |   5.787 |   -1.168 | 
     | U11438_dup                   | A v -> Y ^   | NAND2X1     | FE_RN_21              |        | 0.014 | 0.090 | 0.093 |  0.000 |   5.880 |   -1.074 | 
     | FE_PSBC88_FE_RN_21           |              | BUFX1       | FE_RN_21              |      1 | 0.014 | 0.090 | 0.000 |  0.000 |   5.880 |   -1.074 | 
     | FE_PSBC88_FE_RN_21           | A ^ -> Y ^   | BUFX1       | FE_PSBN17165_FE_RN_21 |        | 0.115 | 0.219 | 0.294 |  0.110 |   6.175 |   -0.780 | 
     | FE_OCPC4011_FE_RN_21         |              | INVX1       | FE_PSBN17165_FE_RN_21 |      1 | 0.115 | 0.221 | 0.027 |  0.006 |   6.202 |   -0.753 | 
     | FE_OCPC4011_FE_RN_21         | A ^ -> Y v   | INVX1       | FE_RN_1718_0          |        | 0.130 | 0.179 | 0.197 |  0.031 |   6.398 |   -0.557 | 
     | FE_RC_5854_1                 |              | AND2X1      | FE_RN_1718_0          |      4 | 0.130 | 0.183 | 0.021 |  0.002 |   6.420 |   -0.535 | 
     | FE_RC_5854_1                 | A v -> Y v   | AND2X1      | FE_OFN331_n10506      |        | 0.037 | 0.048 | 0.136 |  0.000 |   6.556 |   -0.399 | 
     | FE_OCPC3653_FE_OFN331_n10506 |              | INVX1       | FE_OFN331_n10506      |      2 | 0.037 | 0.048 | 0.002 |  0.000 |   6.558 |   -0.397 | 
     | FE_OCPC3653_FE_OFN331_n10506 | A v -> Y ^   | INVX1       | FE_OCPN18761_n10506   |        | 0.121 | 0.218 | 0.169 |  0.013 |   6.727 |   -0.228 | 
     | U17527                       |              | NAND2X1     | FE_OCPN18761_n10506   |      6 | 0.121 | 0.220 | 0.006 | -0.000 |   6.733 |   -0.221 | 
     | U17527                       | B ^ -> Y v   | NAND2X1     | n17002                |        | 0.068 | 0.150 | 0.159 |  0.000 |   6.892 |   -0.063 | 
     | U17532                       |              | AND2X1      | n17002                |      5 | 0.068 | 0.150 | 0.001 |  0.000 |   6.893 |   -0.062 | 
     | U17532                       | B v -> Y v   | AND2X1      | n17152                |        | 0.200 | 0.231 | 0.247 |  0.000 |   7.140 |    0.185 | 
     | FE_RC_2928_0                 |              | INVX1       | n17152                |     10 | 0.200 | 0.233 | 0.012 |  0.000 |   7.152 |    0.197 | 
     | FE_RC_2928_0                 | A v -> Y ^   | INVX1       | FE_RN_1672_1          |        | 0.040 | 0.117 | 0.139 |  0.012 |   7.291 |    0.336 | 
     | FE_RC_4111_1                 |              | AND2X1      | FE_RN_1672_1          |      1 | 0.040 | 0.117 | 0.003 |  0.000 |   7.293 |    0.339 | 
     | FE_RC_4111_1                 | A ^ -> Y ^   | AND2X1      | FE_OCPN19872_n17067   |        | 0.081 | 0.159 | 0.187 |  0.012 |   7.480 |    0.526 | 
     | U17554                       |              | NOR2X1      | FE_OCPN19872_n17067   |      5 | 0.081 | 0.160 | 0.007 |  0.000 |   7.487 |    0.532 | 
     | U17554                       | B ^ -> Y v   | NOR2X1      | n17026                |        | 0.014 | 0.048 | 0.047 |  0.000 |   7.534 |    0.579 | 
     | FE_RC_5237_0                 |              | NOR3X1      | n17026                |      1 | 0.014 | 0.048 | 0.000 |  0.000 |   7.534 |    0.580 | 
     | FE_RC_5237_0                 | A v -> Y ^   | NOR3X1      | FE_RN_2803_1          |        | 0.051 | 0.365 | 0.432 |  0.133 |   7.967 |    1.012 | 
     | FE_RC_5238_0                 |              | INVX1       | FE_RN_2803_1          |      1 | 0.051 | 0.365 | 0.003 |  0.000 |   7.969 |    1.015 | 
     | FE_RC_5238_0                 | A ^ -> Y v   | INVX1       | WriteData[2]          |        | 0.044 | 0.120 | 0.109 |  0.000 |   8.078 |    1.123 | 
     |                              |              | riscvsingle | WriteData[2]          |      1 | 0.044 | 0.120 | 0.002 |  0.000 |   8.080 |    1.125 | 
     +--------------------------------------------------------------------------------------------------------------------------------------------------+ 

